Customer ID,Segment,Recency,Frequency,Monetary,SnapshotDate
12357,Exceptional high-value,33,2,17437.66,2011-12-10 12:50:00
12415,Exceptional high-value,24,24,143104.49,2011-12-10 12:50:00
12433,Exceptional high-value,1,10,20581.26,2011-12-10 12:50:00
12482,Exceptional high-value,576,27,21941.72,2011-12-10 12:50:00
12536,Exceptional high-value,59,1,4151.26,2011-12-10 12:50:00
12590,Exceptional high-value,211,1,9338.38,2011-12-10 12:50:00
12688,Exceptional high-value,114,1,4873.8099999999995,2011-12-10 12:50:00
12713,Exceptional high-value,1,1,794.55,2011-12-10 12:50:00
12748,Exceptional high-value,1,318,49482.13,2011-12-10 12:50:00
12752,Exceptional high-value,81,1,4366.78,2011-12-10 12:50:00
12835,Exceptional high-value,428,41,6027.57,2011-12-10 12:50:00
12921,Exceptional high-value,9,73,34831.89,2011-12-10 12:50:00
12931,Exceptional high-value,22,52,71110.08,2011-12-10 12:50:00
12971,Exceptional high-value,4,115,15491.04,2011-12-10 12:50:00
13081,Exceptional high-value,12,28,58339.73,2011-12-10 12:50:00
13089,Exceptional high-value,3,199,113296.69,2011-12-10 12:50:00
13093,Exceptional high-value,276,55,54136.06,2011-12-10 12:50:00
13256,Exceptional high-value,14,1,0.0,2011-12-10 12:50:00
13408,Exceptional high-value,2,106,51266.552,2011-12-10 12:50:00
13564,Exceptional high-value,354,36,16408.75,2011-12-10 12:50:00
13666,Exceptional high-value,60,5,127.05,2011-12-10 12:50:00
13687,Exceptional high-value,438,1,11880.84,2011-12-10 12:50:00
13694,Exceptional high-value,4,142,191441.72,2011-12-10 12:50:00
13788,Exceptional high-value,505,1,3.75,2011-12-10 12:50:00
13798,Exceptional high-value,1,109,73645.86,2011-12-10 12:50:00
13902,Exceptional high-value,632,5,30392.46,2011-12-10 12:50:00
14063,Exceptional high-value,687,7,9471.5,2011-12-10 12:50:00
14088,Exceptional high-value,10,15,63731.63,2011-12-10 12:50:00
14091,Exceptional high-value,654,2,9530.08,2011-12-10 12:50:00
14095,Exceptional high-value,723,1,2.95,2011-12-10 12:50:00
14096,Exceptional high-value,4,17,53258.43,2011-12-10 12:50:00
14156,Exceptional high-value,10,143,298229.5,2011-12-10 12:50:00
14298,Exceptional high-value,8,82,90489.31,2011-12-10 12:50:00
14527,Exceptional high-value,3,121,27324.1,2011-12-10 12:50:00
14606,Exceptional high-value,1,184,29953.04,2011-12-10 12:50:00
14610,Exceptional high-value,396,2,24.35,2011-12-10 12:50:00
14646,Exceptional high-value,2,145,522870.65,2011-12-10 12:50:00
14680,Exceptional high-value,25,57,54723.95,2011-12-10 12:50:00
14792,Exceptional high-value,64,1,6.2,2011-12-10 12:50:00
14911,Exceptional high-value,1,373,262502.76,2011-12-10 12:50:00
15039,Exceptional high-value,10,93,39742.99,2011-12-10 12:50:00
15061,Exceptional high-value,4,126,136382.59,2011-12-10 12:50:00
15098,Exceptional high-value,182,2,39619.5,2011-12-10 12:50:00
15195,Exceptional high-value,3,1,3861.0,2011-12-10 12:50:00
15311,Exceptional high-value,1,207,113514.56,2011-12-10 12:50:00
15359,Exceptional high-value,663,7,165.45,2011-12-10 12:50:00
15516,Exceptional high-value,45,3,62.43,2011-12-10 12:50:00
15581,Exceptional high-value,156,34,4669.0,2011-12-10 12:50:00
15657,Exceptional high-value,23,1,30.0,2011-12-10 12:50:00
15749,Exceptional high-value,235,2,24850.9,2011-12-10 12:50:00
15768,Exceptional high-value,116,34,15601.09,2011-12-10 12:50:00
15769,Exceptional high-value,7,46,84384.82,2011-12-10 12:50:00
15808,Exceptional high-value,306,21,18287.03,2011-12-10 12:50:00
16000,Exceptional high-value,3,3,12393.7,2011-12-10 12:50:00
16029,Exceptional high-value,39,105,99027.03,2011-12-10 12:50:00
16422,Exceptional high-value,17,106,61822.39,2011-12-10 12:50:00
16446,Exceptional high-value,206,1,2.9,2011-12-10 12:50:00
16454,Exceptional high-value,64,2,7.45,2011-12-10 12:50:00
16553,Exceptional high-value,163,33,16556.87,2011-12-10 12:50:00
16684,Exceptional high-value,4,54,141542.24,2011-12-10 12:50:00
16738,Exceptional high-value,298,1,3.75,2011-12-10 12:50:00
16754,Exceptional high-value,372,28,56587.85,2011-12-10 12:50:00
16800,Exceptional high-value,11,1,1201.49,2011-12-10 12:50:00
16953,Exceptional high-value,30,1,20.8,2011-12-10 12:50:00
17377,Exceptional high-value,24,78,18041.87,2011-12-10 12:50:00
17404,Exceptional high-value,4,21,45832.62,2011-12-10 12:50:00
17448,Exceptional high-value,529,41,14411.44,2011-12-10 12:50:00
17450,Exceptional high-value,8,50,235192.73,2011-12-10 12:50:00
17511,Exceptional high-value,3,60,172208.81,2011-12-10 12:50:00
17763,Exceptional high-value,263,4,51.15,2011-12-10 12:50:00
17816,Exceptional high-value,37,6,112.32,2011-12-10 12:50:00
17841,Exceptional high-value,2,211,69595.47,2011-12-10 12:50:00
17850,Exceptional high-value,372,155,56043.33,2011-12-10 12:50:00
17888,Exceptional high-value,38,21,1325.31,2011-12-10 12:50:00
17949,Exceptional high-value,1,106,100323.36,2011-12-10 12:50:00
17961,Exceptional high-value,21,98,2979.09,2011-12-10 12:50:00
17986,Exceptional high-value,56,1,20.8,2011-12-10 12:50:00
17988,Exceptional high-value,12,13,475.74,2011-12-10 12:50:00
18037,Exceptional high-value,154,15,167.42,2011-12-10 12:50:00
18052,Exceptional high-value,565,1,10877.18,2011-12-10 12:50:00
18102,Exceptional high-value,1,145,606243.25,2011-12-10 12:50:00
18251,Exceptional high-value,87,9,26278.86,2011-12-10 12:50:00
12346,Lapsed low-value,529,2,169.36,2011-12-10 12:50:00
12347,Champions,2,8,5633.32,2011-12-10 12:50:00
12348,At-risk established,75,5,1658.3999999999999,2011-12-10 12:50:00
12349,Recent developing,19,3,3678.69,2011-12-10 12:50:00
12350,Lapsed low-value,310,1,294.4,2011-12-10 12:50:00
12351,Lapsed low-value,375,1,300.93,2011-12-10 12:50:00
12352,Champions,36,9,1609.21,2011-12-10 12:50:00
12353,Lapsed low-value,204,2,406.76,2011-12-10 12:50:00
12354,Lapsed low-value,232,1,1079.4,2011-12-10 12:50:00
12355,At-risk established,214,2,947.61,2011-12-10 12:50:00
12356,Champions,23,6,5613.68,2011-12-10 12:50:00
12358,Champions,2,5,3447.07,2011-12-10 12:50:00
12359,Champions,58,10,8672.39,2011-12-10 12:50:00
12360,At-risk established,52,6,3612.89,2011-12-10 12:50:00
12361,At-risk established,287,4,451.25,2011-12-10 12:50:00
12362,Champions,3,10,4665.58,2011-12-10 12:50:00
12363,Lapsed low-value,110,2,552.0,2011-12-10 12:50:00
12364,Recent developing,8,4,1208.1,2011-12-10 12:50:00
12365,Lapsed low-value,291,1,320.69,2011-12-10 12:50:00
12366,Lapsed low-value,634,1,500.24,2011-12-10 12:50:00
12367,Recent developing,4,1,150.9,2011-12-10 12:50:00
12368,Lapsed low-value,628,1,917.6999999999999,2011-12-10 12:50:00
12369,At-risk established,413,3,1511.15,2011-12-10 12:50:00
12370,Champions,51,7,3960.31,2011-12-10 12:50:00
12371,At-risk established,60,4,3347.38,2011-12-10 12:50:00
12372,At-risk established,72,3,1196.04,2011-12-10 12:50:00
12373,At-risk established,311,3,927.6500000000001,2011-12-10 12:50:00
12374,Recent developing,25,3,2669.22,2011-12-10 12:50:00
12375,Recent developing,11,2,375.42,2011-12-10 12:50:00
12376,Lapsed low-value,390,2,383.15,2011-12-10 12:50:00
12377,At-risk established,315,4,3266.32,2011-12-10 12:50:00
12378,At-risk established,130,2,5416.32,2011-12-10 12:50:00
12379,At-risk established,82,4,1468.27,2011-12-10 12:50:00
12380,Champions,22,8,7171.0,2011-12-10 12:50:00
12381,Recent developing,5,3,1433.46,2011-12-10 12:50:00
12383,At-risk established,185,5,1617.31,2011-12-10 12:50:00
12384,Recent developing,29,2,406.16,2011-12-10 12:50:00
12385,At-risk established,379,1,1668.4,2011-12-10 12:50:00
12386,Lapsed low-value,338,2,660.8,2011-12-10 12:50:00
12387,Lapsed low-value,415,1,143.94,2011-12-10 12:50:00
12388,Champions,16,8,3901.11,2011-12-10 12:50:00
12389,At-risk established,403,3,1433.33,2011-12-10 12:50:00
12390,Lapsed low-value,80,1,504.84000000000003,2011-12-10 12:50:00
12391,Champions,22,6,2747.82,2011-12-10 12:50:00
12392,Lapsed low-value,591,1,234.75000000000003,2011-12-10 12:50:00
12393,At-risk established,72,6,2376.75,2011-12-10 12:50:00
12394,Recent developing,64,2,1080.48,2011-12-10 12:50:00
12395,Champions,19,15,4530.92,2011-12-10 12:50:00
12396,Lapsed low-value,674,1,931.43,2011-12-10 12:50:00
12397,Recent developing,36,2,2214.9,2011-12-10 12:50:00
12398,Recent developing,46,1,1435.66,2011-12-10 12:50:00
12399,At-risk established,119,7,1842.3,2011-12-10 12:50:00
12400,Lapsed low-value,414,1,205.25,2011-12-10 12:50:00
12401,Lapsed low-value,303,1,69.3,2011-12-10 12:50:00
12402,At-risk established,323,6,1124.15,2011-12-10 12:50:00
12403,Recent developing,50,2,947.36,2011-12-10 12:50:00
12405,At-risk established,149,1,1390.39,2011-12-10 12:50:00
12406,Champions,22,5,6072.21,2011-12-10 12:50:00
12407,At-risk established,50,5,1507.1200000000001,2011-12-10 12:50:00
12408,Champions,33,8,3859.77,2011-12-10 12:50:00
12409,Champions,79,7,23091.27,2011-12-10 12:50:00
12410,At-risk established,309,3,761.46,2011-12-10 12:50:00
12411,Lapsed low-value,410,1,346.9,2011-12-10 12:50:00
12412,At-risk established,75,6,2389.03,2011-12-10 12:50:00
12413,At-risk established,67,4,861.5,2011-12-10 12:50:00
12414,Lapsed low-value,217,3,442.41,2011-12-10 12:50:00
12416,Lapsed low-value,657,1,202.56,2011-12-10 12:50:00
12417,Champions,3,20,5909.21,2011-12-10 12:50:00
12418,At-risk established,113,4,2016.25,2011-12-10 12:50:00
12419,Lapsed low-value,386,2,391.01,2011-12-10 12:50:00
12420,Recent developing,64,1,600.39,2011-12-10 12:50:00
12421,Recent developing,16,6,869.6,2011-12-10 12:50:00
12422,Champions,96,12,3639.35,2011-12-10 12:50:00
12423,Champions,1,10,2291.19,2011-12-10 12:50:00
12424,At-risk established,163,4,3340.03,2011-12-10 12:50:00
12425,At-risk established,78,2,1680.81,2011-12-10 12:50:00
12426,At-risk established,195,2,1167.41,2011-12-10 12:50:00
12427,Recent developing,22,3,831.87,2011-12-10 12:50:00
12428,Champions,26,8,6362.88,2011-12-10 12:50:00
12429,Champions,9,8,6979.91,2011-12-10 12:50:00
12430,Recent developing,43,1,216.4,2011-12-10 12:50:00
12431,Champions,36,25,10382.57,2011-12-10 12:50:00
12432,At-risk established,43,4,4359.32,2011-12-10 12:50:00
12434,At-risk established,85,3,1062.48,2011-12-10 12:50:00
12435,Champions,80,6,13925.93,2011-12-10 12:50:00
12436,Lapsed low-value,100,1,429.01000000000005,2011-12-10 12:50:00
12437,Champions,2,38,11041.55,2011-12-10 12:50:00
12438,Recent developing,14,2,2466.85,2011-12-10 12:50:00
12439,At-risk established,683,2,1104.48,2011-12-10 12:50:00
12440,Lapsed low-value,462,2,648.15,2011-12-10 12:50:00
12441,Lapsed low-value,367,1,311.1,2011-12-10 12:50:00
12442,Recent developing,3,1,144.06,2011-12-10 12:50:00
12443,Lapsed low-value,732,1,365.31,2011-12-10 12:50:00
12444,Champions,21,5,4085.46,2011-12-10 12:50:00
12445,Recent developing,22,2,370.48,2011-12-10 12:50:00
12446,Recent developing,58,1,1002.3100000000001,2011-12-10 12:50:00
12447,Lapsed low-value,243,1,431.49,2011-12-10 12:50:00
12448,Recent developing,44,1,365.45,2011-12-10 12:50:00
12449,Champions,22,5,4274.89,2011-12-10 12:50:00
12450,At-risk established,156,5,666.95,2011-12-10 12:50:00
12451,Champions,11,8,12445.33,2011-12-10 12:50:00
12452,Recent developing,17,1,348.57,2011-12-10 12:50:00
12453,Lapsed low-value,134,1,707.09,2011-12-10 12:50:00
12454,At-risk established,396,1,4098.96,2011-12-10 12:50:00
12455,Champions,73,9,5722.95,2011-12-10 12:50:00
12456,At-risk established,44,3,2553.89,2011-12-10 12:50:00
12457,At-risk established,66,5,2033.1599999999999,2011-12-10 12:50:00
12458,At-risk established,71,4,1502.49,2011-12-10 12:50:00
12459,Lapsed low-value,605,1,398.36,2011-12-10 12:50:00
12460,Lapsed low-value,456,1,296.65,2011-12-10 12:50:00
12461,Lapsed low-value,155,1,626.88,2011-12-10 12:50:00
12462,Recent developing,19,2,872.01,2011-12-10 12:50:00
12463,At-risk established,53,4,1175.58,2011-12-10 12:50:00
12464,Recent developing,10,8,957.05,2011-12-10 12:50:00
12465,Recent developing,17,2,673.89,2011-12-10 12:50:00
12468,At-risk established,188,5,3204.09,2011-12-10 12:50:00
12469,At-risk established,523,2,3070.54,2011-12-10 12:50:00
12470,Lapsed low-value,690,1,211.95,2011-12-10 12:50:00
12471,Champions,2,71,33372.17,2011-12-10 12:50:00
12472,Champions,32,19,15711.23,2011-12-10 12:50:00
12473,At-risk established,54,3,2555.77,2011-12-10 12:50:00
12474,Champions,17,29,10964.65,2011-12-10 12:50:00
12475,Recent developing,54,2,1065.64,2011-12-10 12:50:00
12476,Champions,16,18,11949.88,2011-12-10 12:50:00
12477,Champions,23,9,20184.64,2011-12-10 12:50:00
12478,Recent developing,4,1,545.99,2011-12-10 12:50:00
12479,Recent developing,11,1,423.3,2011-12-10 12:50:00
12480,Champions,28,7,4805.1,2011-12-10 12:50:00
12481,Champions,23,14,11047.03,2011-12-10 12:50:00
12483,Champions,17,19,4031.33,2011-12-10 12:50:00
12484,Champions,35,9,5510.2,2011-12-10 12:50:00
12485,Lapsed low-value,529,1,708.1,2011-12-10 12:50:00
12486,Lapsed low-value,432,1,917.28,2011-12-10 12:50:00
12487,Lapsed low-value,731,1,285.29999999999995,2011-12-10 12:50:00
12488,Recent developing,10,3,1244.66,2011-12-10 12:50:00
12489,Lapsed low-value,336,1,298.93,2011-12-10 12:50:00
12490,Champions,5,20,8759.64,2011-12-10 12:50:00
12491,Recent developing,39,1,424.40000000000003,2011-12-10 12:50:00
12492,Recent developing,63,3,607.21,2011-12-10 12:50:00
12493,Lapsed low-value,166,2,362.79,2011-12-10 12:50:00
12494,Champions,16,9,1496.47,2011-12-10 12:50:00
12495,Lapsed low-value,641,1,243.4,2011-12-10 12:50:00
12496,Lapsed low-value,620,2,54.09,2011-12-10 12:50:00
12497,At-risk established,82,3,5996.5,2011-12-10 12:50:00
12498,Recent developing,21,3,349.70000000000005,2011-12-10 12:50:00
12499,Lapsed low-value,560,1,357.72,2011-12-10 12:50:00
12500,Champions,23,18,5502.11,2011-12-10 12:50:00
12501,At-risk established,337,1,1945.68,2011-12-10 12:50:00
12502,At-risk established,96,5,2995.87,2011-12-10 12:50:00
12503,Lapsed low-value,584,1,896.0,2011-12-10 12:50:00
12504,Recent developing,18,4,353.65,2011-12-10 12:50:00
12505,Lapsed low-value,409,1,744.5,2011-12-10 12:50:00
12506,Lapsed low-value,233,1,73.5,2011-12-10 12:50:00
12507,At-risk established,134,4,1466.81,2011-12-10 12:50:00
12508,Recent developing,26,2,398.27,2011-12-10 12:50:00
12509,Lapsed low-value,284,1,158.5,2011-12-10 12:50:00
12510,At-risk established,143,7,2989.33,2011-12-10 12:50:00
12511,At-risk established,429,1,3065.77,2011-12-10 12:50:00
12512,Lapsed low-value,66,2,138.03,2011-12-10 12:50:00
12513,Lapsed low-value,113,1,532.79,2011-12-10 12:50:00
12514,At-risk established,267,2,1597.76,2011-12-10 12:50:00
12515,Lapsed low-value,353,1,278.7,2011-12-10 12:50:00
12516,At-risk established,78,4,2288.62,2011-12-10 12:50:00
12517,Recent developing,28,4,2284.89,2011-12-10 12:50:00
12518,Recent developing,1,5,1840.89,2011-12-10 12:50:00
12519,Recent developing,64,2,605.19,2011-12-10 12:50:00
12520,At-risk established,79,5,2307.26,2011-12-10 12:50:00
12521,Lapsed low-value,143,1,545.68,2011-12-10 12:50:00
12522,Recent developing,39,2,156.72,2011-12-10 12:50:00
12523,Champions,19,23,3907.8,2011-12-10 12:50:00
12524,Champions,9,17,9759.36,2011-12-10 12:50:00
12525,At-risk established,498,3,790.9300000000001,2011-12-10 12:50:00
12526,Recent developing,1,3,1172.66,2011-12-10 12:50:00
12527,At-risk established,82,5,717.51,2011-12-10 12:50:00
12528,Recent developing,9,6,1634.28,2011-12-10 12:50:00
12529,Lapsed low-value,528,1,311.78000000000003,2011-12-10 12:50:00
12530,Champions,60,9,3329.86,2011-12-10 12:50:00
12531,Recent developing,15,2,1737.05,2011-12-10 12:50:00
12532,Recent developing,30,1,313.83000000000004,2011-12-10 12:50:00
12533,At-risk established,628,2,1005.99,2011-12-10 12:50:00
12534,Lapsed low-value,131,1,981.18,2011-12-10 12:50:00
12535,Recent developing,92,2,716.35,2011-12-10 12:50:00
12537,Lapsed low-value,409,1,612.94,2011-12-10 12:50:00
12538,Recent developing,29,2,640.45,2011-12-10 12:50:00
12539,Champions,22,7,11186.75,2011-12-10 12:50:00
12540,Champions,20,32,19172.04,2011-12-10 12:50:00
12541,Recent developing,30,3,841.18,2011-12-10 12:50:00
12542,Lapsed low-value,484,2,423.38,2011-12-10 12:50:00
12543,Lapsed low-value,448,1,840.25,2011-12-10 12:50:00
12544,Recent developing,36,1,299.7,2011-12-10 12:50:00
12545,Recent developing,75,2,832.39,2011-12-10 12:50:00
12546,Recent developing,47,2,1001.5,2011-12-10 12:50:00
12547,Lapsed low-value,198,3,299.58,2011-12-10 12:50:00
12548,Lapsed low-value,166,1,67.19999999999999,2011-12-10 12:50:00
12549,At-risk established,576,5,1570.68,2011-12-10 12:50:00
12550,Recent developing,79,1,824.83,2011-12-10 12:50:00
12551,Lapsed low-value,358,1,168.0,2011-12-10 12:50:00
12552,Recent developing,40,1,317.82,2011-12-10 12:50:00
12553,Champions,8,12,4044.82,2011-12-10 12:50:00
12554,Lapsed low-value,449,1,384.5,2011-12-10 12:50:00
12556,Recent developing,50,2,603.71,2011-12-10 12:50:00
12557,Champions,16,8,18716.14,2011-12-10 12:50:00
12559,Lapsed low-value,311,2,500.21000000000004,2011-12-10 12:50:00
12560,Recent developing,5,2,1894.31,2011-12-10 12:50:00
12561,Lapsed low-value,303,1,238.85,2011-12-10 12:50:00
12562,Champions,8,9,4426.92,2011-12-10 12:50:00
12563,Lapsed low-value,409,1,221.24,2011-12-10 12:50:00
12564,Lapsed low-value,261,1,402.9,2011-12-10 12:50:00
12565,Lapsed low-value,289,1,131.17,2011-12-10 12:50:00
12566,Lapsed low-value,86,1,292.7,2011-12-10 12:50:00
12567,Champions,23,15,12151.82,2011-12-10 12:50:00
12568,Lapsed low-value,645,1,52.0,2011-12-10 12:50:00
12569,Champions,2,32,3128.9900000000002,2011-12-10 12:50:00
12571,Recent developing,40,2,519.61,2011-12-10 12:50:00
12572,Recent developing,9,2,896.72,2011-12-10 12:50:00
12573,At-risk established,227,5,717.41,2011-12-10 12:50:00
12574,Lapsed low-value,316,1,182.45000000000002,2011-12-10 12:50:00
12575,Lapsed low-value,457,2,568.8199999999999,2011-12-10 12:50:00
12576,Champions,36,8,2003.87,2011-12-10 12:50:00
12577,Champions,35,8,1587.4,2011-12-10 12:50:00
12578,Champions,21,4,3967.7000000000003,2011-12-10 12:50:00
12579,Lapsed low-value,78,1,374.72,2011-12-10 12:50:00
12580,At-risk established,247,2,962.9,2011-12-10 12:50:00
12581,Recent developing,40,1,179.71,2011-12-10 12:50:00
12582,At-risk established,239,4,1820.4,2011-12-10 12:50:00
12583,Champions,3,27,13211.75,2011-12-10 12:50:00
12584,Champions,4,9,1824.7,2011-12-10 12:50:00
12585,At-risk established,234,2,1768.51,2011-12-10 12:50:00
12586,Recent developing,17,4,2045.67,2011-12-10 12:50:00
12587,Recent developing,8,1,104.0,2011-12-10 12:50:00
12588,Recent developing,39,3,698.98,2011-12-10 12:50:00
12589,Champions,29,6,2752.17,2011-12-10 12:50:00
12591,At-risk established,317,3,1128.15,2011-12-10 12:50:00
12592,At-risk established,92,4,1723.6399999999999,2011-12-10 12:50:00
12593,Lapsed low-value,109,3,382.09999999999997,2011-12-10 12:50:00
12594,Champions,38,14,4862.51,2011-12-10 12:50:00
12595,Lapsed low-value,505,1,281.02,2011-12-10 12:50:00
12596,Recent developing,51,2,450.27,2011-12-10 12:50:00
12597,Recent developing,19,4,3067.13,2011-12-10 12:50:00
12598,Champions,10,10,4072.67,2011-12-10 12:50:00
12599,Champions,29,13,2026.72,2011-12-10 12:50:00
12600,Champions,29,20,4402.1,2011-12-10 12:50:00
12601,At-risk established,190,6,565.76,2011-12-10 12:50:00
12602,Lapsed low-value,59,1,153.12,2011-12-10 12:50:00
12603,Recent developing,22,1,613.1999999999999,2011-12-10 12:50:00
12604,Lapsed low-value,79,2,236.18,2011-12-10 12:50:00
12605,At-risk established,376,3,1109.95,2011-12-10 12:50:00
12608,Lapsed low-value,405,1,415.79,2011-12-10 12:50:00
12609,At-risk established,78,9,3021.86,2011-12-10 12:50:00
12610,Recent developing,23,4,1705.99,2011-12-10 12:50:00
12611,Recent developing,52,1,1193.32,2011-12-10 12:50:00
12612,Recent developing,74,1,607.59,2011-12-10 12:50:00
12613,Champions,57,9,6062.02,2011-12-10 12:50:00
12614,Lapsed low-value,278,1,315.6,2011-12-10 12:50:00
12615,Champions,2,8,5192.83,2011-12-10 12:50:00
12616,At-risk established,95,3,937.35,2011-12-10 12:50:00
12617,Recent developing,29,1,355.53,2011-12-10 12:50:00
12618,Recent developing,22,1,137.31,2011-12-10 12:50:00
12619,Champions,16,9,3048.95,2011-12-10 12:50:00
12620,Recent developing,15,3,1303.41,2011-12-10 12:50:00
12621,Champions,2,35,22329.31,2011-12-10 12:50:00
12622,Lapsed low-value,232,1,162.1,2011-12-10 12:50:00
12623,At-risk established,276,7,3315.84,2011-12-10 12:50:00
12624,Lapsed low-value,106,2,569.13,2011-12-10 12:50:00
12625,At-risk established,212,4,4632.48,2011-12-10 12:50:00
12626,Champions,23,9,5721.9,2011-12-10 12:50:00
12627,Champions,11,6,4082.53,2011-12-10 12:50:00
12628,Recent developing,4,3,715.61,2011-12-10 12:50:00
12629,At-risk established,386,2,1198.22,2011-12-10 12:50:00
12630,Recent developing,10,2,1030.88,2011-12-10 12:50:00
12631,At-risk established,57,6,3292.27,2011-12-10 12:50:00
12632,Lapsed low-value,521,2,684.88,2011-12-10 12:50:00
12633,Champions,59,7,5073.21,2011-12-10 12:50:00
12634,Lapsed low-value,548,1,360.0,2011-12-10 12:50:00
12635,At-risk established,90,4,2624.41,2011-12-10 12:50:00
12637,Champions,67,12,8127.66,2011-12-10 12:50:00
12638,Recent developing,33,2,681.49,2011-12-10 12:50:00
12639,At-risk established,239,3,1072.37,2011-12-10 12:50:00
12640,Recent developing,24,3,994.58,2011-12-10 12:50:00
12641,Lapsed low-value,115,1,145.9,2011-12-10 12:50:00
12642,Recent developing,25,3,905.26,2011-12-10 12:50:00
12643,Champions,128,11,7393.42,2011-12-10 12:50:00
12644,At-risk established,130,4,1797.54,2011-12-10 12:50:00
12645,Champions,34,8,3175.1,2011-12-10 12:50:00
12646,Recent developing,5,2,1346.97,2011-12-10 12:50:00
12647,Champions,22,35,14731.64,2011-12-10 12:50:00
12648,At-risk established,155,4,1024.0,2011-12-10 12:50:00
12649,At-risk established,107,8,2060.5,2011-12-10 12:50:00
12650,Recent developing,3,1,242.44000000000003,2011-12-10 12:50:00
12651,Lapsed low-value,335,4,365.3,2011-12-10 12:50:00
12652,At-risk established,331,2,885.58,2011-12-10 12:50:00
12653,At-risk established,149,3,4160.83,2011-12-10 12:50:00
12654,Recent developing,11,5,529.98,2011-12-10 12:50:00
12655,Lapsed low-value,424,1,243.35000000000002,2011-12-10 12:50:00
12656,Champions,17,8,5636.78,2011-12-10 12:50:00
12657,Recent developing,11,4,1008.0600000000001,2011-12-10 12:50:00
12658,Recent developing,19,1,632.05,2011-12-10 12:50:00
12659,Lapsed low-value,30,1,73.68,2011-12-10 12:50:00
12660,Recent developing,11,1,227.1,2011-12-10 12:50:00
12661,Lapsed low-value,436,1,162.0,2011-12-10 12:50:00
12662,Champions,1,20,6335.17,2011-12-10 12:50:00
12663,Lapsed low-value,625,2,150.0,2011-12-10 12:50:00
12664,Champions,8,11,5420.04,2011-12-10 12:50:00
12665,Lapsed low-value,325,3,247.45,2011-12-10 12:50:00
12666,Lapsed low-value,394,1,1020.98,2011-12-10 12:50:00
12667,Recent developing,58,1,460.13,2011-12-10 12:50:00
12668,Champions,12,9,9903.710000000001,2011-12-10 12:50:00
12669,At-risk established,151,2,1427.73,2011-12-10 12:50:00
12670,Champions,10,7,3426.39,2011-12-10 12:50:00
12671,At-risk established,606,1,2622.481,2011-12-10 12:50:00
12672,Lapsed low-value,330,2,380.5,2011-12-10 12:50:00
12673,Recent developing,5,3,1140.02,2011-12-10 12:50:00
12674,Recent developing,39,4,1793.41,2011-12-10 12:50:00
12675,Lapsed low-value,554,2,850.8,2011-12-10 12:50:00
12676,Champions,25,10,2333.09,2011-12-10 12:50:00
12677,Lapsed low-value,555,2,359.1,2011-12-10 12:50:00
12678,Champions,42,15,32165.13,2011-12-10 12:50:00
12679,At-risk established,59,4,908.47,2011-12-10 12:50:00
12680,Recent developing,1,4,790.81,2011-12-10 12:50:00
12681,Champions,15,44,27676.76,2011-12-10 12:50:00
12682,Champions,4,51,21605.81,2011-12-10 12:50:00
12683,Champions,4,20,11134.05,2011-12-10 12:50:00
12684,Champions,8,6,2073.63,2011-12-10 12:50:00
12685,Champions,28,6,2575.08,2011-12-10 12:50:00
12686,Lapsed low-value,372,1,142.28,2011-12-10 12:50:00
12687,At-risk established,481,1,1858.91,2011-12-10 12:50:00
12689,Recent developing,26,2,1139.61,2011-12-10 12:50:00
12690,Lapsed low-value,206,1,335.01,2011-12-10 12:50:00
12691,Recent developing,28,6,1044.4,2011-12-10 12:50:00
12692,Lapsed low-value,637,1,110.95,2011-12-10 12:50:00
12693,At-risk established,127,7,1352.42,2011-12-10 12:50:00
12694,At-risk established,70,3,1659.45,2011-12-10 12:50:00
12695,Champions,7,7,1371.1200000000001,2011-12-10 12:50:00
12696,Lapsed low-value,435,2,731.91,2011-12-10 12:50:00
12697,Recent developing,29,3,739.02,2011-12-10 12:50:00
12698,Lapsed low-value,590,1,285.75,2011-12-10 12:50:00
12699,Lapsed low-value,418,1,566.11,2011-12-10 12:50:00
12700,Champions,8,4,4525.99,2011-12-10 12:50:00
12701,At-risk established,80,6,2248.41,2011-12-10 12:50:00
12702,Recent developing,20,1,201.0,2011-12-10 12:50:00
12703,At-risk established,71,4,802.1800000000001,2011-12-10 12:50:00
12704,Champions,7,8,1740.84,2011-12-10 12:50:00
12705,Champions,15,13,10949.3,2011-12-10 12:50:00
12707,Lapsed low-value,292,1,603.42,2011-12-10 12:50:00
12708,Champions,30,18,4575.01,2011-12-10 12:50:00
12709,Champions,15,32,29390.11,2011-12-10 12:50:00
12710,At-risk established,97,3,1004.57,2011-12-10 12:50:00
12711,At-risk established,612,2,1213.05,2011-12-10 12:50:00
12712,Champions,29,21,6210.66,2011-12-10 12:50:00
12714,Champions,9,12,12815.710000000001,2011-12-10 12:50:00
12715,Lapsed low-value,106,1,273.86,2011-12-10 12:50:00
12716,Recent developing,4,2,963.49,2011-12-10 12:50:00
12717,At-risk established,151,3,1058.91,2011-12-10 12:50:00
12718,Lapsed low-value,71,1,202.25,2011-12-10 12:50:00
12719,Recent developing,5,2,536.1,2011-12-10 12:50:00
12720,Champions,3,29,7112.72,2011-12-10 12:50:00
12721,Champions,32,8,3538.63,2011-12-10 12:50:00
12722,At-risk established,85,4,920.23,2011-12-10 12:50:00
12723,Recent developing,4,5,707.07,2011-12-10 12:50:00
12724,Champions,5,7,2083.52,2011-12-10 12:50:00
12725,At-risk established,371,3,2278.56,2011-12-10 12:50:00
12726,Champions,28,11,3690.6,2011-12-10 12:50:00
12727,Champions,11,10,4890.53,2011-12-10 12:50:00
12728,At-risk established,71,5,926.17,2011-12-10 12:50:00
12729,Lapsed low-value,114,1,417.01,2011-12-10 12:50:00
12730,Lapsed low-value,522,1,703.25,2011-12-10 12:50:00
12731,Champions,24,17,25540.21,2011-12-10 12:50:00
12732,Lapsed low-value,180,1,218.26000000000002,2011-12-10 12:50:00
12733,At-risk established,234,4,2325.97,2011-12-10 12:50:00
12734,At-risk established,353,3,603.65,2011-12-10 12:50:00
12735,Lapsed low-value,315,2,689.5699999999999,2011-12-10 12:50:00
12736,Lapsed low-value,333,1,144.0,2011-12-10 12:50:00
12738,Lapsed low-value,372,1,274.7,2011-12-10 12:50:00
12739,At-risk established,99,2,2421.23,2011-12-10 12:50:00
12740,Recent developing,64,1,427.6,2011-12-10 12:50:00
12741,Lapsed low-value,533,1,236.07,2011-12-10 12:50:00
12742,Lapsed low-value,626,1,1185.02,2011-12-10 12:50:00
12743,Lapsed low-value,134,2,546.43,2011-12-10 12:50:00
12744,Champions,56,8,13158.16,2011-12-10 12:50:00
12745,Lapsed low-value,487,2,723.85,2011-12-10 12:50:00
12746,Lapsed low-value,541,1,242.75,2011-12-10 12:50:00
12747,Champions,2,26,9196.69,2011-12-10 12:50:00
12749,Champions,4,9,6288.44,2011-12-10 12:50:00
12750,Lapsed low-value,129,1,275.88,2011-12-10 12:50:00
12751,Lapsed low-value,445,1,268.27,2011-12-10 12:50:00
12753,Champions,23,6,21022.579999999998,2011-12-10 12:50:00
12754,At-risk established,236,3,3010.74,2011-12-10 12:50:00
12755,At-risk established,281,3,6632.65,2011-12-10 12:50:00
12756,Lapsed low-value,87,1,112.07999999999998,2011-12-10 12:50:00
12757,Champions,16,9,4184.2,2011-12-10 12:50:00
12758,At-risk established,117,7,9779.0,2011-12-10 12:50:00
12759,Champions,52,8,4618.74,2011-12-10 12:50:00
12760,Lapsed low-value,456,1,317.8,2011-12-10 12:50:00
12761,Lapsed low-value,465,1,712.95,2011-12-10 12:50:00
12762,Recent developing,8,2,1702.52,2011-12-10 12:50:00
12763,At-risk established,138,2,814.16,2011-12-10 12:50:00
12764,At-risk established,317,1,1693.88,2011-12-10 12:50:00
12765,At-risk established,472,6,1299.58,2011-12-10 12:50:00
12766,Champions,4,9,9074.43,2011-12-10 12:50:00
12767,Lapsed low-value,376,1,949.82,2011-12-10 12:50:00
12769,Lapsed low-value,239,1,1143.6,2011-12-10 12:50:00
12770,At-risk established,211,2,3042.45,2011-12-10 12:50:00
12771,Lapsed low-value,486,1,206.5,2011-12-10 12:50:00
12772,Recent developing,60,1,752.47,2011-12-10 12:50:00
12774,Lapsed low-value,536,1,83.7,2011-12-10 12:50:00
12775,Champions,17,7,1516.32,2011-12-10 12:50:00
12776,Lapsed low-value,668,1,27.5,2011-12-10 12:50:00
12777,Lapsed low-value,458,1,519.45,2011-12-10 12:50:00
12778,Champions,20,9,1541.68,2011-12-10 12:50:00
12779,Champions,38,14,6389.96,2011-12-10 12:50:00
12780,Lapsed low-value,599,1,322.4,2011-12-10 12:50:00
12781,Recent developing,64,2,707.48,2011-12-10 12:50:00
12782,Champions,5,11,3776.79,2011-12-10 12:50:00
12783,Recent developing,2,4,1295.87,2011-12-10 12:50:00
12784,Recent developing,15,2,1552.75,2011-12-10 12:50:00
12785,At-risk established,364,3,883.7,2011-12-10 12:50:00
12786,Lapsed low-value,610,1,668.5,2011-12-10 12:50:00
12787,Recent developing,10,4,799.18,2011-12-10 12:50:00
12788,Lapsed low-value,463,4,384.9,2011-12-10 12:50:00
12789,Recent developing,65,3,225.35,2011-12-10 12:50:00
12790,Lapsed low-value,192,2,518.45,2011-12-10 12:50:00
12791,At-risk established,374,5,834.4300000000001,2011-12-10 12:50:00
12792,Lapsed low-value,257,2,715.01,2011-12-10 12:50:00
12793,At-risk established,335,3,849.33,2011-12-10 12:50:00
12794,Recent developing,53,2,860.41,2011-12-10 12:50:00
12795,Recent developing,19,1,318.48,2011-12-10 12:50:00
12796,Lapsed low-value,628,1,351.0,2011-12-10 12:50:00
12797,Lapsed low-value,366,2,613.46,2011-12-10 12:50:00
12798,Champions,10,4,8510.93,2011-12-10 12:50:00
12799,Lapsed low-value,529,1,219.35,2011-12-10 12:50:00
12800,Lapsed low-value,470,2,500.25,2011-12-10 12:50:00
12801,Lapsed low-value,501,1,831.87,2011-12-10 12:50:00
12802,At-risk established,187,5,2120.42,2011-12-10 12:50:00
12803,Lapsed low-value,393,1,1017.81,2011-12-10 12:50:00
12804,Lapsed low-value,466,2,327.02,2011-12-10 12:50:00
12805,At-risk established,382,4,1230.95,2011-12-10 12:50:00
12806,At-risk established,572,2,2558.96,2011-12-10 12:50:00
12807,Lapsed low-value,383,1,250.35,2011-12-10 12:50:00
12808,Recent developing,37,5,850.1,2011-12-10 12:50:00
12809,At-risk established,178,3,1349.64,2011-12-10 12:50:00
12810,Lapsed low-value,535,2,534.99,2011-12-10 12:50:00
12811,At-risk established,262,4,893.9,2011-12-10 12:50:00
12812,Recent developing,45,1,229.64000000000001,2011-12-10 12:50:00
12813,At-risk established,502,3,1621.8,2011-12-10 12:50:00
12814,Lapsed low-value,102,1,85.92,2011-12-10 12:50:00
12815,At-risk established,148,2,863.46,2011-12-10 12:50:00
12816,Lapsed low-value,96,2,452.20000000000005,2011-12-10 12:50:00
12817,At-risk established,281,3,570.98,2011-12-10 12:50:00
12818,Lapsed low-value,262,1,1160.38,2011-12-10 12:50:00
12819,Lapsed low-value,458,1,540.52,2011-12-10 12:50:00
12820,Champions,3,11,2647.94,2011-12-10 12:50:00
12821,Lapsed low-value,214,2,220.8,2011-12-10 12:50:00
12822,Recent developing,71,2,918.98,2011-12-10 12:50:00
12823,Champions,75,18,6501.5,2011-12-10 12:50:00
12824,Recent developing,60,1,397.12,2011-12-10 12:50:00
12825,Lapsed low-value,521,2,518.63,2011-12-10 12:50:00
12826,Champions,3,12,2945.2000000000003,2011-12-10 12:50:00
12827,Recent developing,6,3,430.15000000000003,2011-12-10 12:50:00
12828,Recent developing,3,6,1018.71,2011-12-10 12:50:00
12829,Lapsed low-value,337,3,345.35,2011-12-10 12:50:00
12830,Champions,38,6,6814.64,2011-12-10 12:50:00
12831,Lapsed low-value,262,3,451.11,2011-12-10 12:50:00
12832,Recent developing,32,2,383.03,2011-12-10 12:50:00
12833,Lapsed low-value,145,1,417.38,2011-12-10 12:50:00
12834,Lapsed low-value,283,1,312.38,2011-12-10 12:50:00
12836,Champions,59,15,6546.47,2011-12-10 12:50:00
12837,Lapsed low-value,173,2,688.41,2011-12-10 12:50:00
12838,Champions,34,10,3376.03,2011-12-10 12:50:00
12839,Champions,3,26,9962.33,2011-12-10 12:50:00
12840,At-risk established,144,7,4013.87,2011-12-10 12:50:00
12841,Champions,5,40,7394.38,2011-12-10 12:50:00
12842,At-risk established,70,4,1917.99,2011-12-10 12:50:00
12843,Champions,66,28,6252.12,2011-12-10 12:50:00
12844,Recent developing,29,4,648.6,2011-12-10 12:50:00
12845,Lapsed low-value,267,4,354.09,2011-12-10 12:50:00
12847,Recent developing,22,2,1636.8999999999999,2011-12-10 12:50:00
12848,Lapsed low-value,676,1,208.0,2011-12-10 12:50:00
12849,Champions,31,6,3064.07,2011-12-10 12:50:00
12850,Lapsed low-value,446,1,330.0,2011-12-10 12:50:00
12851,Lapsed low-value,97,2,284.13,2011-12-10 12:50:00
12852,Lapsed low-value,295,1,299.75,2011-12-10 12:50:00
12853,At-risk established,135,11,3712.3,2011-12-10 12:50:00
12854,At-risk established,79,7,2922.37,2011-12-10 12:50:00
12855,At-risk established,373,4,650.9399999999999,2011-12-10 12:50:00
12856,Champions,8,6,2162.68,2011-12-10 12:50:00
12857,At-risk established,211,6,3684.25,2011-12-10 12:50:00
12858,Lapsed low-value,383,1,177.92,2011-12-10 12:50:00
12859,Lapsed low-value,459,1,575.1,2011-12-10 12:50:00
12860,Lapsed low-value,693,1,55.47,2011-12-10 12:50:00
12861,Lapsed low-value,620,1,68.25,2011-12-10 12:50:00
12862,At-risk established,426,2,1008.3199999999999,2011-12-10 12:50:00
12863,At-risk established,52,6,2775.5499999999997,2011-12-10 12:50:00
12864,Lapsed low-value,138,2,299.57,2011-12-10 12:50:00
12865,Recent developing,26,4,3303.31,2011-12-10 12:50:00
12866,At-risk established,283,3,1092.35,2011-12-10 12:50:00
12867,Champions,26,13,7866.17,2011-12-10 12:50:00
12868,At-risk established,186,8,2247.06,2011-12-10 12:50:00
12869,Lapsed low-value,682,1,337.66999999999996,2011-12-10 12:50:00
12870,At-risk established,375,3,1648.55,2011-12-10 12:50:00
12871,At-risk established,84,3,744.02,2011-12-10 12:50:00
12872,At-risk established,327,12,3683.79,2011-12-10 12:50:00
12873,At-risk established,282,3,2027.3,2011-12-10 12:50:00
12874,Lapsed low-value,385,2,858.42,2011-12-10 12:50:00
12875,At-risk established,143,5,1356.99,2011-12-10 12:50:00
12876,At-risk established,58,4,3738.59,2011-12-10 12:50:00
12877,Champions,4,20,2955.17,2011-12-10 12:50:00
12878,At-risk established,236,2,841.64,2011-12-10 12:50:00
12879,Recent developing,45,3,554.97,2011-12-10 12:50:00
12880,Lapsed low-value,382,2,640.13,2011-12-10 12:50:00
12881,Lapsed low-value,276,1,298.0,2011-12-10 12:50:00
12882,Recent developing,9,2,1463.04,2011-12-10 12:50:00
12883,Recent developing,25,4,703.47,2011-12-10 12:50:00
12884,Lapsed low-value,88,1,309.05,2011-12-10 12:50:00
12885,At-risk established,63,3,1158.27,2011-12-10 12:50:00
12886,Recent developing,68,2,1351.09,2011-12-10 12:50:00
12887,Lapsed low-value,384,1,222.4,2011-12-10 12:50:00
12888,Lapsed low-value,214,2,313.77,2011-12-10 12:50:00
12889,Lapsed low-value,381,4,370.61,2011-12-10 12:50:00
12890,Recent developing,24,2,717.27,2011-12-10 12:50:00
12891,At-risk established,186,11,823.5,2011-12-10 12:50:00
12892,Lapsed low-value,397,1,263.38,2011-12-10 12:50:00
12893,Recent developing,31,1,188.14,2011-12-10 12:50:00
12894,Lapsed low-value,575,1,157.35,2011-12-10 12:50:00
12895,Recent developing,42,2,347.3,2011-12-10 12:50:00
12897,At-risk established,205,4,514.25,2011-12-10 12:50:00
12898,Lapsed low-value,464,2,310.96000000000004,2011-12-10 12:50:00
12899,Lapsed low-value,414,1,366.4,2011-12-10 12:50:00
12900,Lapsed low-value,422,1,340.33,2011-12-10 12:50:00
12901,Champions,9,28,16285.18,2011-12-10 12:50:00
12902,Lapsed low-value,265,1,138.68,2011-12-10 12:50:00
12903,Lapsed low-value,429,1,833.53,2011-12-10 12:50:00
12904,Recent developing,18,2,509.58,2011-12-10 12:50:00
12905,At-risk established,577,2,1011.82,2011-12-10 12:50:00
12906,Champions,12,5,2919.81,2011-12-10 12:50:00
12907,Lapsed low-value,396,2,508.91,2011-12-10 12:50:00
12908,At-risk established,176,4,1458.0,2011-12-10 12:50:00
12909,Champions,40,8,3036.02,2011-12-10 12:50:00
12910,Champions,23,13,5747.02,2011-12-10 12:50:00
12911,Lapsed low-value,552,1,1680.47,2011-12-10 12:50:00
12912,Recent developing,3,5,1662.3,2011-12-10 12:50:00
12913,Champions,5,13,6700.860000000001,2011-12-10 12:50:00
12914,Lapsed low-value,401,1,223.98,2011-12-10 12:50:00
12915,At-risk established,149,4,1084.85,2011-12-10 12:50:00
12916,At-risk established,139,7,4632.22,2011-12-10 12:50:00
12917,At-risk established,128,6,4329.5,2011-12-10 12:50:00
12919,Recent developing,8,6,1301.44,2011-12-10 12:50:00
12920,Recent developing,17,4,488.09000000000003,2011-12-10 12:50:00
12922,Lapsed low-value,161,1,405.38,2011-12-10 12:50:00
12923,Recent developing,64,3,788.62,2011-12-10 12:50:00
12924,Champions,88,12,2415.56,2011-12-10 12:50:00
12925,Recent developing,5,3,729.3299999999999,2011-12-10 12:50:00
12926,At-risk established,411,4,1548.08,2011-12-10 12:50:00
12927,Lapsed low-value,395,1,197.31,2011-12-10 12:50:00
12928,Champions,35,12,4304.89,2011-12-10 12:50:00
12929,Lapsed low-value,312,1,102.9,2011-12-10 12:50:00
12930,Recent developing,78,2,409.9,2011-12-10 12:50:00
12932,At-risk established,539,8,1698.56,2011-12-10 12:50:00
12933,Champions,24,8,1668.08,2011-12-10 12:50:00
12934,Lapsed low-value,737,1,181.65,2011-12-10 12:50:00
12935,Champions,2,15,4182.01,2011-12-10 12:50:00
12936,Recent developing,17,4,1004.9,2011-12-10 12:50:00
12937,Champions,15,9,3097.61,2011-12-10 12:50:00
12938,Recent developing,26,1,114.14,2011-12-10 12:50:00
12939,Champions,64,20,25264.8,2011-12-10 12:50:00
12940,Recent developing,55,2,877.54,2011-12-10 12:50:00
12941,Lapsed low-value,724,1,377.49,2011-12-10 12:50:00
12942,At-risk established,131,3,942.65,2011-12-10 12:50:00
12943,Lapsed low-value,558,2,496.5,2011-12-10 12:50:00
12944,Recent developing,36,2,604.51,2011-12-10 12:50:00
12945,At-risk established,288,2,900.11,2011-12-10 12:50:00
12946,Lapsed low-value,437,1,324.45,2011-12-10 12:50:00
12947,At-risk established,144,6,1711.33,2011-12-10 12:50:00
12948,Champions,16,9,2306.18,2011-12-10 12:50:00
12949,Champions,31,22,15391.0,2011-12-10 12:50:00
12950,Recent developing,2,3,1843.0,2011-12-10 12:50:00
12951,Champions,9,15,3164.42,2011-12-10 12:50:00
12952,Recent developing,6,4,1382.8400000000001,2011-12-10 12:50:00
12953,Recent developing,10,2,828.8100000000001,2011-12-10 12:50:00
12954,Lapsed low-value,639,1,162.45,2011-12-10 12:50:00
12955,Champions,1,11,4734.26,2011-12-10 12:50:00
12956,At-risk established,306,4,521.89,2011-12-10 12:50:00
12957,Champions,10,13,8628.42,2011-12-10 12:50:00
12958,Lapsed low-value,400,2,539.49,2011-12-10 12:50:00
12959,Lapsed low-value,484,1,150.95,2011-12-10 12:50:00
12960,At-risk established,414,4,1322.07,2011-12-10 12:50:00
12961,Lapsed low-value,379,1,211.99,2011-12-10 12:50:00
12962,Recent developing,7,2,266.39,2011-12-10 12:50:00
12963,Champions,8,12,3528.39,2011-12-10 12:50:00
12964,Lapsed low-value,437,1,132.24,2011-12-10 12:50:00
12965,Recent developing,89,1,771.91,2011-12-10 12:50:00
12966,Recent developing,10,1,160.18,2011-12-10 12:50:00
12967,At-risk established,358,3,3849.52,2011-12-10 12:50:00
12968,Lapsed low-value,112,1,135.95,2011-12-10 12:50:00
12969,Lapsed low-value,603,1,122.45,2011-12-10 12:50:00
12970,Champions,7,10,1523.91,2011-12-10 12:50:00
12972,At-risk established,414,4,1115.95,2011-12-10 12:50:00
12973,Lapsed low-value,414,1,385.55,2011-12-10 12:50:00
12974,Lapsed low-value,198,2,408.95,2011-12-10 12:50:00
12975,At-risk established,437,6,1993.99,2011-12-10 12:50:00
12976,At-risk established,212,8,3156.38,2011-12-10 12:50:00
12977,At-risk established,156,4,517.63,2011-12-10 12:50:00
12978,At-risk established,385,5,2502.82,2011-12-10 12:50:00
12979,Lapsed low-value,729,1,479.54,2011-12-10 12:50:00
12980,Champions,158,21,15909.390000000001,2011-12-10 12:50:00
12981,Recent developing,30,2,372.21999999999997,2011-12-10 12:50:00
12982,At-risk established,243,8,2564.22,2011-12-10 12:50:00
12983,Lapsed low-value,598,1,490.08000000000004,2011-12-10 12:50:00
12984,Recent developing,19,1,97.5,2011-12-10 12:50:00
12985,Recent developing,1,2,1215.6200000000001,2011-12-10 12:50:00
12986,At-risk established,429,9,2019.69,2011-12-10 12:50:00
12987,At-risk established,74,5,1298.51,2011-12-10 12:50:00
12988,Lapsed low-value,292,1,535.32,2011-12-10 12:50:00
12989,Champions,3,32,12911.65,2011-12-10 12:50:00
12990,Recent developing,31,7,955.5,2011-12-10 12:50:00
12991,Recent developing,23,3,764.82,2011-12-10 12:50:00
12992,Lapsed low-value,725,1,93.35000000000001,2011-12-10 12:50:00
12993,Recent developing,23,8,1191.26,2011-12-10 12:50:00
12994,Recent developing,4,3,902.22,2011-12-10 12:50:00
12995,Lapsed low-value,85,1,200.72,2011-12-10 12:50:00
12996,Lapsed low-value,376,1,355.5,2011-12-10 12:50:00
12997,Champions,22,8,2073.01,2011-12-10 12:50:00
12998,At-risk established,493,3,897.38,2011-12-10 12:50:00
12999,Lapsed low-value,196,3,455.88,2011-12-10 12:50:00
13000,At-risk established,107,4,992.0,2011-12-10 12:50:00
13001,Champions,4,33,24141.0,2011-12-10 12:50:00
13002,Lapsed low-value,318,3,414.13,2011-12-10 12:50:00
13003,Lapsed low-value,106,3,149.05,2011-12-10 12:50:00
13004,Champions,12,36,11159.79,2011-12-10 12:50:00
13005,At-risk established,174,4,935.03,2011-12-10 12:50:00
13006,Lapsed low-value,56,1,81.57,2011-12-10 12:50:00
13007,Lapsed low-value,580,1,175.25,2011-12-10 12:50:00
13008,Lapsed low-value,323,3,545.8299999999999,2011-12-10 12:50:00
13009,Lapsed low-value,673,1,234.0,2011-12-10 12:50:00
13010,Lapsed low-value,374,2,330.12,2011-12-10 12:50:00
13011,Lapsed low-value,372,1,101.10000000000001,2011-12-10 12:50:00
13012,Champions,9,10,2601.6800000000003,2011-12-10 12:50:00
13013,Champions,1,29,12601.82,2011-12-10 12:50:00
13014,Champions,11,11,5217.23,2011-12-10 12:50:00
13015,Champions,53,11,6465.72,2011-12-10 12:50:00
13016,Recent developing,73,3,789.89,2011-12-10 12:50:00
13017,Recent developing,7,1,204.0,2011-12-10 12:50:00
13018,Champions,16,35,9742.81,2011-12-10 12:50:00
13019,At-risk established,379,6,1212.95,2011-12-10 12:50:00
13020,Lapsed low-value,563,2,606.96,2011-12-10 12:50:00
13021,Champions,4,17,4806.66,2011-12-10 12:50:00
13022,Lapsed low-value,430,1,50.3,2011-12-10 12:50:00
13023,At-risk established,64,3,1251.03,2011-12-10 12:50:00
13024,Lapsed low-value,471,2,535.42,2011-12-10 12:50:00
13025,Lapsed low-value,732,1,323.39,2011-12-10 12:50:00
13026,Champions,1,9,1712.74,2011-12-10 12:50:00
13027,Champions,114,19,17239.2,2011-12-10 12:50:00
13028,Recent developing,23,2,659.68,2011-12-10 12:50:00
13029,Recent developing,31,5,1927.3,2011-12-10 12:50:00
13030,Recent developing,11,2,1227.22,2011-12-10 12:50:00
13031,At-risk established,407,5,3419.27,2011-12-10 12:50:00
13032,Champions,52,9,2825.54,2011-12-10 12:50:00
13033,Lapsed low-value,357,2,220.55,2011-12-10 12:50:00
13034,Recent developing,55,3,922.68,2011-12-10 12:50:00
13035,At-risk established,74,3,1328.95,2011-12-10 12:50:00
13036,Lapsed low-value,685,1,307.1,2011-12-10 12:50:00
13037,At-risk established,138,12,3842.55,2011-12-10 12:50:00
13038,At-risk established,80,3,908.46,2011-12-10 12:50:00
13039,At-risk established,584,4,1010.73,2011-12-10 12:50:00
13040,Recent developing,9,2,676.99,2011-12-10 12:50:00
13041,At-risk established,451,4,799.13,2011-12-10 12:50:00
13042,At-risk established,598,3,1549.79,2011-12-10 12:50:00
13043,Lapsed low-value,273,1,471.57,2011-12-10 12:50:00
13044,At-risk established,291,11,4824.2,2011-12-10 12:50:00
13045,At-risk established,99,3,808.92,2011-12-10 12:50:00
13046,Recent developing,31,3,949.25,2011-12-10 12:50:00
13047,Champions,57,23,8479.62,2011-12-10 12:50:00
13048,Champions,14,9,4041.91,2011-12-10 12:50:00
13049,At-risk established,64,4,1384.14,2011-12-10 12:50:00
13050,Champions,15,34,11884.4,2011-12-10 12:50:00
13051,Lapsed low-value,579,2,155.8,2011-12-10 12:50:00
13052,At-risk established,212,7,3167.68,2011-12-10 12:50:00
13053,Lapsed low-value,622,1,127.65,2011-12-10 12:50:00
13055,At-risk established,78,4,2292.51,2011-12-10 12:50:00
13056,Lapsed low-value,551,1,209.48,2011-12-10 12:50:00
13057,At-risk established,530,3,722.09,2011-12-10 12:50:00
13058,Recent developing,25,3,271.40000000000003,2011-12-10 12:50:00
13059,At-risk established,250,10,2272.62,2011-12-10 12:50:00
13060,Lapsed low-value,254,1,307.53,2011-12-10 12:50:00
13061,Lapsed low-value,72,1,248.61,2011-12-10 12:50:00
13062,Lapsed low-value,191,1,346.98,2011-12-10 12:50:00
13063,Lapsed low-value,481,1,188.4,2011-12-10 12:50:00
13064,Recent developing,13,6,1680.74,2011-12-10 12:50:00
13065,At-risk established,373,5,1255.96,2011-12-10 12:50:00
13066,Recent developing,24,2,430.90000000000003,2011-12-10 12:50:00
13067,Recent developing,82,3,508.51,2011-12-10 12:50:00
13068,Recent developing,10,2,344.0,2011-12-10 12:50:00
13069,Champions,1,38,8799.210000000001,2011-12-10 12:50:00
13070,At-risk established,192,4,751.7,2011-12-10 12:50:00
13071,Lapsed low-value,612,1,129.22,2011-12-10 12:50:00
13072,Lapsed low-value,267,1,177.15,2011-12-10 12:50:00
13073,Lapsed low-value,411,2,418.08,2011-12-10 12:50:00
13074,At-risk established,511,4,1362.8400000000001,2011-12-10 12:50:00
13075,Lapsed low-value,130,1,919.61,2011-12-10 12:50:00
13076,Lapsed low-value,458,1,135.4,2011-12-10 12:50:00
13077,Champions,1,11,3048.52,2011-12-10 12:50:00
13078,Champions,3,57,28899.25,2011-12-10 12:50:00
13079,Recent developing,4,6,419.18,2011-12-10 12:50:00
13080,Lapsed low-value,179,4,260.83,2011-12-10 12:50:00
13082,Champions,126,21,7277.32,2011-12-10 12:50:00
13083,Recent developing,4,3,395.43,2011-12-10 12:50:00
13084,Lapsed low-value,492,1,116.45,2011-12-10 12:50:00
13085,At-risk established,158,8,2289.58,2011-12-10 12:50:00
13086,Lapsed low-value,383,1,439.33000000000004,2011-12-10 12:50:00
13087,Lapsed low-value,726,1,313.64,2011-12-10 12:50:00
13088,Lapsed low-value,417,1,236.11,2011-12-10 12:50:00
13090,Champions,9,23,13738.36,2011-12-10 12:50:00
13091,Recent developing,28,2,1083.6,2011-12-10 12:50:00
13092,Champions,71,12,2007.33,2011-12-10 12:50:00
13094,Champions,21,13,2205.54,2011-12-10 12:50:00
13095,Lapsed low-value,71,1,74.39999999999999,2011-12-10 12:50:00
13096,Lapsed low-value,394,1,419.70000000000005,2011-12-10 12:50:00
13097,Champions,33,27,12876.68,2011-12-10 12:50:00
13098,Champions,1,28,28750.56,2011-12-10 12:50:00
13099,Lapsed low-value,99,1,207.35999999999999,2011-12-10 12:50:00
13101,At-risk established,234,4,695.4,2011-12-10 12:50:00
13102,Champions,1,37,11440.12,2011-12-10 12:50:00
13103,Recent developing,40,3,709.64,2011-12-10 12:50:00
13104,Champions,3,9,1709.1,2011-12-10 12:50:00
13105,Lapsed low-value,436,1,72.0,2011-12-10 12:50:00
13106,Lapsed low-value,133,2,583.6600000000001,2011-12-10 12:50:00
13107,Champions,44,9,5129.5,2011-12-10 12:50:00
13108,At-risk established,373,2,1098.52,2011-12-10 12:50:00
13109,Recent developing,60,3,1107.58,2011-12-10 12:50:00
13110,Champions,31,12,2900.17,2011-12-10 12:50:00
13111,Lapsed low-value,719,1,321.88000000000005,2011-12-10 12:50:00
13112,Lapsed low-value,541,1,20.6,2011-12-10 12:50:00
13113,Champions,1,37,16560.23,2011-12-10 12:50:00
13114,Lapsed low-value,731,1,234.38,2011-12-10 12:50:00
13115,Champions,12,10,5395.05,2011-12-10 12:50:00
13116,Lapsed low-value,138,1,485.19,2011-12-10 12:50:00
13117,Champions,22,18,2642.11,2011-12-10 12:50:00
13118,Champions,20,9,2335.1,2011-12-10 12:50:00
13119,Lapsed low-value,669,1,134.9,2011-12-10 12:50:00
13120,Lapsed low-value,239,1,30.599999999999998,2011-12-10 12:50:00
13121,Lapsed low-value,269,1,254.73,2011-12-10 12:50:00
13122,At-risk established,94,2,922.39,2011-12-10 12:50:00
13123,Lapsed low-value,473,2,506.75,2011-12-10 12:50:00
13124,At-risk established,90,4,4782.45,2011-12-10 12:50:00
13125,Lapsed low-value,524,1,158.57,2011-12-10 12:50:00
13126,Champions,5,13,3902.47,2011-12-10 12:50:00
13127,Lapsed low-value,78,1,259.17,2011-12-10 12:50:00
13128,Lapsed low-value,631,1,263.5,2011-12-10 12:50:00
13129,Lapsed low-value,452,2,233.25,2011-12-10 12:50:00
13130,Lapsed low-value,94,1,64.0,2011-12-10 12:50:00
13131,Champions,23,7,3278.32,2011-12-10 12:50:00
13132,Lapsed low-value,262,1,77.3,2011-12-10 12:50:00
13133,Lapsed low-value,274,3,200.45000000000002,2011-12-10 12:50:00
13134,At-risk established,86,6,2422.28,2011-12-10 12:50:00
13135,At-risk established,197,2,3371.45,2011-12-10 12:50:00
13136,Champions,56,13,6108.6,2011-12-10 12:50:00
13137,Champions,11,16,7712.7,2011-12-10 12:50:00
13138,Recent developing,22,7,1454.49,2011-12-10 12:50:00
13139,Champions,16,8,8193.83,2011-12-10 12:50:00
13140,At-risk established,108,5,1215.68,2011-12-10 12:50:00
13141,Champions,85,17,7536.63,2011-12-10 12:50:00
13142,Recent developing,19,1,307.09,2011-12-10 12:50:00
13143,Lapsed low-value,585,1,399.2,2011-12-10 12:50:00
13144,Lapsed low-value,333,2,135.35,2011-12-10 12:50:00
13145,At-risk established,40,7,1419.77,2011-12-10 12:50:00
13146,Recent developing,26,1,228.91,2011-12-10 12:50:00
13147,Recent developing,10,4,712.8000000000001,2011-12-10 12:50:00
13148,Champions,29,26,8242.87,2011-12-10 12:50:00
13149,Recent developing,14,4,1676.06,2011-12-10 12:50:00
13150,Lapsed low-value,484,3,435.02,2011-12-10 12:50:00
13151,At-risk established,296,3,2562.7400000000002,2011-12-10 12:50:00
13152,At-risk established,417,7,2114.98,2011-12-10 12:50:00
13153,Recent developing,6,1,486.22,2011-12-10 12:50:00
13154,At-risk established,399,3,1609.29,2011-12-10 12:50:00
13155,At-risk established,33,6,1750.18,2011-12-10 12:50:00
13156,At-risk established,385,3,1586.54,2011-12-10 12:50:00
13157,Champions,49,9,5667.71,2011-12-10 12:50:00
13158,At-risk established,95,5,1508.18,2011-12-10 12:50:00
13159,Recent developing,9,4,1379.75,2011-12-10 12:50:00
13160,Recent developing,22,1,91.8,2011-12-10 12:50:00
13161,Lapsed low-value,313,2,478.88,2011-12-10 12:50:00
13162,Champions,122,16,9116.94,2011-12-10 12:50:00
13163,Lapsed low-value,610,1,17.65,2011-12-10 12:50:00
13164,Lapsed low-value,569,2,308.45,2011-12-10 12:50:00
13165,Recent developing,46,3,1451.16,2011-12-10 12:50:00
13166,At-risk established,283,2,881.68,2011-12-10 12:50:00
13167,Recent developing,19,5,1113.15,2011-12-10 12:50:00
13168,At-risk established,36,5,1867.26,2011-12-10 12:50:00
13169,Recent developing,64,3,840.08,2011-12-10 12:50:00
13170,Recent developing,27,1,116.00999999999999,2011-12-10 12:50:00
13171,Recent developing,22,3,418.41,2011-12-10 12:50:00
13172,Lapsed low-value,400,1,69.6,2011-12-10 12:50:00
13173,Champions,4,11,2610.5,2011-12-10 12:50:00
13174,Champions,16,11,9471.94,2011-12-10 12:50:00
13175,Lapsed low-value,582,2,793.1,2011-12-10 12:50:00
13176,Recent developing,46,1,492.84,2011-12-10 12:50:00
13177,Recent developing,65,2,512.2,2011-12-10 12:50:00
13178,Champions,26,21,14013.19,2011-12-10 12:50:00
13179,Lapsed low-value,619,1,572.3100000000001,2011-12-10 12:50:00
13180,Lapsed low-value,607,1,86.10000000000001,2011-12-10 12:50:00
13181,Lapsed low-value,381,1,359.69,2011-12-10 12:50:00
13182,Lapsed low-value,45,1,121.18,2011-12-10 12:50:00
13183,Champions,8,15,7010.88,2011-12-10 12:50:00
13184,Champions,15,10,1647.79,2011-12-10 12:50:00
13185,Lapsed low-value,268,1,71.4,2011-12-10 12:50:00
13186,Recent developing,40,3,1539.69,2011-12-10 12:50:00
13187,Lapsed low-value,337,4,329.31,2011-12-10 12:50:00
13188,Recent developing,11,1,114.60000000000001,2011-12-10 12:50:00
13189,Recent developing,19,2,260.68,2011-12-10 12:50:00
13190,Lapsed low-value,544,3,518.76,2011-12-10 12:50:00
13191,Lapsed low-value,658,1,159.21,2011-12-10 12:50:00
13192,At-risk established,95,6,2544.53,2011-12-10 12:50:00
13193,Lapsed low-value,61,1,117.88,2011-12-10 12:50:00
13194,Lapsed low-value,136,2,472.78,2011-12-10 12:50:00
13195,Lapsed low-value,414,1,172.38,2011-12-10 12:50:00
13196,Champions,11,7,3059.64,2011-12-10 12:50:00
13197,Lapsed low-value,610,1,373.01000000000005,2011-12-10 12:50:00
13198,Champions,10,8,4912.28,2011-12-10 12:50:00
13199,Champions,4,66,16389.98,2011-12-10 12:50:00
13200,Recent developing,19,4,870.09,2011-12-10 12:50:00
13201,At-risk established,502,4,1240.6100000000001,2011-12-10 12:50:00
13202,At-risk established,394,7,1571.35,2011-12-10 12:50:00
13203,Champions,10,10,2630.55,2011-12-10 12:50:00
13204,Lapsed low-value,731,1,966.6600000000001,2011-12-10 12:50:00
13205,At-risk established,443,1,2803.2,2011-12-10 12:50:00
13206,At-risk established,400,13,8377.32,2011-12-10 12:50:00
13207,Recent developing,15,4,535.86,2011-12-10 12:50:00
13208,At-risk established,59,8,1964.02,2011-12-10 12:50:00
13209,Champions,30,13,8461.66,2011-12-10 12:50:00
13210,Lapsed low-value,94,1,353.48,2011-12-10 12:50:00
13211,Champions,10,10,2729.32,2011-12-10 12:50:00
13212,Recent developing,20,3,780.58,2011-12-10 12:50:00
13213,Champions,57,11,3834.62,2011-12-10 12:50:00
13214,At-risk established,418,7,3264.23,2011-12-10 12:50:00
13215,Lapsed low-value,402,1,81.6,2011-12-10 12:50:00
13216,Lapsed low-value,268,1,333.74,2011-12-10 12:50:00
13217,Lapsed low-value,122,3,267.4,2011-12-10 12:50:00
13218,Lapsed low-value,127,1,62.63999999999999,2011-12-10 12:50:00
13219,Lapsed low-value,618,1,76.23,2011-12-10 12:50:00
13220,At-risk established,78,5,1336.0900000000001,2011-12-10 12:50:00
13221,At-risk established,240,2,844.86,2011-12-10 12:50:00
13222,Lapsed low-value,577,1,88.5,2011-12-10 12:50:00
13223,At-risk established,200,6,969.1200000000001,2011-12-10 12:50:00
13224,At-risk established,60,2,2147.85,2011-12-10 12:50:00
13225,Champions,3,16,15879.27,2011-12-10 12:50:00
13226,Lapsed low-value,273,2,312.46,2011-12-10 12:50:00
13227,Lapsed low-value,202,1,257.7,2011-12-10 12:50:00
13228,Lapsed low-value,81,1,358.0,2011-12-10 12:50:00
13229,Lapsed low-value,226,1,160.95,2011-12-10 12:50:00
13230,Champions,4,30,6306.72,2011-12-10 12:50:00
13232,Recent developing,13,7,1357.0,2011-12-10 12:50:00
13233,At-risk established,74,4,1176.46,2011-12-10 12:50:00
13234,Lapsed low-value,673,2,356.95,2011-12-10 12:50:00
13235,Lapsed low-value,212,1,1031.07,2011-12-10 12:50:00
13236,Recent developing,25,2,727.27,2011-12-10 12:50:00
13237,Lapsed low-value,388,1,643.0,2011-12-10 12:50:00
13238,Recent developing,17,6,986.73,2011-12-10 12:50:00
13239,At-risk established,262,5,1579.84,2011-12-10 12:50:00
13240,At-risk established,96,8,1640.77,2011-12-10 12:50:00
13241,Lapsed low-value,412,1,115.58,2011-12-10 12:50:00
13242,At-risk established,112,7,699.4,2011-12-10 12:50:00
13243,At-risk established,203,5,1278.04,2011-12-10 12:50:00
13244,Lapsed low-value,93,1,121.74000000000001,2011-12-10 12:50:00
13245,Recent developing,51,2,989.22,2011-12-10 12:50:00
13246,Champions,18,11,3268.38,2011-12-10 12:50:00
13247,Recent developing,18,4,501.12,2011-12-10 12:50:00
13248,Lapsed low-value,125,2,465.68,2011-12-10 12:50:00
13249,At-risk established,92,9,1608.93,2011-12-10 12:50:00
13250,Lapsed low-value,461,2,248.54000000000002,2011-12-10 12:50:00
13251,Lapsed low-value,402,1,252.68,2011-12-10 12:50:00
13252,Lapsed low-value,394,2,341.3,2011-12-10 12:50:00
13253,At-risk established,157,4,2951.11,2011-12-10 12:50:00
13254,Lapsed low-value,376,1,51.410000000000004,2011-12-10 12:50:00
13255,Recent developing,9,3,895.61,2011-12-10 12:50:00
13257,Lapsed low-value,436,1,117.95,2011-12-10 12:50:00
13258,Recent developing,12,5,1035.18,2011-12-10 12:50:00
13259,At-risk established,62,9,1429.63,2011-12-10 12:50:00
13260,Recent developing,61,1,557.62,2011-12-10 12:50:00
13261,At-risk established,269,2,944.1,2011-12-10 12:50:00
13262,At-risk established,263,3,573.45,2011-12-10 12:50:00
13263,Champions,1,38,8679.47,2011-12-10 12:50:00
13264,Lapsed low-value,443,1,722.5600000000001,2011-12-10 12:50:00
13265,At-risk established,53,5,2107.66,2011-12-10 12:50:00
13266,Champions,11,19,5965.3,2011-12-10 12:50:00
13267,Champions,3,36,9527.31,2011-12-10 12:50:00
13268,Champions,18,10,3153.8,2011-12-10 12:50:00
13269,Champions,1,28,8863.05,2011-12-10 12:50:00
13270,Lapsed low-value,366,1,1180.0,2011-12-10 12:50:00
13271,Recent developing,37,1,178.26,2011-12-10 12:50:00
13272,Recent developing,31,2,276.56,2011-12-10 12:50:00
13273,Lapsed low-value,113,1,138.98,2011-12-10 12:50:00
13274,Lapsed low-value,409,1,360.85,2011-12-10 12:50:00
13275,Lapsed low-value,384,2,241.66,2011-12-10 12:50:00
13276,At-risk established,64,5,1931.31,2011-12-10 12:50:00
13277,Recent developing,16,7,523.3,2011-12-10 12:50:00
13278,Recent developing,41,4,1425.35,2011-12-10 12:50:00
13279,Lapsed low-value,78,1,126.30000000000001,2011-12-10 12:50:00
13280,At-risk established,122,7,2297.13,2011-12-10 12:50:00
13281,Lapsed low-value,439,1,344.90000000000003,2011-12-10 12:50:00
13282,Recent developing,18,4,1270.14,2011-12-10 12:50:00
13283,Recent developing,60,4,373.36,2011-12-10 12:50:00
13284,Lapsed low-value,331,1,196.15,2011-12-10 12:50:00
13285,Champions,23,6,3364.59,2011-12-10 12:50:00
13286,Lapsed low-value,600,1,734.91,2011-12-10 12:50:00
13287,Lapsed low-value,603,3,547.47,2011-12-10 12:50:00
13288,At-risk established,443,5,893.61,2011-12-10 12:50:00
13289,Lapsed low-value,724,1,307.95,2011-12-10 12:50:00
13291,At-risk established,156,11,3320.84,2011-12-10 12:50:00
13292,Recent developing,39,5,987.79,2011-12-10 12:50:00
13293,At-risk established,392,6,1192.94,2011-12-10 12:50:00
13294,At-risk established,190,3,1689.53,2011-12-10 12:50:00
13295,At-risk established,360,4,1058.02,2011-12-10 12:50:00
13296,At-risk established,137,6,792.51,2011-12-10 12:50:00
13297,Champions,8,7,4352.67,2011-12-10 12:50:00
13298,Recent developing,1,1,360.0,2011-12-10 12:50:00
13299,At-risk established,268,3,1173.3,2011-12-10 12:50:00
13300,At-risk established,169,3,1267.21,2011-12-10 12:50:00
13301,At-risk established,104,4,600.19,2011-12-10 12:50:00
13302,Lapsed low-value,155,2,159.2,2011-12-10 12:50:00
13303,Lapsed low-value,400,1,61.72,2011-12-10 12:50:00
13304,At-risk established,351,4,1120.79,2011-12-10 12:50:00
13305,Champions,4,16,3754.71,2011-12-10 12:50:00
13306,Lapsed low-value,430,1,53.65,2011-12-10 12:50:00
13307,Lapsed low-value,120,3,273.34,2011-12-10 12:50:00
13308,Recent developing,23,4,1654.57,2011-12-10 12:50:00
13309,Recent developing,7,6,1706.3700000000001,2011-12-10 12:50:00
13310,Recent developing,28,5,1492.8,2011-12-10 12:50:00
13311,Recent developing,4,2,598.57,2011-12-10 12:50:00
13312,Lapsed low-value,451,1,124.75,2011-12-10 12:50:00
13313,Champions,22,12,3431.77,2011-12-10 12:50:00
13314,Recent developing,2,3,583.61,2011-12-10 12:50:00
13315,Lapsed low-value,689,1,310.26,2011-12-10 12:50:00
13316,Champions,37,10,13069.17,2011-12-10 12:50:00
13317,Champions,66,19,6077.581,2011-12-10 12:50:00
13318,Recent developing,1,3,640.76,2011-12-10 12:50:00
13319,Champions,5,58,21714.21,2011-12-10 12:50:00
13320,At-risk established,78,6,2160.95,2011-12-10 12:50:00
13321,Recent developing,72,2,567.36,2011-12-10 12:50:00
13322,Recent developing,17,1,199.48000000000002,2011-12-10 12:50:00
13323,Recent developing,3,5,787.85,2011-12-10 12:50:00
13324,Champions,36,18,10421.17,2011-12-10 12:50:00
13325,Recent developing,82,1,675.3,2011-12-10 12:50:00
13326,Lapsed low-value,432,1,281.76,2011-12-10 12:50:00
13327,Champions,39,19,9686.42,2011-12-10 12:50:00
13328,Lapsed low-value,316,1,1308.48,2011-12-10 12:50:00
13329,Champions,32,8,4977.82,2011-12-10 12:50:00
13330,At-risk established,93,6,2806.18,2011-12-10 12:50:00
13331,Lapsed low-value,402,1,262.4,2011-12-10 12:50:00
13332,Recent developing,14,1,350.9,2011-12-10 12:50:00
13333,At-risk established,411,3,1015.74,2011-12-10 12:50:00
13334,At-risk established,82,5,6263.75,2011-12-10 12:50:00
13336,Recent developing,77,1,795.12,2011-12-10 12:50:00
13337,Lapsed low-value,546,1,1550.06,2011-12-10 12:50:00
13338,At-risk established,158,4,2173.62,2011-12-10 12:50:00
13339,Lapsed low-value,201,1,860.12,2011-12-10 12:50:00
13340,Champions,45,12,22100.56,2011-12-10 12:50:00
13341,Lapsed low-value,261,1,775.85,2011-12-10 12:50:00
13343,Lapsed low-value,178,1,253.93,2011-12-10 12:50:00
13344,At-risk established,68,3,2543.72,2011-12-10 12:50:00
13345,Lapsed low-value,288,1,327.6,2011-12-10 12:50:00
13346,At-risk established,463,6,299.4,2011-12-10 12:50:00
13347,Lapsed low-value,70,1,291.36,2011-12-10 12:50:00
13348,Lapsed low-value,64,1,233.76,2011-12-10 12:50:00
13349,Recent developing,11,1,197.32,2011-12-10 12:50:00
13350,Recent developing,16,2,810.72,2011-12-10 12:50:00
13351,Lapsed low-value,66,1,323.94,2011-12-10 12:50:00
13352,Recent developing,60,1,339.28,2011-12-10 12:50:00
13354,Recent developing,71,1,743.53,2011-12-10 12:50:00
13355,Lapsed low-value,122,1,674.7,2011-12-10 12:50:00
13356,Recent developing,80,1,768.24,2011-12-10 12:50:00
13357,At-risk established,257,5,3817.36,2011-12-10 12:50:00
13358,Lapsed low-value,269,1,389.03,2011-12-10 12:50:00
13359,Recent developing,64,2,901.96,2011-12-10 12:50:00
13360,At-risk established,432,4,1464.1,2011-12-10 12:50:00
13361,At-risk established,472,2,1450.5,2011-12-10 12:50:00
13362,Champions,9,7,5357.57,2011-12-10 12:50:00
13363,Recent developing,18,3,1623.86,2011-12-10 12:50:00
13365,Recent developing,34,2,2191.22,2011-12-10 12:50:00
13366,Lapsed low-value,50,1,56.160000000000004,2011-12-10 12:50:00
13367,Lapsed low-value,432,1,460.20000000000005,2011-12-10 12:50:00
13368,At-risk established,257,4,986.1,2011-12-10 12:50:00
13369,Lapsed low-value,366,1,472.03000000000003,2011-12-10 12:50:00
13370,Lapsed low-value,372,1,1442.64,2011-12-10 12:50:00
13371,At-risk established,505,2,2271.46,2011-12-10 12:50:00
13372,Lapsed low-value,90,1,328.64,2011-12-10 12:50:00
13373,Champions,61,6,7587.1900000000005,2011-12-10 12:50:00
13374,Lapsed low-value,415,2,372.8,2011-12-10 12:50:00
13375,At-risk established,89,2,1786.48,2011-12-10 12:50:00
13376,At-risk established,99,3,869.76,2011-12-10 12:50:00
13377,At-risk established,397,2,1445.43,2011-12-10 12:50:00
13379,Recent developing,26,3,572.56,2011-12-10 12:50:00
13380,Lapsed low-value,433,1,62.4,2011-12-10 12:50:00
13381,Champions,32,12,8201.27,2011-12-10 12:50:00
13382,At-risk established,281,5,1387.58,2011-12-10 12:50:00
13383,Lapsed low-value,544,1,305.28000000000003,2011-12-10 12:50:00
13384,Champions,31,11,6635.09,2011-12-10 12:50:00
13385,Lapsed low-value,330,1,534.57,2011-12-10 12:50:00
13386,Lapsed low-value,414,2,835.46,2011-12-10 12:50:00
13387,Lapsed low-value,417,1,184.34,2011-12-10 12:50:00
13388,At-risk established,131,3,1135.7,2011-12-10 12:50:00
13389,Recent developing,11,3,797.96,2011-12-10 12:50:00
13390,Recent developing,75,1,544.08,2011-12-10 12:50:00
13391,Lapsed low-value,204,1,59.8,2011-12-10 12:50:00
13392,Lapsed low-value,677,1,91.14,2011-12-10 12:50:00
13393,At-risk established,584,4,1112.6,2011-12-10 12:50:00
13394,Champions,2,19,6351.58,2011-12-10 12:50:00
13395,At-risk established,185,3,1180.23,2011-12-10 12:50:00
13396,Recent developing,29,2,1325.29,2011-12-10 12:50:00
13397,Champions,73,10,3106.07,2011-12-10 12:50:00
13398,Lapsed low-value,192,2,670.34,2011-12-10 12:50:00
13399,Lapsed low-value,464,3,275.4,2011-12-10 12:50:00
13400,Lapsed low-value,583,1,300.93,2011-12-10 12:50:00
13402,At-risk established,127,4,1535.13,2011-12-10 12:50:00
13403,Recent developing,18,3,229.5,2011-12-10 12:50:00
13404,Recent developing,1,2,252.49,2011-12-10 12:50:00
13405,At-risk established,204,5,1181.56,2011-12-10 12:50:00
13406,Lapsed low-value,427,2,559.02,2011-12-10 12:50:00
13407,At-risk established,579,3,2177.54,2011-12-10 12:50:00
13410,Champions,24,9,2172.5099999999998,2011-12-10 12:50:00
13411,Lapsed low-value,107,1,213.55,2011-12-10 12:50:00
13412,Lapsed low-value,620,1,487.34999999999997,2011-12-10 12:50:00
13413,Lapsed low-value,640,5,353.12,2011-12-10 12:50:00
13414,At-risk established,134,6,2494.14,2011-12-10 12:50:00
13415,At-risk established,473,4,681.92,2011-12-10 12:50:00
13416,Recent developing,44,3,940.8000000000001,2011-12-10 12:50:00
13417,Recent developing,5,6,1593.89,2011-12-10 12:50:00
13418,Champions,12,31,11914.16,2011-12-10 12:50:00
13419,Lapsed low-value,64,1,221.06,2011-12-10 12:50:00
13420,Lapsed low-value,150,2,140.35,2011-12-10 12:50:00
13421,Champions,40,8,4090.52,2011-12-10 12:50:00
13422,Recent developing,64,1,2601.55,2011-12-10 12:50:00
13423,Lapsed low-value,429,1,217.03,2011-12-10 12:50:00
13424,Lapsed low-value,450,1,557.92,2011-12-10 12:50:00
13425,At-risk established,108,5,3385.83,2011-12-10 12:50:00
13426,Champions,1,22,8084.38,2011-12-10 12:50:00
13427,Recent developing,19,6,1006.53,2011-12-10 12:50:00
13428,Recent developing,10,3,499.98,2011-12-10 12:50:00
13429,Recent developing,11,4,1006.8,2011-12-10 12:50:00
13430,Recent developing,19,2,652.07,2011-12-10 12:50:00
13431,At-risk established,67,8,3289.24,2011-12-10 12:50:00
13432,Lapsed low-value,571,2,436.55,2011-12-10 12:50:00
13433,At-risk established,501,4,656.87,2011-12-10 12:50:00
13434,At-risk established,74,5,1666.8600000000001,2011-12-10 12:50:00
13435,Champions,5,9,4458.63,2011-12-10 12:50:00
13436,Recent developing,2,1,196.89,2011-12-10 12:50:00
13437,Champions,14,7,3408.06,2011-12-10 12:50:00
13438,Lapsed low-value,547,1,46.5,2011-12-10 12:50:00
13439,At-risk established,255,3,986.61,2011-12-10 12:50:00
13440,At-risk established,423,5,1230.8,2011-12-10 12:50:00
13441,Recent developing,92,2,720.9,2011-12-10 12:50:00
13442,Lapsed low-value,667,3,419.87,2011-12-10 12:50:00
13443,At-risk established,449,6,1243.92,2011-12-10 12:50:00
13444,Lapsed low-value,374,2,631.6800000000001,2011-12-10 12:50:00
13445,Lapsed low-value,626,1,241.89999999999998,2011-12-10 12:50:00
13446,At-risk established,430,11,3689.77,2011-12-10 12:50:00
13447,Recent developing,23,3,1104.81,2011-12-10 12:50:00
13448,Champions,17,12,8807.460000000001,2011-12-10 12:50:00
13449,Recent developing,24,1,291.88,2011-12-10 12:50:00
13450,Champions,27,13,4117.54,2011-12-10 12:50:00
13451,Champions,26,11,7130.08,2011-12-10 12:50:00
13452,At-risk established,259,3,729.8,2011-12-10 12:50:00
13453,At-risk established,166,3,758.99,2011-12-10 12:50:00
13454,Lapsed low-value,641,1,219.87,2011-12-10 12:50:00
13455,Champions,25,6,2774.82,2011-12-10 12:50:00
13456,Recent developing,18,6,1737.8200000000002,2011-12-10 12:50:00
13457,Lapsed low-value,689,2,143.27,2011-12-10 12:50:00
13458,Champions,7,16,11850.62,2011-12-10 12:50:00
13459,At-risk established,625,2,1160.4099999999999,2011-12-10 12:50:00
13460,Recent developing,29,2,183.44,2011-12-10 12:50:00
13461,Champions,39,6,4141.3,2011-12-10 12:50:00
13462,At-risk established,253,5,1145.6,2011-12-10 12:50:00
13464,At-risk established,58,6,3097.64,2011-12-10 12:50:00
13465,At-risk established,446,2,931.12,2011-12-10 12:50:00
13466,At-risk established,184,5,952.25,2011-12-10 12:50:00
13467,Recent developing,11,2,1083.71,2011-12-10 12:50:00
13468,Champions,2,72,13133.84,2011-12-10 12:50:00
13469,Lapsed low-value,653,1,82.4,2011-12-10 12:50:00
13470,Lapsed low-value,99,2,165.0,2011-12-10 12:50:00
13471,Recent developing,1,4,2531.58,2011-12-10 12:50:00
13472,Lapsed low-value,464,2,592.24,2011-12-10 12:50:00
13473,At-risk established,61,8,2446.26,2011-12-10 12:50:00
13474,At-risk established,236,3,663.79,2011-12-10 12:50:00
13475,At-risk established,191,4,1431.78,2011-12-10 12:50:00
13476,At-risk established,179,5,1915.77,2011-12-10 12:50:00
13477,Champions,38,11,2821.12,2011-12-10 12:50:00
13478,At-risk established,469,5,2068.03,2011-12-10 12:50:00
13479,At-risk established,201,4,808.5,2011-12-10 12:50:00
13480,Lapsed low-value,417,2,627.82,2011-12-10 12:50:00
13481,Champions,46,10,3798.84,2011-12-10 12:50:00
13482,Lapsed low-value,232,2,336.09,2011-12-10 12:50:00
13483,Lapsed low-value,66,1,140.34,2011-12-10 12:50:00
13484,At-risk established,241,3,767.32,2011-12-10 12:50:00
13485,At-risk established,233,11,2966.67,2011-12-10 12:50:00
13486,At-risk established,78,3,1122.41,2011-12-10 12:50:00
13487,At-risk established,58,5,846.87,2011-12-10 12:50:00
13488,Champions,17,23,15513.73,2011-12-10 12:50:00
13489,At-risk established,105,4,449.52,2011-12-10 12:50:00
13490,Lapsed low-value,654,1,154.25,2011-12-10 12:50:00
13491,Champions,52,27,4566.56,2011-12-10 12:50:00
13492,At-risk established,136,3,1269.84,2011-12-10 12:50:00
13493,Lapsed low-value,275,2,498.63,2011-12-10 12:50:00
13494,Lapsed low-value,312,1,316.26000000000005,2011-12-10 12:50:00
13495,Champions,8,10,5246.61,2011-12-10 12:50:00
13496,Recent developing,11,2,617.93,2011-12-10 12:50:00
13497,At-risk established,283,6,1266.33,2011-12-10 12:50:00
13498,Lapsed low-value,730,1,327.38,2011-12-10 12:50:00
13499,Recent developing,18,5,1146.96,2011-12-10 12:50:00
13500,Recent developing,23,4,1436.3,2011-12-10 12:50:00
13501,At-risk established,288,3,2844.61,2011-12-10 12:50:00
13502,Recent developing,17,5,774.6,2011-12-10 12:50:00
13503,At-risk established,71,5,1777.39,2011-12-10 12:50:00
13504,Lapsed low-value,64,1,295.93,2011-12-10 12:50:00
13505,At-risk established,73,4,3522.88,2011-12-10 12:50:00
13506,At-risk established,316,5,1609.65,2011-12-10 12:50:00
13507,Recent developing,3,4,2479.16,2011-12-10 12:50:00
13508,Lapsed low-value,244,2,287.05,2011-12-10 12:50:00
13509,Recent developing,9,7,1099.72,2011-12-10 12:50:00
13510,Champions,1,11,4497.59,2011-12-10 12:50:00
13511,Lapsed low-value,677,1,244.61,2011-12-10 12:50:00
13512,At-risk established,261,4,713.39,2011-12-10 12:50:00
13513,At-risk established,127,3,814.69,2011-12-10 12:50:00
13514,At-risk established,74,4,815.9000000000001,2011-12-10 12:50:00
13515,At-risk established,73,6,1265.82,2011-12-10 12:50:00
13516,Recent developing,21,4,1685.26,2011-12-10 12:50:00
13517,At-risk established,60,3,2109.07,2011-12-10 12:50:00
13518,Lapsed low-value,86,1,659.4399999999999,2011-12-10 12:50:00
13519,Recent developing,78,2,331.26,2011-12-10 12:50:00
13520,Champions,59,11,5560.65,2011-12-10 12:50:00
13521,Recent developing,1,3,1092.39,2011-12-10 12:50:00
13522,Recent developing,30,1,125.80000000000001,2011-12-10 12:50:00
13523,Champions,33,6,4894.62,2011-12-10 12:50:00
13524,Recent developing,41,5,680.1800000000001,2011-12-10 12:50:00
13525,Recent developing,15,2,628.78,2011-12-10 12:50:00
13526,Lapsed low-value,738,2,942.5999999999999,2011-12-10 12:50:00
13527,Champions,34,12,4659.99,2011-12-10 12:50:00
13529,Lapsed low-value,79,2,307.76,2011-12-10 12:50:00
13530,Lapsed low-value,634,1,402.97999999999996,2011-12-10 12:50:00
13531,At-risk established,205,6,1738.52,2011-12-10 12:50:00
13532,Recent developing,34,1,210.31,2011-12-10 12:50:00
13533,Lapsed low-value,183,3,270.79,2011-12-10 12:50:00
13534,Champions,2,35,7371.78,2011-12-10 12:50:00
13535,Lapsed low-value,403,1,89.5,2011-12-10 12:50:00
13536,Champions,1,7,3448.29,2011-12-10 12:50:00
13537,Lapsed low-value,426,2,717.85,2011-12-10 12:50:00
13538,Champions,43,12,3112.73,2011-12-10 12:50:00
13539,At-risk established,86,7,1556.76,2011-12-10 12:50:00
13540,At-risk established,467,3,632.39,2011-12-10 12:50:00
13541,Lapsed low-value,427,2,719.5,2011-12-10 12:50:00
13542,At-risk established,377,17,3970.77,2011-12-10 12:50:00
13543,At-risk established,634,2,1439.6100000000001,2011-12-10 12:50:00
13544,Recent developing,40,6,820.5,2011-12-10 12:50:00
13545,Lapsed low-value,391,2,374.64,2011-12-10 12:50:00
13546,Recent developing,12,5,1092.14,2011-12-10 12:50:00
13547,Lapsed low-value,408,1,172.98,2011-12-10 12:50:00
13548,At-risk established,96,3,908.99,2011-12-10 12:50:00
13549,Recent developing,26,8,1005.8,2011-12-10 12:50:00
13550,Lapsed low-value,383,1,349.51,2011-12-10 12:50:00
13551,Lapsed low-value,319,2,244.2,2011-12-10 12:50:00
13552,Champions,66,22,6637.2300000000005,2011-12-10 12:50:00
13553,Lapsed low-value,675,1,517.8,2011-12-10 12:50:00
13554,At-risk established,380,7,1556.39,2011-12-10 12:50:00
13555,Champions,74,13,8900.94,2011-12-10 12:50:00
13556,Lapsed low-value,429,2,200.82,2011-12-10 12:50:00
13557,Champions,28,13,2994.93,2011-12-10 12:50:00
13558,Recent developing,6,4,605.06,2011-12-10 12:50:00
13559,At-risk established,513,2,990.0,2011-12-10 12:50:00
13560,Recent developing,7,1,174.37,2011-12-10 12:50:00
13561,At-risk established,216,11,1820.72,2011-12-10 12:50:00
13562,At-risk established,82,8,4838.18,2011-12-10 12:50:00
13563,Recent developing,84,2,777.53,2011-12-10 12:50:00
13565,Recent developing,19,3,414.8,2011-12-10 12:50:00
13566,At-risk established,41,5,1704.27,2011-12-10 12:50:00
13567,At-risk established,428,4,1078.59,2011-12-10 12:50:00
13568,Lapsed low-value,173,1,192.85,2011-12-10 12:50:00
13569,Recent developing,17,4,892.28,2011-12-10 12:50:00
13570,Lapsed low-value,243,1,239.49,2011-12-10 12:50:00
13571,Champions,13,26,4546.54,2011-12-10 12:50:00
13572,At-risk established,206,1,1384.25,2011-12-10 12:50:00
13573,At-risk established,50,6,915.02,2011-12-10 12:50:00
13574,Lapsed low-value,411,1,421.25,2011-12-10 12:50:00
13575,Recent developing,23,5,732.0699999999999,2011-12-10 12:50:00
13576,Champions,10,28,11516.57,2011-12-10 12:50:00
13577,Champions,25,10,3361.42,2011-12-10 12:50:00
13578,Lapsed low-value,409,1,147.66,2011-12-10 12:50:00
13579,Recent developing,15,5,1535.84,2011-12-10 12:50:00
13580,Lapsed low-value,406,1,107.75,2011-12-10 12:50:00
13581,Lapsed low-value,309,2,280.53000000000003,2011-12-10 12:50:00
13582,Lapsed low-value,390,2,241.68,2011-12-10 12:50:00
13583,At-risk established,156,2,1445.031,2011-12-10 12:50:00
13584,Lapsed low-value,307,2,347.15,2011-12-10 12:50:00
13585,At-risk established,531,3,674.46,2011-12-10 12:50:00
13586,Lapsed low-value,541,1,131.53,2011-12-10 12:50:00
13587,At-risk established,64,4,1315.7,2011-12-10 12:50:00
13588,Champions,16,9,2449.92,2011-12-10 12:50:00
13589,Recent developing,15,6,1120.74,2011-12-10 12:50:00
13590,Champions,11,18,6304.24,2011-12-10 12:50:00
13591,At-risk established,65,7,2081.19,2011-12-10 12:50:00
13592,Recent developing,36,4,247.95999999999998,2011-12-10 12:50:00
13593,Champions,108,14,5475.21,2011-12-10 12:50:00
13594,Recent developing,53,2,533.32,2011-12-10 12:50:00
13595,At-risk established,517,3,818.22,2011-12-10 12:50:00
13596,Recent developing,6,2,697.04,2011-12-10 12:50:00
13597,Lapsed low-value,400,2,377.21,2011-12-10 12:50:00
13598,Recent developing,47,5,776.84,2011-12-10 12:50:00
13599,Champions,1,33,9780.74,2011-12-10 12:50:00
13600,Lapsed low-value,312,2,518.42,2011-12-10 12:50:00
13601,Recent developing,45,4,1185.14,2011-12-10 12:50:00
13602,At-risk established,65,4,1025.17,2011-12-10 12:50:00
13603,Recent developing,26,1,164.34,2011-12-10 12:50:00
13604,Lapsed low-value,659,1,713.39,2011-12-10 12:50:00
13605,Lapsed low-value,387,2,522.67,2011-12-10 12:50:00
13606,Recent developing,29,3,280.53999999999996,2011-12-10 12:50:00
13607,Recent developing,40,2,1060.6100000000001,2011-12-10 12:50:00
13608,Lapsed low-value,541,1,236.2,2011-12-10 12:50:00
13609,Lapsed low-value,593,1,167.35,2011-12-10 12:50:00
13610,Champions,12,14,2142.88,2011-12-10 12:50:00
13611,At-risk established,89,10,3281.03,2011-12-10 12:50:00
13612,Lapsed low-value,633,1,798.04,2011-12-10 12:50:00
13613,At-risk established,453,5,1039.8500000000001,2011-12-10 12:50:00
13614,Champions,24,6,2359.19,2011-12-10 12:50:00
13615,At-risk established,319,8,6212.2300000000005,2011-12-10 12:50:00
13616,Lapsed low-value,568,2,288.1,2011-12-10 12:50:00
13617,At-risk established,40,8,1263.8,2011-12-10 12:50:00
13618,Lapsed low-value,174,1,177.34,2011-12-10 12:50:00
13619,Lapsed low-value,545,2,230.19,2011-12-10 12:50:00
13620,Lapsed low-value,528,1,112.34,2011-12-10 12:50:00
13621,Lapsed low-value,117,1,213.85,2011-12-10 12:50:00
13622,Lapsed low-value,696,1,651.45,2011-12-10 12:50:00
13623,Champions,31,10,2515.81,2011-12-10 12:50:00
13624,Lapsed low-value,388,1,427.18,2011-12-10 12:50:00
13625,Lapsed low-value,597,1,301.26,2011-12-10 12:50:00
13626,Lapsed low-value,253,2,689.49,2011-12-10 12:50:00
13627,At-risk established,59,7,2217.55,2011-12-10 12:50:00
13628,Lapsed low-value,676,1,310.14,2011-12-10 12:50:00
13629,Champions,23,19,13370.86,2011-12-10 12:50:00
13630,Champions,5,7,1995.68,2011-12-10 12:50:00
13631,At-risk established,100,11,3021.77,2011-12-10 12:50:00
13632,Champions,25,8,3634.7000000000003,2011-12-10 12:50:00
13634,Champions,33,15,4473.86,2011-12-10 12:50:00
13635,At-risk established,68,4,2959.32,2011-12-10 12:50:00
13636,Recent developing,37,5,941.62,2011-12-10 12:50:00
13637,Recent developing,52,3,809.25,2011-12-10 12:50:00
13638,Recent developing,16,1,122.64,2011-12-10 12:50:00
13639,At-risk established,74,2,1346.27,2011-12-10 12:50:00
13640,Lapsed low-value,611,1,405.0,2011-12-10 12:50:00
13641,At-risk established,641,4,901.27,2011-12-10 12:50:00
13642,At-risk established,216,4,501.97,2011-12-10 12:50:00
13643,Champions,31,10,2122.07,2011-12-10 12:50:00
13644,Recent developing,16,4,2597.52,2011-12-10 12:50:00
13645,Lapsed low-value,120,1,252.1,2011-12-10 12:50:00
13646,Lapsed low-value,400,2,326.25,2011-12-10 12:50:00
13647,Champions,10,8,3063.78,2011-12-10 12:50:00
13648,At-risk established,400,7,1681.1200000000001,2011-12-10 12:50:00
13649,At-risk established,257,6,1678.88,2011-12-10 12:50:00
13650,Champions,17,10,3156.15,2011-12-10 12:50:00
13651,Recent developing,40,2,193.95,2011-12-10 12:50:00
13652,At-risk established,46,5,2570.85,2011-12-10 12:50:00
13653,Lapsed low-value,488,1,152.2,2011-12-10 12:50:00
13654,Champions,43,11,6308.0,2011-12-10 12:50:00
13655,At-risk established,114,6,2261.66,2011-12-10 12:50:00
13656,At-risk established,165,4,1061.85,2011-12-10 12:50:00
13657,Recent developing,11,2,382.14,2011-12-10 12:50:00
13658,Champions,10,9,5772.07,2011-12-10 12:50:00
13659,At-risk established,206,12,4759.93,2011-12-10 12:50:00
13660,Lapsed low-value,400,1,303.69,2011-12-10 12:50:00
13661,Lapsed low-value,603,1,325.24,2011-12-10 12:50:00
13662,At-risk established,86,11,2182.56,2011-12-10 12:50:00
13663,At-risk established,179,5,2013.6100000000001,2011-12-10 12:50:00
13665,At-risk established,386,3,1711.6599999999999,2011-12-10 12:50:00
13667,Lapsed low-value,149,1,305.02,2011-12-10 12:50:00
13668,Champions,3,35,12754.28,2011-12-10 12:50:00
13669,Recent developing,51,3,413.55,2011-12-10 12:50:00
13670,Lapsed low-value,75,1,349.7,2011-12-10 12:50:00
13671,Lapsed low-value,395,1,194.95,2011-12-10 12:50:00
13672,Lapsed low-value,301,2,295.66,2011-12-10 12:50:00
13673,Recent developing,19,2,396.92,2011-12-10 12:50:00
13674,Lapsed low-value,433,1,215.88,2011-12-10 12:50:00
13675,Lapsed low-value,151,2,486.82000000000005,2011-12-10 12:50:00
13676,Lapsed low-value,539,2,153.15,2011-12-10 12:50:00
13677,Lapsed low-value,405,2,556.1899999999999,2011-12-10 12:50:00
13678,Lapsed low-value,152,1,232.6,2011-12-10 12:50:00
13679,Lapsed low-value,494,3,281.26,2011-12-10 12:50:00
13680,Champions,1,12,9911.36,2011-12-10 12:50:00
13681,Recent developing,18,4,827.83,2011-12-10 12:50:00
13682,Lapsed low-value,187,1,59.5,2011-12-10 12:50:00
13683,Lapsed low-value,458,1,258.6,2011-12-10 12:50:00
13684,At-risk established,286,4,549.13,2011-12-10 12:50:00
13685,Champions,3,7,3119.44,2011-12-10 12:50:00
13686,Lapsed low-value,183,3,409.04,2011-12-10 12:50:00
13688,Lapsed low-value,635,1,375.5,2011-12-10 12:50:00
13689,Recent developing,63,2,1259.5,2011-12-10 12:50:00
13690,Lapsed low-value,59,1,172.25,2011-12-10 12:50:00
13691,Lapsed low-value,396,1,210.78,2011-12-10 12:50:00
13692,Champions,25,5,3022.9500000000003,2011-12-10 12:50:00
13693,At-risk established,374,9,1979.82,2011-12-10 12:50:00
13695,Champions,31,16,2770.73,2011-12-10 12:50:00
13696,At-risk established,422,3,2020.4,2011-12-10 12:50:00
13697,Recent developing,39,1,151.29999999999998,2011-12-10 12:50:00
13698,Lapsed low-value,597,2,465.53000000000003,2011-12-10 12:50:00
13699,At-risk established,155,2,711.4,2011-12-10 12:50:00
13700,Champions,26,13,2613.46,2011-12-10 12:50:00
13701,Lapsed low-value,447,1,159.55,2011-12-10 12:50:00
13702,Lapsed low-value,446,1,135.18,2011-12-10 12:50:00
13703,Lapsed low-value,318,1,99.5,2011-12-10 12:50:00
13704,Champions,5,9,2295.31,2011-12-10 12:50:00
13705,Champions,8,7,2035.33,2011-12-10 12:50:00
13706,Lapsed low-value,303,2,631.17,2011-12-10 12:50:00
13707,At-risk established,267,5,3365.86,2011-12-10 12:50:00
13708,Lapsed low-value,271,1,294.88,2011-12-10 12:50:00
13709,Champions,4,18,7512.81,2011-12-10 12:50:00
13710,Recent developing,32,3,509.52,2011-12-10 12:50:00
13711,At-risk established,219,9,1689.81,2011-12-10 12:50:00
13712,Lapsed low-value,247,2,766.42,2011-12-10 12:50:00
13713,At-risk established,408,3,743.26,2011-12-10 12:50:00
13714,Lapsed low-value,465,1,161.35,2011-12-10 12:50:00
13715,Champions,281,17,8438.34,2011-12-10 12:50:00
13716,Lapsed low-value,269,1,138.28,2011-12-10 12:50:00
13717,Champions,32,8,1748.05,2011-12-10 12:50:00
13718,Lapsed low-value,246,2,306.55,2011-12-10 12:50:00
13719,Champions,15,11,2814.27,2011-12-10 12:50:00
13720,At-risk established,117,4,799.9,2011-12-10 12:50:00
13721,Recent developing,36,2,741.54,2011-12-10 12:50:00
13722,At-risk established,132,10,5629.16,2011-12-10 12:50:00
13723,At-risk established,217,6,1209.2,2011-12-10 12:50:00
13724,Lapsed low-value,637,1,213.01,2011-12-10 12:50:00
13725,At-risk established,50,8,1882.36,2011-12-10 12:50:00
13726,Recent developing,39,2,1079.6599999999999,2011-12-10 12:50:00
13727,Recent developing,29,8,1067.3,2011-12-10 12:50:00
13728,Champions,37,16,2855.17,2011-12-10 12:50:00
13729,At-risk established,436,3,681.53,2011-12-10 12:50:00
13730,At-risk established,136,2,752.6,2011-12-10 12:50:00
13731,Lapsed low-value,219,2,610.59,2011-12-10 12:50:00
13732,Recent developing,28,1,491.86,2011-12-10 12:50:00
13733,Lapsed low-value,411,2,487.03000000000003,2011-12-10 12:50:00
13734,At-risk established,509,2,3451.2900000000004,2011-12-10 12:50:00
13735,Champions,25,13,9470.13,2011-12-10 12:50:00
13736,Champions,5,7,2721.71,2011-12-10 12:50:00
13737,Lapsed low-value,200,1,339.59999999999997,2011-12-10 12:50:00
13738,Lapsed low-value,396,1,440.93,2011-12-10 12:50:00
13739,Recent developing,18,2,292.2,2011-12-10 12:50:00
13740,At-risk established,241,5,1597.77,2011-12-10 12:50:00
13741,Recent developing,72,3,666.33,2011-12-10 12:50:00
13742,Champions,17,12,3102.42,2011-12-10 12:50:00
13743,Champions,3,7,1340.35,2011-12-10 12:50:00
13744,At-risk established,95,2,1156.36,2011-12-10 12:50:00
13745,At-risk established,162,2,761.27,2011-12-10 12:50:00
13746,Lapsed low-value,414,1,176.69,2011-12-10 12:50:00
13747,Lapsed low-value,374,2,249.39999999999998,2011-12-10 12:50:00
13748,At-risk established,96,9,2268.35,2011-12-10 12:50:00
13750,Champions,54,11,3561.08,2011-12-10 12:50:00
13751,Lapsed low-value,288,1,296.25,2011-12-10 12:50:00
13752,At-risk established,124,7,1590.73,2011-12-10 12:50:00
13753,At-risk established,288,4,2094.57,2011-12-10 12:50:00
13754,Lapsed low-value,152,3,447.05,2011-12-10 12:50:00
13755,Champions,4,9,2154.68,2011-12-10 12:50:00
13756,Champions,2,23,9143.2,2011-12-10 12:50:00
13757,Lapsed low-value,675,1,195.55,2011-12-10 12:50:00
13758,Champions,12,14,9273.64,2011-12-10 12:50:00
13759,Recent developing,33,2,659.4100000000001,2011-12-10 12:50:00
13760,At-risk established,54,5,1358.6399999999999,2011-12-10 12:50:00
13761,At-risk established,50,6,1952.17,2011-12-10 12:50:00
13762,At-risk established,219,5,2174.88,2011-12-10 12:50:00
13763,At-risk established,63,3,5183.4400000000005,2011-12-10 12:50:00
13764,At-risk established,71,6,2942.31,2011-12-10 12:50:00
13765,Lapsed low-value,653,1,352.821,2011-12-10 12:50:00
13766,Lapsed low-value,495,1,190.35,2011-12-10 12:50:00
13767,Champions,2,73,35131.28,2011-12-10 12:50:00
13768,Lapsed low-value,727,2,875.97,2011-12-10 12:50:00
13769,Champions,2,20,5766.63,2011-12-10 12:50:00
13770,At-risk established,422,4,785.37,2011-12-10 12:50:00
13771,Champions,64,9,5726.07,2011-12-10 12:50:00
13772,Champions,34,8,3094.72,2011-12-10 12:50:00
13773,Lapsed low-value,397,2,301.54,2011-12-10 12:50:00
13774,Lapsed low-value,82,1,345.0,2011-12-10 12:50:00
13775,Lapsed low-value,591,1,1049.66,2011-12-10 12:50:00
13777,Champions,1,61,56139.8,2011-12-10 12:50:00
13778,At-risk established,103,4,1124.49,2011-12-10 12:50:00
13779,Lapsed low-value,516,1,161.13,2011-12-10 12:50:00
13780,Recent developing,7,3,735.82,2011-12-10 12:50:00
13781,At-risk established,251,3,770.88,2011-12-10 12:50:00
13782,Champions,13,13,1785.77,2011-12-10 12:50:00
13783,At-risk established,488,4,1542.09,2011-12-10 12:50:00
13784,Champions,10,14,2898.97,2011-12-10 12:50:00
13785,At-risk established,429,4,542.49,2011-12-10 12:50:00
13786,At-risk established,367,6,3343.94,2011-12-10 12:50:00
13787,At-risk established,76,6,1174.06,2011-12-10 12:50:00
13789,Lapsed low-value,388,1,239.45999999999998,2011-12-10 12:50:00
13790,Recent developing,4,1,348.8,2011-12-10 12:50:00
13791,At-risk established,128,2,1047.68,2011-12-10 12:50:00
13792,Recent developing,66,3,383.95,2011-12-10 12:50:00
13793,Lapsed low-value,647,1,96.0,2011-12-10 12:50:00
13794,Lapsed low-value,547,1,126.03,2011-12-10 12:50:00
13795,At-risk established,388,4,836.3,2011-12-10 12:50:00
13796,Lapsed low-value,499,1,289.7,2011-12-10 12:50:00
13797,At-risk established,437,3,1168.45,2011-12-10 12:50:00
13799,At-risk established,117,9,2224.8,2011-12-10 12:50:00
13800,At-risk established,310,3,1679.56,2011-12-10 12:50:00
13801,Lapsed low-value,67,1,324.8,2011-12-10 12:50:00
13802,Champions,139,19,25511.78,2011-12-10 12:50:00
13803,At-risk established,255,3,1319.1100000000001,2011-12-10 12:50:00
13804,Champions,31,9,3208.52,2011-12-10 12:50:00
13805,Recent developing,52,2,924.6,2011-12-10 12:50:00
13806,Lapsed low-value,64,1,256.38,2011-12-10 12:50:00
13807,Lapsed low-value,367,3,534.8,2011-12-10 12:50:00
13808,Recent developing,6,5,1747.66,2011-12-10 12:50:00
13809,At-risk established,305,3,679.7,2011-12-10 12:50:00
13810,Recent developing,29,2,827.51,2011-12-10 12:50:00
13811,Lapsed low-value,184,2,519.75,2011-12-10 12:50:00
13812,Recent developing,42,3,485.0,2011-12-10 12:50:00
13813,Champions,40,8,2308.42,2011-12-10 12:50:00
13814,At-risk established,92,3,2239.07,2011-12-10 12:50:00
13815,Champions,22,8,6547.79,2011-12-10 12:50:00
13816,Recent developing,24,2,485.95,2011-12-10 12:50:00
13817,Recent developing,29,2,328.98,2011-12-10 12:50:00
13818,Lapsed low-value,430,1,61.28,2011-12-10 12:50:00
13819,At-risk established,302,6,2631.1,2011-12-10 12:50:00
13820,At-risk established,418,3,653.9,2011-12-10 12:50:00
13821,At-risk established,145,6,1387.03,2011-12-10 12:50:00
13822,Recent developing,6,2,632.0,2011-12-10 12:50:00
13823,Champions,19,7,3358.55,2011-12-10 12:50:00
13824,Champions,33,12,3273.36,2011-12-10 12:50:00
13825,Lapsed low-value,622,2,255.59,2011-12-10 12:50:00
13826,Lapsed low-value,176,1,179.55,2011-12-10 12:50:00
13827,Recent developing,58,3,412.05,2011-12-10 12:50:00
13828,Recent developing,22,1,209.49,2011-12-10 12:50:00
13830,Lapsed low-value,582,1,135.95000000000002,2011-12-10 12:50:00
13831,Champions,16,18,7012.08,2011-12-10 12:50:00
13832,Recent developing,19,2,602.4399999999999,2011-12-10 12:50:00
13833,At-risk established,159,2,701.36,2011-12-10 12:50:00
13834,Lapsed low-value,577,2,324.19,2011-12-10 12:50:00
13835,Recent developing,25,7,1058.32,2011-12-10 12:50:00
13836,Lapsed low-value,399,2,602.52,2011-12-10 12:50:00
13837,Lapsed low-value,212,2,271.24,2011-12-10 12:50:00
13838,Champions,6,10,1966.09,2011-12-10 12:50:00
13839,Lapsed low-value,486,1,139.95000000000002,2011-12-10 12:50:00
13840,Lapsed low-value,416,1,651.4,2011-12-10 12:50:00
13841,Lapsed low-value,253,1,85.0,2011-12-10 12:50:00
13842,Champions,59,18,5603.26,2011-12-10 12:50:00
13843,Lapsed low-value,381,1,319.75,2011-12-10 12:50:00
13844,Recent developing,11,1,361.62,2011-12-10 12:50:00
13845,Lapsed low-value,65,1,312.98,2011-12-10 12:50:00
13846,Recent developing,25,4,1290.34,2011-12-10 12:50:00
13847,Lapsed low-value,720,1,310.72,2011-12-10 12:50:00
13848,At-risk established,92,8,3335.0,2011-12-10 12:50:00
13849,At-risk established,52,5,3443.8,2011-12-10 12:50:00
13850,At-risk established,129,1,1586.81,2011-12-10 12:50:00
13851,At-risk established,96,8,4516.76,2011-12-10 12:50:00
13852,Lapsed low-value,611,1,170.45000000000002,2011-12-10 12:50:00
13853,Recent developing,57,1,1056.94,2011-12-10 12:50:00
13854,Champions,9,39,12157.16,2011-12-10 12:50:00
13855,At-risk established,501,4,1257.69,2011-12-10 12:50:00
13856,At-risk established,169,11,1070.83,2011-12-10 12:50:00
13857,At-risk established,393,6,997.01,2011-12-10 12:50:00
13858,Lapsed low-value,57,1,216.17,2011-12-10 12:50:00
13859,Lapsed low-value,326,2,515.86,2011-12-10 12:50:00
13860,Recent developing,1,5,1240.0,2011-12-10 12:50:00
13861,Lapsed low-value,429,2,251.31,2011-12-10 12:50:00
13862,Champions,18,9,2534.04,2011-12-10 12:50:00
13863,At-risk established,248,4,1217.63,2011-12-10 12:50:00
13864,Lapsed low-value,387,1,662.4000000000001,2011-12-10 12:50:00
13865,Recent developing,58,4,501.56,2011-12-10 12:50:00
13866,Lapsed low-value,74,1,145.67000000000002,2011-12-10 12:50:00
13867,Recent developing,31,3,1015.29,2011-12-10 12:50:00
13868,Recent developing,7,2,3192.54,2011-12-10 12:50:00
13869,Champions,123,10,8111.57,2011-12-10 12:50:00
13870,Champions,2,15,5689.84,2011-12-10 12:50:00
13871,Champions,23,17,7805.35,2011-12-10 12:50:00
13872,At-risk established,527,3,908.27,2011-12-10 12:50:00
13873,At-risk established,120,8,1031.02,2011-12-10 12:50:00
13874,At-risk established,358,7,2018.7,2011-12-10 12:50:00
13875,Champions,54,14,4814.37,2011-12-10 12:50:00
13876,Lapsed low-value,64,1,122.7,2011-12-10 12:50:00
13877,Recent developing,86,3,446.33,2011-12-10 12:50:00
13878,At-risk established,55,4,2473.06,2011-12-10 12:50:00
13879,Lapsed low-value,646,1,395.5,2011-12-10 12:50:00
13880,Champions,21,17,4391.66,2011-12-10 12:50:00
13881,Champions,4,42,44392.5,2011-12-10 12:50:00
13882,Recent developing,3,5,1131.28,2011-12-10 12:50:00
13883,Champions,11,14,6336.59,2011-12-10 12:50:00
13884,Champions,7,10,1852.38,2011-12-10 12:50:00
13885,Lapsed low-value,189,2,506.8,2011-12-10 12:50:00
13886,Lapsed low-value,71,1,243.56,2011-12-10 12:50:00
13887,Lapsed low-value,204,1,349.55,2011-12-10 12:50:00
13888,At-risk established,120,7,2169.05,2011-12-10 12:50:00
13889,At-risk established,93,6,1902.98,2011-12-10 12:50:00
13890,Champions,1,14,2869.38,2011-12-10 12:50:00
13891,At-risk established,378,3,863.5600000000001,2011-12-10 12:50:00
13892,Recent developing,27,6,1267.6499999999999,2011-12-10 12:50:00
13893,Lapsed low-value,298,1,821.1,2011-12-10 12:50:00
13894,Recent developing,24,3,535.97,2011-12-10 12:50:00
13895,Champions,28,6,3923.62,2011-12-10 12:50:00
13896,Lapsed low-value,626,1,388.55,2011-12-10 12:50:00
13897,Recent developing,50,3,1160.72,2011-12-10 12:50:00
13898,Lapsed low-value,326,2,686.4,2011-12-10 12:50:00
13899,Recent developing,16,2,388.52,2011-12-10 12:50:00
13900,At-risk established,183,6,1608.09,2011-12-10 12:50:00
13901,Champions,72,15,5599.34,2011-12-10 12:50:00
13903,Lapsed low-value,400,1,165.45000000000002,2011-12-10 12:50:00
13904,Recent developing,37,2,332.64,2011-12-10 12:50:00
13905,Lapsed low-value,733,1,249.65,2011-12-10 12:50:00
13906,Lapsed low-value,409,1,42.0,2011-12-10 12:50:00
13907,Lapsed low-value,692,1,136.8,2011-12-10 12:50:00
13908,At-risk established,80,4,2297.05,2011-12-10 12:50:00
13909,Lapsed low-value,423,2,286.6,2011-12-10 12:50:00
13911,Champions,57,20,4200.04,2011-12-10 12:50:00
13912,Lapsed low-value,424,1,124.95,2011-12-10 12:50:00
13913,Lapsed low-value,507,1,42.22,2011-12-10 12:50:00
13914,Recent developing,12,2,613.95,2011-12-10 12:50:00
13915,Lapsed low-value,394,1,70.80000000000001,2011-12-10 12:50:00
13916,At-risk established,464,4,1275.81,2011-12-10 12:50:00
13917,Recent developing,50,2,272.04,2011-12-10 12:50:00
13918,Recent developing,50,2,1212.8400000000001,2011-12-10 12:50:00
13919,At-risk established,59,4,1218.03,2011-12-10 12:50:00
13920,At-risk established,432,4,1734.88,2011-12-10 12:50:00
13921,At-risk established,402,4,720.75,2011-12-10 12:50:00
13922,At-risk established,352,3,827.65,2011-12-10 12:50:00
13923,Recent developing,54,1,351.13,2011-12-10 12:50:00
13924,Champions,2,6,1682.93,2011-12-10 12:50:00
13925,At-risk established,93,4,616.65,2011-12-10 12:50:00
13926,Recent developing,23,1,223.85000000000002,2011-12-10 12:50:00
13927,Recent developing,75,2,689.96,2011-12-10 12:50:00
13928,Recent developing,11,4,464.57,2011-12-10 12:50:00
13929,At-risk established,169,11,3334.9,2011-12-10 12:50:00
13930,Recent developing,58,2,337.34,2011-12-10 12:50:00
13931,Champions,96,11,5250.78,2011-12-10 12:50:00
13932,Lapsed low-value,295,1,307.4,2011-12-10 12:50:00
13933,Lapsed low-value,109,2,608.7900000000001,2011-12-10 12:50:00
13934,Lapsed low-value,264,1,922.1,2011-12-10 12:50:00
13935,At-risk established,597,3,6116.92,2011-12-10 12:50:00
13936,At-risk established,180,3,924.36,2011-12-10 12:50:00
13937,At-risk established,169,2,867.38,2011-12-10 12:50:00
13938,Lapsed low-value,35,1,71.66,2011-12-10 12:50:00
13939,Champions,23,7,1535.26,2011-12-10 12:50:00
13940,Recent developing,17,4,839.14,2011-12-10 12:50:00
13941,Champions,22,15,10846.15,2011-12-10 12:50:00
13942,Lapsed low-value,535,1,320.0,2011-12-10 12:50:00
13943,Lapsed low-value,578,1,246.54,2011-12-10 12:50:00
13944,Lapsed low-value,653,1,200.43,2011-12-10 12:50:00
13945,Lapsed low-value,395,2,854.15,2011-12-10 12:50:00
13946,At-risk established,79,6,1745.43,2011-12-10 12:50:00
13947,Lapsed low-value,65,1,90.6,2011-12-10 12:50:00
13948,At-risk established,361,4,536.86,2011-12-10 12:50:00
13949,Champions,3,6,2427.32,2011-12-10 12:50:00
13950,Recent developing,11,4,728.56,2011-12-10 12:50:00
13951,At-risk established,176,3,674.45,2011-12-10 12:50:00
13952,Champions,218,14,12790.891,2011-12-10 12:50:00
13953,Champions,7,12,6640.68,2011-12-10 12:50:00
13954,Recent developing,2,2,378.59,2011-12-10 12:50:00
13955,At-risk established,154,3,545.17,2011-12-10 12:50:00
13956,Recent developing,5,5,1026.42,2011-12-10 12:50:00
13957,Lapsed low-value,418,3,458.25,2011-12-10 12:50:00
13958,At-risk established,380,8,4505.9800000000005,2011-12-10 12:50:00
13959,At-risk established,79,6,1076.18,2011-12-10 12:50:00
13960,Recent developing,21,2,230.22,2011-12-10 12:50:00
13961,Lapsed low-value,392,1,498.7,2011-12-10 12:50:00
13962,Recent developing,22,3,362.8,2011-12-10 12:50:00
13963,At-risk established,308,17,2899.62,2011-12-10 12:50:00
13964,Lapsed low-value,387,2,421.9,2011-12-10 12:50:00
13965,At-risk established,477,3,777.66,2011-12-10 12:50:00
13966,Lapsed low-value,435,1,390.86,2011-12-10 12:50:00
13967,Lapsed low-value,146,2,166.3,2011-12-10 12:50:00
13968,Lapsed low-value,423,1,123.66,2011-12-10 12:50:00
13969,Champions,7,35,13283.17,2011-12-10 12:50:00
13970,Lapsed low-value,386,2,846.55,2011-12-10 12:50:00
13971,Champions,19,14,4593.83,2011-12-10 12:50:00
13972,Lapsed low-value,71,2,190.25,2011-12-10 12:50:00
13973,Lapsed low-value,287,1,264.7,2011-12-10 12:50:00
13974,Recent developing,49,2,663.52,2011-12-10 12:50:00
13975,Champions,31,12,5335.79,2011-12-10 12:50:00
13976,At-risk established,207,4,1192.36,2011-12-10 12:50:00
13977,Lapsed low-value,411,1,519.8100000000001,2011-12-10 12:50:00
13978,Recent developing,15,2,196.79000000000002,2011-12-10 12:50:00
13979,At-risk established,73,7,3374.53,2011-12-10 12:50:00
13980,At-risk established,60,5,763.87,2011-12-10 12:50:00
13981,Lapsed low-value,416,1,327.39,2011-12-10 12:50:00
13982,Champions,39,9,4419.39,2011-12-10 12:50:00
13983,Champions,30,21,7023.98,2011-12-10 12:50:00
13984,Champions,27,12,1614.22,2011-12-10 12:50:00
13985,Champions,4,22,9982.31,2011-12-10 12:50:00
13986,Recent developing,17,1,320.46,2011-12-10 12:50:00
13987,Lapsed low-value,380,2,682.54,2011-12-10 12:50:00
13988,Champions,20,8,4708.64,2011-12-10 12:50:00
13989,At-risk established,66,5,2026.06,2011-12-10 12:50:00
13990,Lapsed low-value,213,1,311.3,2011-12-10 12:50:00
13991,Recent developing,12,6,849.63,2011-12-10 12:50:00
13992,Recent developing,30,3,219.5,2011-12-10 12:50:00
13993,Champions,43,19,6690.36,2011-12-10 12:50:00
13994,Champions,4,6,2313.14,2011-12-10 12:50:00
13995,Champions,15,14,3836.26,2011-12-10 12:50:00
13996,Lapsed low-value,386,2,845.76,2011-12-10 12:50:00
13997,Lapsed low-value,519,3,382.31,2011-12-10 12:50:00
13998,Lapsed low-value,447,3,566.7,2011-12-10 12:50:00
13999,Champions,10,29,9441.26,2011-12-10 12:50:00
14000,At-risk established,211,5,1877.5900000000001,2011-12-10 12:50:00
14001,Champions,46,9,4530.09,2011-12-10 12:50:00
14002,Lapsed low-value,134,2,529.73,2011-12-10 12:50:00
14003,Lapsed low-value,733,1,209.41,2011-12-10 12:50:00
14004,Champions,43,11,6258.45,2011-12-10 12:50:00
14005,Champions,10,5,2874.72,2011-12-10 12:50:00
14006,At-risk established,116,7,2196.67,2011-12-10 12:50:00
14007,Lapsed low-value,513,1,79.48,2011-12-10 12:50:00
14008,Lapsed low-value,432,1,493.74,2011-12-10 12:50:00
14009,At-risk established,198,3,1090.23,2011-12-10 12:50:00
14010,Lapsed low-value,565,2,288.1,2011-12-10 12:50:00
14011,Lapsed low-value,480,2,450.32,2011-12-10 12:50:00
14012,Lapsed low-value,278,1,328.8,2011-12-10 12:50:00
14013,At-risk established,110,5,1084.57,2011-12-10 12:50:00
14014,At-risk established,77,3,1948.21,2011-12-10 12:50:00
14015,Recent developing,53,1,917.34,2011-12-10 12:50:00
14016,Champions,162,11,11279.71,2011-12-10 12:50:00
14017,Lapsed low-value,571,1,229.75,2011-12-10 12:50:00
14018,Lapsed low-value,645,1,367.15000000000003,2011-12-10 12:50:00
14019,Recent developing,47,3,1398.96,2011-12-10 12:50:00
14020,Recent developing,17,4,1213.26,2011-12-10 12:50:00
14021,At-risk established,155,7,1716.58,2011-12-10 12:50:00
14022,At-risk established,225,2,792.15,2011-12-10 12:50:00
14023,Recent developing,7,2,584.07,2011-12-10 12:50:00
14024,At-risk established,122,3,645.74,2011-12-10 12:50:00
14025,At-risk established,465,8,3969.1,2011-12-10 12:50:00
14026,Lapsed low-value,471,2,713.11,2011-12-10 12:50:00
14027,Lapsed low-value,61,1,104.82,2011-12-10 12:50:00
14028,At-risk established,550,2,6786.0,2011-12-10 12:50:00
14029,Recent developing,63,2,467.66,2011-12-10 12:50:00
14030,Champions,18,20,8262.29,2011-12-10 12:50:00
14031,Champions,7,43,38058.6,2011-12-10 12:50:00
14032,Champions,2,16,4786.43,2011-12-10 12:50:00
14033,Lapsed low-value,555,1,109.44,2011-12-10 12:50:00
14034,Recent developing,22,3,512.02,2011-12-10 12:50:00
14035,Champions,29,9,2852.47,2011-12-10 12:50:00
14036,Lapsed low-value,285,1,626.65,2011-12-10 12:50:00
14037,At-risk established,176,6,722.2,2011-12-10 12:50:00
14038,At-risk established,78,5,3000.93,2011-12-10 12:50:00
14039,Recent developing,33,2,267.28000000000003,2011-12-10 12:50:00
14040,Champions,41,35,12454.78,2011-12-10 12:50:00
14041,Lapsed low-value,266,1,141.41,2011-12-10 12:50:00
14042,Lapsed low-value,725,1,431.98,2011-12-10 12:50:00
14043,Lapsed low-value,491,2,304.25,2011-12-10 12:50:00
14044,Champions,27,10,3102.4,2011-12-10 12:50:00
14045,Champions,109,14,9665.73,2011-12-10 12:50:00
14046,Lapsed low-value,284,1,151.59,2011-12-10 12:50:00
14047,Champions,9,14,4163.77,2011-12-10 12:50:00
14048,At-risk established,305,3,713.89,2011-12-10 12:50:00
14049,Champions,17,13,13067.49,2011-12-10 12:50:00
14050,Recent developing,32,2,746.36,2011-12-10 12:50:00
14051,Champions,1,37,22121.65,2011-12-10 12:50:00
14052,Recent developing,20,2,480.81,2011-12-10 12:50:00
14053,At-risk established,124,4,572.3,2011-12-10 12:50:00
14054,Lapsed low-value,65,1,92.46,2011-12-10 12:50:00
14055,At-risk established,106,3,1520.96,2011-12-10 12:50:00
14056,Champions,1,23,8125.62,2011-12-10 12:50:00
14057,Champions,24,22,8338.28,2011-12-10 12:50:00
14058,Lapsed low-value,463,2,469.19,2011-12-10 12:50:00
14059,Lapsed low-value,267,1,183.6,2011-12-10 12:50:00
14060,Champions,5,30,9504.14,2011-12-10 12:50:00
14061,At-risk established,507,3,917.4300000000001,2011-12-10 12:50:00
14062,Champions,10,24,25437.63,2011-12-10 12:50:00
14064,Champions,29,15,3016.23,2011-12-10 12:50:00
14065,At-risk established,389,3,889.37,2011-12-10 12:50:00
14066,Lapsed low-value,267,1,152.55,2011-12-10 12:50:00
14067,Recent developing,64,2,374.7,2011-12-10 12:50:00
14068,At-risk established,320,4,1504.97,2011-12-10 12:50:00
14069,Lapsed low-value,515,2,230.06,2011-12-10 12:50:00
14070,Lapsed low-value,685,1,326.55,2011-12-10 12:50:00
14071,Champions,4,8,1292.59,2011-12-10 12:50:00
14072,Lapsed low-value,667,1,390.85,2011-12-10 12:50:00
14073,Recent developing,32,1,139.54,2011-12-10 12:50:00
14074,Lapsed low-value,623,1,219.39999999999998,2011-12-10 12:50:00
14075,Recent developing,5,5,1724.87,2011-12-10 12:50:00
14076,Lapsed low-value,129,1,122.47,2011-12-10 12:50:00
14077,Recent developing,41,6,615.0799999999999,2011-12-10 12:50:00
14078,At-risk established,102,9,1690.98,2011-12-10 12:50:00
14079,Lapsed low-value,125,1,375.1,2011-12-10 12:50:00
14080,Recent developing,33,5,1075.73,2011-12-10 12:50:00
14081,At-risk established,302,10,5275.55,2011-12-10 12:50:00
14082,Lapsed low-value,365,2,413.36,2011-12-10 12:50:00
14083,Champions,4,11,1407.26,2011-12-10 12:50:00
14084,Lapsed low-value,512,1,150.5,2011-12-10 12:50:00
14085,Champions,2,32,10077.22,2011-12-10 12:50:00
14086,Lapsed low-value,463,1,39.95,2011-12-10 12:50:00
14087,Recent developing,3,3,803.47,2011-12-10 12:50:00
14089,Lapsed low-value,57,1,161.0,2011-12-10 12:50:00
14090,Lapsed low-value,325,1,76.32000000000001,2011-12-10 12:50:00
14092,Champions,8,24,7209.74,2011-12-10 12:50:00
14093,Recent developing,12,1,442.85,2011-12-10 12:50:00
14094,Lapsed low-value,440,1,334.27,2011-12-10 12:50:00
14097,Lapsed low-value,481,2,422.85999999999996,2011-12-10 12:50:00
14098,Recent developing,37,1,147.35,2011-12-10 12:50:00
14099,Champions,16,20,5700.51,2011-12-10 12:50:00
14100,Lapsed low-value,138,1,194.9,2011-12-10 12:50:00
14101,Champions,74,13,9942.13,2011-12-10 12:50:00
14102,Recent developing,5,5,1314.73,2011-12-10 12:50:00
14104,At-risk established,155,5,768.5799999999999,2011-12-10 12:50:00
14105,At-risk established,239,5,5778.2300000000005,2011-12-10 12:50:00
14106,Lapsed low-value,737,1,214.79999999999998,2011-12-10 12:50:00
14107,Champions,52,11,4853.7,2011-12-10 12:50:00
14108,Recent developing,31,4,1041.21,2011-12-10 12:50:00
14109,Lapsed low-value,73,1,80.2,2011-12-10 12:50:00
14110,Champions,4,33,12959.6,2011-12-10 12:50:00
14111,Recent developing,14,4,688.6,2011-12-10 12:50:00
14112,Champions,23,12,5544.24,2011-12-10 12:50:00
14113,Champions,4,16,6367.45,2011-12-10 12:50:00
14114,At-risk established,274,7,1364.09,2011-12-10 12:50:00
14115,Lapsed low-value,502,2,622.6700000000001,2011-12-10 12:50:00
14116,Recent developing,20,5,1382.74,2011-12-10 12:50:00
14117,Lapsed low-value,144,1,90.0,2011-12-10 12:50:00
14118,Lapsed low-value,429,1,458.45,2011-12-10 12:50:00
14119,Lapsed low-value,376,2,163.47,2011-12-10 12:50:00
14121,Recent developing,4,4,2740.3,2011-12-10 12:50:00
14122,Lapsed low-value,406,3,309.77,2011-12-10 12:50:00
14123,Lapsed low-value,733,1,436.18,2011-12-10 12:50:00
14124,Lapsed low-value,84,1,419.58000000000004,2011-12-10 12:50:00
14125,Recent developing,11,3,2740.43,2011-12-10 12:50:00
14126,Recent developing,8,4,1109.96,2011-12-10 12:50:00
14127,At-risk established,123,6,1900.0800000000002,2011-12-10 12:50:00
14128,Recent developing,61,3,909.36,2011-12-10 12:50:00
14129,Champions,2,9,2591.34,2011-12-10 12:50:00
14130,At-risk established,319,4,1882.67,2011-12-10 12:50:00
14131,Lapsed low-value,649,1,187.87,2011-12-10 12:50:00
14132,Champions,2,11,3580.13,2011-12-10 12:50:00
14133,At-risk established,130,4,898.39,2011-12-10 12:50:00
14134,At-risk established,383,15,11123.35,2011-12-10 12:50:00
14135,Champions,2,24,9605.05,2011-12-10 12:50:00
14136,At-risk established,401,5,1553.96,2011-12-10 12:50:00
14137,Lapsed low-value,696,1,294.1,2011-12-10 12:50:00
14138,Recent developing,2,2,982.3800000000001,2011-12-10 12:50:00
14139,Recent developing,46,4,1086.8,2011-12-10 12:50:00
14140,Recent developing,4,2,920.05,2011-12-10 12:50:00
14141,Recent developing,3,4,880.2800000000001,2011-12-10 12:50:00
14142,At-risk established,373,2,967.75,2011-12-10 12:50:00
14143,Lapsed low-value,134,1,115.8,2011-12-10 12:50:00
14144,Lapsed low-value,486,1,30.599999999999998,2011-12-10 12:50:00
14145,Champions,47,7,7006.05,2011-12-10 12:50:00
14146,Champions,9,12,8202.47,2011-12-10 12:50:00
14147,At-risk established,78,9,2035.1999999999998,2011-12-10 12:50:00
14148,Lapsed low-value,234,2,466.29,2011-12-10 12:50:00
14149,Lapsed low-value,221,1,259.43,2011-12-10 12:50:00
14150,Recent developing,36,2,658.64,2011-12-10 12:50:00
14151,Lapsed low-value,673,2,666.7,2011-12-10 12:50:00
14152,At-risk established,75,7,1975.44,2011-12-10 12:50:00
14153,Lapsed low-value,483,1,233.4,2011-12-10 12:50:00
14154,At-risk established,239,8,6263.6,2011-12-10 12:50:00
14155,Lapsed low-value,266,1,118.75,2011-12-10 12:50:00
14157,Recent developing,20,5,970.33,2011-12-10 12:50:00
14158,Recent developing,40,1,507.66,2011-12-10 12:50:00
14159,Champions,20,20,7602.23,2011-12-10 12:50:00
14160,At-risk established,610,7,8421.47,2011-12-10 12:50:00
14161,At-risk established,216,7,3318.88,2011-12-10 12:50:00
14162,Lapsed low-value,174,2,289.36,2011-12-10 12:50:00
14163,At-risk established,87,5,2594.62,2011-12-10 12:50:00
14164,At-risk established,71,2,1631.77,2011-12-10 12:50:00
14165,Lapsed low-value,276,1,122.53999999999999,2011-12-10 12:50:00
14166,Lapsed low-value,505,2,256.85,2011-12-10 12:50:00
14167,At-risk established,39,8,1296.49,2011-12-10 12:50:00
14168,Lapsed low-value,421,2,305.9,2011-12-10 12:50:00
14169,Lapsed low-value,431,2,616.03,2011-12-10 12:50:00
14170,At-risk established,375,3,597.33,2011-12-10 12:50:00
14171,Lapsed low-value,98,2,498.79,2011-12-10 12:50:00
14172,Lapsed low-value,605,3,389.97,2011-12-10 12:50:00
14173,Recent developing,11,6,586.0,2011-12-10 12:50:00
14174,Recent developing,33,1,134.46,2011-12-10 12:50:00
14175,Champions,60,8,7357.58,2011-12-10 12:50:00
14176,At-risk established,297,5,913.11,2011-12-10 12:50:00
14177,Champions,86,13,2223.89,2011-12-10 12:50:00
14178,Champions,9,7,1600.93,2011-12-10 12:50:00
14179,Recent developing,41,2,719.78,2011-12-10 12:50:00
14180,Champions,11,33,6110.75,2011-12-10 12:50:00
14181,Lapsed low-value,411,2,310.55,2011-12-10 12:50:00
14182,At-risk established,444,4,660.07,2011-12-10 12:50:00
14183,Lapsed low-value,411,2,286.29,2011-12-10 12:50:00
14184,Recent developing,67,1,452.89,2011-12-10 12:50:00
14185,Lapsed low-value,331,1,197.65,2011-12-10 12:50:00
14186,At-risk established,427,5,1550.63,2011-12-10 12:50:00
14187,Lapsed low-value,474,1,123.5,2011-12-10 12:50:00
14188,At-risk established,31,6,2023.1100000000001,2011-12-10 12:50:00
14189,Champions,2,16,5764.62,2011-12-10 12:50:00
14190,Lapsed low-value,666,1,79.9,2011-12-10 12:50:00
14191,Champions,2,15,4795.86,2011-12-10 12:50:00
14192,Lapsed low-value,388,1,293.74,2011-12-10 12:50:00
14193,At-risk established,68,3,1210.19,2011-12-10 12:50:00
14194,Champions,5,36,18444.420000000002,2011-12-10 12:50:00
14195,At-risk established,202,6,2401.4,2011-12-10 12:50:00
14196,Lapsed low-value,107,1,335.52,2011-12-10 12:50:00
14197,Lapsed low-value,411,1,390.05,2011-12-10 12:50:00
14198,Champions,18,9,1527.58,2011-12-10 12:50:00
14199,At-risk established,218,4,916.5,2011-12-10 12:50:00
14200,Lapsed low-value,617,1,379.2,2011-12-10 12:50:00
14201,At-risk established,60,10,1163.84,2011-12-10 12:50:00
14202,At-risk established,381,3,847.76,2011-12-10 12:50:00
14203,Lapsed low-value,397,1,339.34,2011-12-10 12:50:00
14204,Recent developing,2,4,1062.96,2011-12-10 12:50:00
14205,Champions,17,9,1949.0,2011-12-10 12:50:00
14206,At-risk established,239,3,1165.11,2011-12-10 12:50:00
14207,Lapsed low-value,688,1,157.8,2011-12-10 12:50:00
14208,Recent developing,95,2,567.05,2011-12-10 12:50:00
14209,Champions,11,15,4946.32,2011-12-10 12:50:00
14210,Champions,106,16,5814.320000000001,2011-12-10 12:50:00
14211,Champions,53,18,4302.69,2011-12-10 12:50:00
14212,At-risk established,90,2,2190.14,2011-12-10 12:50:00
14214,Recent developing,31,5,1000.23,2011-12-10 12:50:00
14215,Champions,12,9,3404.53,2011-12-10 12:50:00
14216,Recent developing,3,5,2142.39,2011-12-10 12:50:00
14217,Champions,2,23,3202.87,2011-12-10 12:50:00
14218,Recent developing,43,1,169.48000000000002,2011-12-10 12:50:00
14219,Recent developing,4,3,633.83,2011-12-10 12:50:00
14220,At-risk established,247,4,1515.0,2011-12-10 12:50:00
14221,Champions,42,17,6512.54,2011-12-10 12:50:00
14222,Lapsed low-value,177,1,683.17,2011-12-10 12:50:00
14223,At-risk established,92,3,975.23,2011-12-10 12:50:00
14224,At-risk established,110,9,1897.9,2011-12-10 12:50:00
14225,At-risk established,435,4,2017.16,2011-12-10 12:50:00
14226,Champions,29,6,2968.18,2011-12-10 12:50:00
14227,Champions,26,15,6331.01,2011-12-10 12:50:00
14228,At-risk established,438,3,745.5,2011-12-10 12:50:00
14229,At-risk established,52,7,2456.39,2011-12-10 12:50:00
14230,At-risk established,436,3,979.8000000000001,2011-12-10 12:50:00
14231,At-risk established,184,4,1131.97,2011-12-10 12:50:00
14232,At-risk established,43,5,2043.93,2011-12-10 12:50:00
14233,At-risk established,49,7,2766.96,2011-12-10 12:50:00
14234,Recent developing,22,4,775.46,2011-12-10 12:50:00
14235,Champions,75,9,4666.99,2011-12-10 12:50:00
14236,At-risk established,81,5,1733.74,2011-12-10 12:50:00
14237,Lapsed low-value,373,2,627.04,2011-12-10 12:50:00
14238,Lapsed low-value,326,3,434.23,2011-12-10 12:50:00
14239,Champions,43,21,4203.72,2011-12-10 12:50:00
14240,Recent developing,30,3,1247.49,2011-12-10 12:50:00
14241,Lapsed low-value,184,2,333.70000000000005,2011-12-10 12:50:00
14242,Lapsed low-value,235,2,280.55,2011-12-10 12:50:00
14243,Champions,9,17,7365.36,2011-12-10 12:50:00
14244,Lapsed low-value,661,1,354.82,2011-12-10 12:50:00
14245,At-risk established,220,2,1677.48,2011-12-10 12:50:00
14246,At-risk established,111,3,1474.06,2011-12-10 12:50:00
14247,At-risk established,278,5,769.71,2011-12-10 12:50:00
14248,At-risk established,318,3,1032.95,2011-12-10 12:50:00
14249,At-risk established,411,12,5625.461,2011-12-10 12:50:00
14250,Recent developing,7,3,1904.05,2011-12-10 12:50:00
14251,Champions,2,5,2879.7000000000003,2011-12-10 12:50:00
14252,Lapsed low-value,381,1,350.99,2011-12-10 12:50:00
14253,Lapsed low-value,493,2,363.40000000000003,2011-12-10 12:50:00
14254,Lapsed low-value,433,1,601.03,2011-12-10 12:50:00
14256,At-risk established,260,5,2397.34,2011-12-10 12:50:00
14257,Champions,64,9,5954.45,2011-12-10 12:50:00
14258,Champions,9,25,31342.65,2011-12-10 12:50:00
14259,Lapsed low-value,142,1,120.0,2011-12-10 12:50:00
14260,At-risk established,471,3,824.28,2011-12-10 12:50:00
14261,Recent developing,51,2,1163.45,2011-12-10 12:50:00
14262,Champions,8,8,2618.23,2011-12-10 12:50:00
14263,Lapsed low-value,423,1,322.93,2011-12-10 12:50:00
14264,At-risk established,155,6,1461.3600000000001,2011-12-10 12:50:00
14265,At-risk established,109,4,1373.35,2011-12-10 12:50:00
14266,Lapsed low-value,428,1,40.56,2011-12-10 12:50:00
14267,At-risk established,163,3,1279.09,2011-12-10 12:50:00
14268,Lapsed low-value,471,1,354.85,2011-12-10 12:50:00
14269,Lapsed low-value,439,1,261.68,2011-12-10 12:50:00
14270,Lapsed low-value,332,1,492.65000000000003,2011-12-10 12:50:00
14271,Lapsed low-value,226,2,219.13,2011-12-10 12:50:00
14272,At-risk established,74,4,920.81,2011-12-10 12:50:00
14273,Recent developing,51,4,559.97,2011-12-10 12:50:00
14274,Lapsed low-value,686,1,256.6,2011-12-10 12:50:00
14275,At-risk established,396,6,1189.3799999999999,2011-12-10 12:50:00
14276,At-risk established,99,7,1933.73,2011-12-10 12:50:00
14277,Champions,15,8,4761.08,2011-12-10 12:50:00
14278,Lapsed low-value,410,1,205.83,2011-12-10 12:50:00
14279,Lapsed low-value,521,2,191.86,2011-12-10 12:50:00
14280,Lapsed low-value,197,1,134.04,2011-12-10 12:50:00
14281,Lapsed low-value,408,1,245.15,2011-12-10 12:50:00
14282,Champions,3,25,7844.66,2011-12-10 12:50:00
14283,At-risk established,463,4,628.4399999999999,2011-12-10 12:50:00
14284,Recent developing,31,3,1282.85,2011-12-10 12:50:00
14285,Champions,21,8,3284.42,2011-12-10 12:50:00
14286,Champions,24,7,8396.7,2011-12-10 12:50:00
14287,Recent developing,8,3,156.23000000000002,2011-12-10 12:50:00
14288,Lapsed low-value,213,1,413.85,2011-12-10 12:50:00
14289,Recent developing,9,6,911.26,2011-12-10 12:50:00
14290,Champions,11,8,4478.91,2011-12-10 12:50:00
14291,Champions,2,23,7844.4,2011-12-10 12:50:00
14292,Champions,8,16,8927.75,2011-12-10 12:50:00
14293,Champions,3,9,3174.33,2011-12-10 12:50:00
14294,Lapsed low-value,407,1,375.34,2011-12-10 12:50:00
14295,At-risk established,40,4,2317.56,2011-12-10 12:50:00
14296,Lapsed low-value,421,2,448.45,2011-12-10 12:50:00
14297,Recent developing,18,4,1290.48,2011-12-10 12:50:00
14299,Champions,8,26,12825.82,2011-12-10 12:50:00
14300,Recent developing,19,1,43.2,2011-12-10 12:50:00
14301,At-risk established,117,4,1956.51,2011-12-10 12:50:00
14302,At-risk established,431,3,742.9000000000001,2011-12-10 12:50:00
14303,Lapsed low-value,407,2,277.94,2011-12-10 12:50:00
14304,At-risk established,223,3,1523.81,2011-12-10 12:50:00
14305,At-risk established,71,3,1803.76,2011-12-10 12:50:00
14306,At-risk established,51,6,3141.5,2011-12-10 12:50:00
14307,Champions,89,10,5063.08,2011-12-10 12:50:00
14309,Champions,8,11,3747.96,2011-12-10 12:50:00
14310,Lapsed low-value,433,1,492.1,2011-12-10 12:50:00
14311,Lapsed low-value,243,2,435.90000000000003,2011-12-10 12:50:00
14312,Champions,47,11,3090.29,2011-12-10 12:50:00
14314,Lapsed low-value,107,2,221.9,2011-12-10 12:50:00
14315,Champions,45,8,3168.72,2011-12-10 12:50:00
14316,At-risk established,422,5,1355.34,2011-12-10 12:50:00
14317,Recent developing,65,1,508.58000000000004,2011-12-10 12:50:00
14318,Lapsed low-value,460,1,158.02,2011-12-10 12:50:00
14319,Lapsed low-value,424,1,494.85,2011-12-10 12:50:00
14320,At-risk established,207,5,1207.0,2011-12-10 12:50:00
14321,Champions,11,7,2207.08,2011-12-10 12:50:00
14322,Lapsed low-value,429,4,390.6,2011-12-10 12:50:00
14323,Lapsed low-value,115,2,574.26,2011-12-10 12:50:00
14324,Lapsed low-value,410,2,701.61,2011-12-10 12:50:00
14325,Lapsed low-value,570,1,245.48000000000002,2011-12-10 12:50:00
14326,At-risk established,242,3,923.98,2011-12-10 12:50:00
14327,At-risk established,163,6,1894.93,2011-12-10 12:50:00
14329,Champions,17,15,9735.52,2011-12-10 12:50:00
14330,Lapsed low-value,624,1,200.63,2011-12-10 12:50:00
14331,Lapsed low-value,124,2,462.65999999999997,2011-12-10 12:50:00
14332,Recent developing,23,5,1943.51,2011-12-10 12:50:00
14333,Lapsed low-value,68,1,351.45,2011-12-10 12:50:00
14334,Champions,17,12,4292.98,2011-12-10 12:50:00
14335,Recent developing,16,2,468.26,2011-12-10 12:50:00
14336,Recent developing,17,4,1614.91,2011-12-10 12:50:00
14338,At-risk established,161,3,902.35,2011-12-10 12:50:00
14339,Lapsed low-value,243,2,605.31,2011-12-10 12:50:00
14340,Lapsed low-value,219,1,134.7,2011-12-10 12:50:00
14341,Champions,45,18,4443.47,2011-12-10 12:50:00
14342,Recent developing,21,6,843.74,2011-12-10 12:50:00
14343,At-risk established,421,4,1088.91,2011-12-10 12:50:00
14344,Champions,127,20,3333.7000000000003,2011-12-10 12:50:00
14345,Lapsed low-value,39,1,108.97999999999999,2011-12-10 12:50:00
14346,At-risk established,121,5,2315.75,2011-12-10 12:50:00
14347,Lapsed low-value,737,1,82.6,2011-12-10 12:50:00
14348,Lapsed low-value,260,1,409.57,2011-12-10 12:50:00
14349,Recent developing,10,1,133.5,2011-12-10 12:50:00
14350,At-risk established,274,3,951.2,2011-12-10 12:50:00
14351,Lapsed low-value,165,1,51.0,2011-12-10 12:50:00
14352,At-risk established,157,4,1078.96,2011-12-10 12:50:00
14353,Lapsed low-value,215,3,376.5,2011-12-10 12:50:00
14354,Recent developing,6,2,163.62,2011-12-10 12:50:00
14355,At-risk established,366,3,1014.45,2011-12-10 12:50:00
14356,Recent developing,80,2,682.24,2011-12-10 12:50:00
14357,Recent developing,43,1,225.77,2011-12-10 12:50:00
14358,Lapsed low-value,389,2,400.06,2011-12-10 12:50:00
14359,Recent developing,19,3,882.58,2011-12-10 12:50:00
14360,Recent developing,32,4,2128.23,2011-12-10 12:50:00
14361,Lapsed low-value,579,1,214.70999999999998,2011-12-10 12:50:00
14362,Recent developing,22,1,161.2,2011-12-10 12:50:00
14363,Lapsed low-value,402,2,227.47000000000003,2011-12-10 12:50:00
14364,At-risk established,109,8,3717.35,2011-12-10 12:50:00
14365,Lapsed low-value,395,2,634.68,2011-12-10 12:50:00
14366,Lapsed low-value,525,1,136.0,2011-12-10 12:50:00
14367,Champions,8,16,9167.82,2011-12-10 12:50:00
14368,Lapsed low-value,320,1,155.0,2011-12-10 12:50:00
14369,Lapsed low-value,642,2,469.13,2011-12-10 12:50:00
14370,At-risk established,451,6,1092.13,2011-12-10 12:50:00
14371,Lapsed low-value,295,1,100.5,2011-12-10 12:50:00
14372,Lapsed low-value,443,2,860.08,2011-12-10 12:50:00
14373,Lapsed low-value,358,1,76.55,2011-12-10 12:50:00
14374,Lapsed low-value,541,1,108.0,2011-12-10 12:50:00
14375,At-risk established,185,3,1132.99,2011-12-10 12:50:00
14376,Lapsed low-value,683,1,215.46,2011-12-10 12:50:00
14377,Lapsed low-value,191,2,617.05,2011-12-10 12:50:00
14378,Lapsed low-value,622,1,131.25,2011-12-10 12:50:00
14379,Recent developing,44,4,1268.91,2011-12-10 12:50:00
14381,Recent developing,52,2,631.34,2011-12-10 12:50:00
14382,Recent developing,26,2,1246.8,2011-12-10 12:50:00
14383,Recent developing,38,3,1247.69,2011-12-10 12:50:00
14384,Lapsed low-value,501,1,58.5,2011-12-10 12:50:00
14385,Recent developing,9,3,202.11,2011-12-10 12:50:00
14386,Lapsed low-value,297,1,142.4,2011-12-10 12:50:00
14387,Recent developing,33,3,1770.56,2011-12-10 12:50:00
14388,Champions,10,16,6589.3,2011-12-10 12:50:00
14389,At-risk established,65,5,1840.07,2011-12-10 12:50:00
14390,Champions,10,13,6323.33,2011-12-10 12:50:00
14391,Lapsed low-value,577,1,135.6,2011-12-10 12:50:00
14392,Lapsed low-value,432,1,266.4,2011-12-10 12:50:00
14393,Lapsed low-value,218,1,67.95,2011-12-10 12:50:00
14394,Lapsed low-value,565,1,93.8,2011-12-10 12:50:00
14395,Champions,2,20,8162.31,2011-12-10 12:50:00
14396,At-risk established,65,7,2121.93,2011-12-10 12:50:00
14397,Champions,3,19,2567.18,2011-12-10 12:50:00
14398,Lapsed low-value,401,2,707.79,2011-12-10 12:50:00
14399,At-risk established,394,8,2113.16,2011-12-10 12:50:00
14400,At-risk established,149,3,1703.0,2011-12-10 12:50:00
14401,Champions,4,22,6703.4,2011-12-10 12:50:00
14402,Lapsed low-value,652,1,285.6,2011-12-10 12:50:00
14403,At-risk established,130,6,1822.76,2011-12-10 12:50:00
14404,Champions,34,13,2800.11,2011-12-10 12:50:00
14405,Lapsed low-value,387,1,195.0,2011-12-10 12:50:00
14406,Lapsed low-value,119,1,156.75,2011-12-10 12:50:00
14407,At-risk established,107,5,2096.08,2011-12-10 12:50:00
14408,Champions,11,11,4109.77,2011-12-10 12:50:00
14409,Champions,71,9,3453.69,2011-12-10 12:50:00
14410,At-risk established,92,11,2154.35,2011-12-10 12:50:00
14411,Lapsed low-value,311,1,1063.0,2011-12-10 12:50:00
14412,Recent developing,43,3,1417.49,2011-12-10 12:50:00
14413,Lapsed low-value,362,3,427.57,2011-12-10 12:50:00
14414,At-risk established,92,8,2387.48,2011-12-10 12:50:00
14415,Champions,1,23,11933.27,2011-12-10 12:50:00
14416,Recent developing,22,2,490.22,2011-12-10 12:50:00
14417,Lapsed low-value,388,1,604.2,2011-12-10 12:50:00
14418,Recent developing,4,3,1937.25,2011-12-10 12:50:00
14419,Recent developing,11,7,1260.91,2011-12-10 12:50:00
14420,At-risk established,99,4,1627.72,2011-12-10 12:50:00
14421,At-risk established,57,6,2456.62,2011-12-10 12:50:00
14422,Champions,1,19,10197.32,2011-12-10 12:50:00
14423,At-risk established,218,3,914.9599999999999,2011-12-10 12:50:00
14424,Recent developing,18,1,322.08,2011-12-10 12:50:00
14425,At-risk established,435,3,648.64,2011-12-10 12:50:00
14426,Champions,24,17,11146.75,2011-12-10 12:50:00
14427,At-risk established,50,4,1263.52,2011-12-10 12:50:00
14428,Recent developing,7,5,1229.38,2011-12-10 12:50:00
14429,Lapsed low-value,404,1,516.28,2011-12-10 12:50:00
14430,At-risk established,512,3,1181.1000000000001,2011-12-10 12:50:00
14431,At-risk established,303,4,2548.8,2011-12-10 12:50:00
14432,Champions,10,6,2255.51,2011-12-10 12:50:00
14433,Lapsed low-value,466,1,289.6,2011-12-10 12:50:00
14434,Recent developing,22,6,1372.8,2011-12-10 12:50:00
14435,Lapsed low-value,502,1,90.42,2011-12-10 12:50:00
14436,Lapsed low-value,99,2,271.70000000000005,2011-12-10 12:50:00
14437,At-risk established,366,5,936.34,2011-12-10 12:50:00
14438,Lapsed low-value,306,1,131.9,2011-12-10 12:50:00
14439,At-risk established,320,5,9443.04,2011-12-10 12:50:00
14440,Champions,8,12,6529.9800000000005,2011-12-10 12:50:00
14441,Champions,1,11,4408.29,2011-12-10 12:50:00
14442,At-risk established,205,7,5292.17,2011-12-10 12:50:00
14443,At-risk established,54,5,2365.48,2011-12-10 12:50:00
14444,Lapsed low-value,456,1,132.04,2011-12-10 12:50:00
14445,Lapsed low-value,456,1,221.65,2011-12-10 12:50:00
14446,Recent developing,1,5,1236.51,2011-12-10 12:50:00
14447,Recent developing,19,6,1711.73,2011-12-10 12:50:00
14448,Recent developing,9,2,375.35,2011-12-10 12:50:00
14449,Champions,19,8,2482.8,2011-12-10 12:50:00
14450,At-risk established,181,7,1128.44,2011-12-10 12:50:00
14451,Champions,60,12,3265.59,2011-12-10 12:50:00
14452,Recent developing,11,4,665.59,2011-12-10 12:50:00
14453,Lapsed low-value,190,1,119.93,2011-12-10 12:50:00
14454,At-risk established,376,5,977.3,2011-12-10 12:50:00
14455,At-risk established,432,4,597.61,2011-12-10 12:50:00
14456,Champions,5,9,3045.92,2011-12-10 12:50:00
14457,Lapsed low-value,311,1,113.64,2011-12-10 12:50:00
14458,Lapsed low-value,381,1,228.62,2011-12-10 12:50:00
14459,At-risk established,155,2,5375.74,2011-12-10 12:50:00
14460,At-risk established,110,8,919.6,2011-12-10 12:50:00
14461,Champions,148,13,6697.21,2011-12-10 12:50:00
14462,Champions,66,12,2236.96,2011-12-10 12:50:00
14463,At-risk established,98,4,786.5699999999999,2011-12-10 12:50:00
14464,Lapsed low-value,568,2,111.0,2011-12-10 12:50:00
14465,At-risk established,247,11,3946.03,2011-12-10 12:50:00
14466,Champions,29,13,4646.9,2011-12-10 12:50:00
14467,Champions,18,12,2220.9900000000002,2011-12-10 12:50:00
14468,Lapsed low-value,734,1,204.24,2011-12-10 12:50:00
14469,At-risk established,416,4,2112.21,2011-12-10 12:50:00
14470,Recent developing,12,3,712.04,2011-12-10 12:50:00
14471,Lapsed low-value,591,2,400.95,2011-12-10 12:50:00
14472,At-risk established,104,9,2228.22,2011-12-10 12:50:00
14473,Lapsed low-value,74,2,234.34000000000003,2011-12-10 12:50:00
14474,Recent developing,46,2,1268.13,2011-12-10 12:50:00
14475,At-risk established,72,4,1035.07,2011-12-10 12:50:00
14476,Lapsed low-value,257,1,215.7,2011-12-10 12:50:00
14477,Champions,20,7,1964.51,2011-12-10 12:50:00
14478,At-risk established,382,4,1276.66,2011-12-10 12:50:00
14479,At-risk established,254,4,1299.11,2011-12-10 12:50:00
14480,Recent developing,11,4,1295.27,2011-12-10 12:50:00
14481,At-risk established,165,5,2311.4900000000002,2011-12-10 12:50:00
14482,Champions,18,12,4192.25,2011-12-10 12:50:00
14483,Lapsed low-value,282,2,257.1,2011-12-10 12:50:00
14484,Recent developing,50,4,1070.98,2011-12-10 12:50:00
14485,Recent developing,39,1,165.75,2011-12-10 12:50:00
14486,Lapsed low-value,512,2,175.5,2011-12-10 12:50:00
14487,Recent developing,27,7,1440.86,2011-12-10 12:50:00
14488,Recent developing,68,1,1048.33,2011-12-10 12:50:00
14489,At-risk established,207,4,1574.93,2011-12-10 12:50:00
14490,At-risk established,406,2,1273.47,2011-12-10 12:50:00
14491,Lapsed low-value,175,2,468.13,2011-12-10 12:50:00
14492,At-risk established,430,7,1574.3600000000001,2011-12-10 12:50:00
14493,Champions,7,10,5036.05,2011-12-10 12:50:00
14494,Recent developing,26,3,401.46,2011-12-10 12:50:00
14495,Recent developing,51,3,166.3,2011-12-10 12:50:00
14496,At-risk established,312,7,2645.88,2011-12-10 12:50:00
14497,Lapsed low-value,309,2,679.16,2011-12-10 12:50:00
14498,Champions,43,10,3911.27,2011-12-10 12:50:00
14499,Champions,26,7,2120.62,2011-12-10 12:50:00
14500,Recent developing,88,3,356.85,2011-12-10 12:50:00
14501,Lapsed low-value,184,2,198.71,2011-12-10 12:50:00
14502,Champions,20,11,2347.73,2011-12-10 12:50:00
14503,Champions,3,6,3543.26,2011-12-10 12:50:00
14504,Recent developing,47,4,673.26,2011-12-10 12:50:00
14505,Champions,17,19,11799.54,2011-12-10 12:50:00
14506,Champions,17,7,3290.67,2011-12-10 12:50:00
14507,Champions,24,11,3209.93,2011-12-10 12:50:00
14508,Recent developing,22,5,856.09,2011-12-10 12:50:00
14509,Lapsed low-value,534,1,110.95,2011-12-10 12:50:00
14510,At-risk established,376,3,991.98,2011-12-10 12:50:00
14511,Recent developing,11,5,1267.4099999999999,2011-12-10 12:50:00
14512,At-risk established,188,7,1223.47,2011-12-10 12:50:00
14513,At-risk established,101,6,770.9100000000001,2011-12-10 12:50:00
14514,Champions,61,9,4598.9800000000005,2011-12-10 12:50:00
14515,Champions,18,12,3718.9,2011-12-10 12:50:00
14516,Lapsed low-value,516,1,163.92,2011-12-10 12:50:00
14517,Recent developing,33,2,330.45,2011-12-10 12:50:00
14518,Lapsed low-value,64,1,174.37,2011-12-10 12:50:00
14519,Lapsed low-value,684,2,206.09,2011-12-10 12:50:00
14520,Recent developing,2,2,270.6,2011-12-10 12:50:00
14521,Lapsed low-value,491,1,182.5,2011-12-10 12:50:00
14522,Champions,24,8,1758.6200000000001,2011-12-10 12:50:00
14523,Lapsed low-value,108,1,241.09,2011-12-10 12:50:00
14524,Champions,32,13,2933.71,2011-12-10 12:50:00
14525,Champions,20,17,8166.86,2011-12-10 12:50:00
14526,Lapsed low-value,389,1,262.4,2011-12-10 12:50:00
14528,Recent developing,37,1,364.21999999999997,2011-12-10 12:50:00
14529,Recent developing,60,3,620.04,2011-12-10 12:50:00
14530,Champions,26,16,6085.65,2011-12-10 12:50:00
14531,Lapsed low-value,480,1,376.34,2011-12-10 12:50:00
14532,At-risk established,236,11,3846.4300000000003,2011-12-10 12:50:00
14533,Champions,25,11,3181.52,2011-12-10 12:50:00
14534,Champions,3,26,5772.27,2011-12-10 12:50:00
14535,Champions,60,9,5861.29,2011-12-10 12:50:00
14536,Lapsed low-value,260,1,171.8,2011-12-10 12:50:00
14537,Recent developing,58,2,635.45,2011-12-10 12:50:00
14538,At-risk established,65,5,1370.8400000000001,2011-12-10 12:50:00
14539,Recent developing,16,2,537.48,2011-12-10 12:50:00
14540,Champions,10,11,3785.44,2011-12-10 12:50:00
14541,Champions,59,14,2499.68,2011-12-10 12:50:00
14542,Lapsed low-value,186,1,103.25,2011-12-10 12:50:00
14543,Champions,29,38,12259.37,2011-12-10 12:50:00
14544,Recent developing,24,3,2982.43,2011-12-10 12:50:00
14545,Lapsed low-value,674,1,349.25,2011-12-10 12:50:00
14546,Champions,5,11,5016.29,2011-12-10 12:50:00
14547,Champions,4,8,3986.7400000000002,2011-12-10 12:50:00
14548,At-risk established,151,9,2627.49,2011-12-10 12:50:00
14549,At-risk established,311,4,916.5500000000001,2011-12-10 12:50:00
14550,Recent developing,11,4,1353.31,2011-12-10 12:50:00
14551,Recent developing,18,7,858.59,2011-12-10 12:50:00
14552,At-risk established,152,3,511.28000000000003,2011-12-10 12:50:00
14553,Champions,19,9,1816.04,2011-12-10 12:50:00
14554,Recent developing,10,4,2381.04,2011-12-10 12:50:00
14555,At-risk established,57,6,2310.68,2011-12-10 12:50:00
14556,At-risk established,596,3,835.34,2011-12-10 12:50:00
14558,Lapsed low-value,654,3,630.0,2011-12-10 12:50:00
14559,Lapsed low-value,390,1,75.6,2011-12-10 12:50:00
14560,Champions,7,43,6051.89,2011-12-10 12:50:00
14561,At-risk established,76,3,1080.76,2011-12-10 12:50:00
14562,Champions,4,26,6418.35,2011-12-10 12:50:00
14563,Lapsed low-value,510,2,664.32,2011-12-10 12:50:00
14564,At-risk established,435,2,2525.22,2011-12-10 12:50:00
14565,At-risk established,96,5,3683.87,2011-12-10 12:50:00
14566,At-risk established,111,4,4092.0,2011-12-10 12:50:00
14567,Recent developing,57,2,1524.46,2011-12-10 12:50:00
14568,Lapsed low-value,435,1,909.5,2011-12-10 12:50:00
14569,Recent developing,1,4,598.98,2011-12-10 12:50:00
14570,Lapsed low-value,281,3,512.4,2011-12-10 12:50:00
14571,Lapsed low-value,425,1,161.65,2011-12-10 12:50:00
14572,Champions,3,11,5567.38,2011-12-10 12:50:00
14573,At-risk established,180,13,2571.72,2011-12-10 12:50:00
14574,Lapsed low-value,733,1,143.70000000000002,2011-12-10 12:50:00
14575,Lapsed low-value,488,1,460.71,2011-12-10 12:50:00
14576,Lapsed low-value,372,1,70.80000000000001,2011-12-10 12:50:00
14577,Recent developing,13,7,1374.25,2011-12-10 12:50:00
14578,Recent developing,3,1,168.63,2011-12-10 12:50:00
14579,Lapsed low-value,432,1,105.56,2011-12-10 12:50:00
14580,Lapsed low-value,518,1,14.850000000000001,2011-12-10 12:50:00
14581,Recent developing,17,2,433.8,2011-12-10 12:50:00
14582,Lapsed low-value,41,1,114.11,2011-12-10 12:50:00
14583,Champions,6,8,1781.03,2011-12-10 12:50:00
14584,At-risk established,169,8,1684.11,2011-12-10 12:50:00
14585,At-risk established,50,5,1143.27,2011-12-10 12:50:00
14586,Lapsed low-value,277,1,134.16,2011-12-10 12:50:00
14587,Champions,19,9,1598.24,2011-12-10 12:50:00
14588,Lapsed low-value,578,1,135.39,2011-12-10 12:50:00
14589,Lapsed low-value,372,1,79.5,2011-12-10 12:50:00
14590,At-risk established,425,20,2904.2200000000003,2011-12-10 12:50:00
14591,Recent developing,15,4,1447.14,2011-12-10 12:50:00
14592,Recent developing,35,3,570.46,2011-12-10 12:50:00
14593,Champions,22,12,3648.79,2011-12-10 12:50:00
14594,Recent developing,7,2,634.83,2011-12-10 12:50:00
14595,Champions,20,8,2164.45,2011-12-10 12:50:00
14596,Lapsed low-value,627,1,229.47,2011-12-10 12:50:00
14597,Champions,11,6,2201.54,2011-12-10 12:50:00
14598,Recent developing,44,1,221.97,2011-12-10 12:50:00
14599,Lapsed low-value,390,2,474.54,2011-12-10 12:50:00
14600,At-risk established,306,2,865.1700000000001,2011-12-10 12:50:00
14601,Recent developing,11,1,213.96,2011-12-10 12:50:00
14602,Lapsed low-value,656,1,205.35999999999999,2011-12-10 12:50:00
14603,Lapsed low-value,275,1,660.0,2011-12-10 12:50:00
14604,Lapsed low-value,633,1,136.35999999999999,2011-12-10 12:50:00
14605,At-risk established,374,4,936.31,2011-12-10 12:50:00
14607,Champions,16,19,17264.83,2011-12-10 12:50:00
14608,Champions,4,10,3279.44,2011-12-10 12:50:00
14609,At-risk established,72,9,1222.2,2011-12-10 12:50:00
14611,Lapsed low-value,444,2,599.38,2011-12-10 12:50:00
14612,Lapsed low-value,415,1,877.7,2011-12-10 12:50:00
14613,Lapsed low-value,680,1,76.32000000000001,2011-12-10 12:50:00
14614,Lapsed low-value,386,1,295.13,2011-12-10 12:50:00
14615,At-risk established,394,5,934.26,2011-12-10 12:50:00
14616,At-risk established,243,5,527.78,2011-12-10 12:50:00
14617,Lapsed low-value,403,2,190.47000000000003,2011-12-10 12:50:00
14618,Recent developing,9,7,1310.52,2011-12-10 12:50:00
14619,At-risk established,246,2,1276.31,2011-12-10 12:50:00
14620,Lapsed low-value,206,2,393.28000000000003,2011-12-10 12:50:00
14621,Champions,1,9,2920.27,2011-12-10 12:50:00
14622,Lapsed low-value,185,1,320.58000000000004,2011-12-10 12:50:00
14623,Champions,32,10,2026.15,2011-12-10 12:50:00
14624,At-risk established,57,6,814.07,2011-12-10 12:50:00
14625,At-risk established,196,11,4429.18,2011-12-10 12:50:00
14626,Champions,24,11,5374.77,2011-12-10 12:50:00
14627,Lapsed low-value,379,1,440.9,2011-12-10 12:50:00
14628,At-risk established,91,5,1998.0,2011-12-10 12:50:00
14629,Recent developing,4,2,939.21,2011-12-10 12:50:00
14630,Lapsed low-value,484,1,338.65,2011-12-10 12:50:00
14631,At-risk established,51,6,2023.17,2011-12-10 12:50:00
14632,Lapsed low-value,263,1,114.56,2011-12-10 12:50:00
14633,Lapsed low-value,266,1,344.90000000000003,2011-12-10 12:50:00
14634,At-risk established,438,4,2111.2599999999998,2011-12-10 12:50:00
14635,Lapsed low-value,454,1,215.22,2011-12-10 12:50:00
14636,Recent developing,36,2,609.85,2011-12-10 12:50:00
14637,Lapsed low-value,677,1,106.67999999999999,2011-12-10 12:50:00
14638,Recent developing,51,1,443.6,2011-12-10 12:50:00
14639,Champions,52,9,4946.81,2011-12-10 12:50:00
14640,Champions,24,10,3464.03,2011-12-10 12:50:00
14641,Recent developing,22,1,110.46,2011-12-10 12:50:00
14642,Lapsed low-value,59,1,96.12,2011-12-10 12:50:00
14643,At-risk established,170,5,1654.69,2011-12-10 12:50:00
14644,At-risk established,68,7,2076.27,2011-12-10 12:50:00
14645,At-risk established,157,3,840.24,2011-12-10 12:50:00
14647,Lapsed low-value,201,2,519.97,2011-12-10 12:50:00
14648,At-risk established,416,15,4454.95,2011-12-10 12:50:00
14649,Champions,5,9,3754.16,2011-12-10 12:50:00
14650,Lapsed low-value,589,1,62.5,2011-12-10 12:50:00
14651,At-risk established,67,9,2034.1200000000001,2011-12-10 12:50:00
14652,Lapsed low-value,77,1,114.18,2011-12-10 12:50:00
14653,Champions,1,11,3426.28,2011-12-10 12:50:00
14654,Lapsed low-value,738,1,246.86,2011-12-10 12:50:00
14655,Champions,8,7,3836.86,2011-12-10 12:50:00
14656,At-risk established,169,5,814.65,2011-12-10 12:50:00
14657,Recent developing,18,6,1450.92,2011-12-10 12:50:00
14658,Recent developing,5,2,247.15,2011-12-10 12:50:00
14659,Champions,9,9,2456.53,2011-12-10 12:50:00
14660,Lapsed low-value,87,2,285.74,2011-12-10 12:50:00
14661,Recent developing,27,1,107.95,2011-12-10 12:50:00
14662,Recent developing,29,7,1416.33,2011-12-10 12:50:00
14663,Lapsed low-value,430,2,490.6,2011-12-10 12:50:00
14664,Recent developing,20,2,637.89,2011-12-10 12:50:00
14665,At-risk established,61,7,2183.53,2011-12-10 12:50:00
14666,Recent developing,24,1,179.95,2011-12-10 12:50:00
14667,Champions,11,54,21793.34,2011-12-10 12:50:00
14668,Lapsed low-value,445,1,111.63,2011-12-10 12:50:00
14669,At-risk established,242,7,3243.93,2011-12-10 12:50:00
14670,At-risk established,280,3,602.0,2011-12-10 12:50:00
14671,At-risk established,549,2,1127.45,2011-12-10 12:50:00
14672,At-risk established,235,4,1113.14,2011-12-10 12:50:00
14673,Champions,3,7,3410.81,2011-12-10 12:50:00
14674,Lapsed low-value,509,1,173.66,2011-12-10 12:50:00
14675,Recent developing,16,2,1066.9,2011-12-10 12:50:00
14676,Champions,31,12,8286.86,2011-12-10 12:50:00
14677,Lapsed low-value,593,1,184.91,2011-12-10 12:50:00
14678,Lapsed low-value,579,1,386.44,2011-12-10 12:50:00
14679,At-risk established,382,3,1270.3999999999999,2011-12-10 12:50:00
14681,At-risk established,71,6,875.1500000000001,2011-12-10 12:50:00
14682,At-risk established,188,6,1514.81,2011-12-10 12:50:00
14683,Lapsed low-value,588,1,146.56,2011-12-10 12:50:00
14684,Recent developing,26,6,1468.55,2011-12-10 12:50:00
14685,At-risk established,576,8,4334.9400000000005,2011-12-10 12:50:00
14686,At-risk established,414,5,885.83,2011-12-10 12:50:00
14687,At-risk established,107,3,1402.06,2011-12-10 12:50:00
14688,Champions,8,28,7181.85,2011-12-10 12:50:00
14689,Lapsed low-value,209,1,112.8,2011-12-10 12:50:00
14690,Recent developing,44,4,781.24,2011-12-10 12:50:00
14691,At-risk established,31,5,2114.33,2011-12-10 12:50:00
14692,At-risk established,137,12,1735.59,2011-12-10 12:50:00
14693,At-risk established,265,7,1139.86,2011-12-10 12:50:00
14694,Lapsed low-value,617,1,244.31,2011-12-10 12:50:00
14695,At-risk established,519,3,1620.07,2011-12-10 12:50:00
14696,Champions,4,8,2760.37,2011-12-10 12:50:00
14697,Lapsed low-value,218,2,188.60999999999999,2011-12-10 12:50:00
14698,Recent developing,2,5,1250.76,2011-12-10 12:50:00
14699,At-risk established,214,4,702.6,2011-12-10 12:50:00
14700,At-risk established,32,5,3116.26,2011-12-10 12:50:00
14701,Champions,11,15,4498.9400000000005,2011-12-10 12:50:00
14702,Champions,1,29,6683.92,2011-12-10 12:50:00
14703,Recent developing,15,1,318.17,2011-12-10 12:50:00
14704,Champions,20,9,1781.23,2011-12-10 12:50:00
14705,Lapsed low-value,199,1,179.0,2011-12-10 12:50:00
14706,Lapsed low-value,619,1,390.69,2011-12-10 12:50:00
14707,Lapsed low-value,436,2,139.2,2011-12-10 12:50:00
14708,Recent developing,3,5,2182.58,2011-12-10 12:50:00
14709,Champions,15,25,8866.48,2011-12-10 12:50:00
14710,Champions,14,13,1922.59,2011-12-10 12:50:00
14711,Champions,10,11,2838.2,2011-12-10 12:50:00
14712,Recent developing,29,4,1328.0700000000002,2011-12-10 12:50:00
14713,Champions,9,21,5385.57,2011-12-10 12:50:00
14714,Recent developing,24,4,899.99,2011-12-10 12:50:00
14715,Champions,25,8,1824.55,2011-12-10 12:50:00
14716,Recent developing,43,3,565.45,2011-12-10 12:50:00
14717,Lapsed low-value,733,1,81.3,2011-12-10 12:50:00
14718,Lapsed low-value,410,1,226.42,2011-12-10 12:50:00
14719,Recent developing,2,5,1592.18,2011-12-10 12:50:00
14720,Recent developing,6,3,663.81,2011-12-10 12:50:00
14721,Lapsed low-value,379,1,115.77,2011-12-10 12:50:00
14722,At-risk established,147,3,513.37,2011-12-10 12:50:00
14723,Champions,10,11,2089.66,2011-12-10 12:50:00
14724,Lapsed low-value,590,1,345.25,2011-12-10 12:50:00
14725,Recent developing,25,4,1258.96,2011-12-10 12:50:00
14726,Lapsed low-value,655,1,124.75,2011-12-10 12:50:00
14727,Lapsed low-value,274,2,291.13,2011-12-10 12:50:00
14728,Lapsed low-value,413,1,190.58,2011-12-10 12:50:00
14729,At-risk established,374,3,907.38,2011-12-10 12:50:00
14730,Champions,1,8,2005.06,2011-12-10 12:50:00
14731,Recent developing,47,3,380.02,2011-12-10 12:50:00
14732,Champions,8,19,5447.52,2011-12-10 12:50:00
14733,Champions,16,15,16050.82,2011-12-10 12:50:00
14734,At-risk established,426,4,1045.47,2011-12-10 12:50:00
14735,Champions,4,55,11899.66,2011-12-10 12:50:00
14736,Lapsed low-value,485,2,401.08,2011-12-10 12:50:00
14737,Champions,4,4,3554.17,2011-12-10 12:50:00
14738,Champions,43,9,1797.39,2011-12-10 12:50:00
14739,Champions,4,25,12269.57,2011-12-10 12:50:00
14740,At-risk established,197,11,4068.86,2011-12-10 12:50:00
14741,Champions,12,7,1897.59,2011-12-10 12:50:00
14742,Lapsed low-value,435,1,579.85,2011-12-10 12:50:00
14743,Lapsed low-value,593,1,50.48,2011-12-10 12:50:00
14744,Champions,16,14,3873.63,2011-12-10 12:50:00
14745,At-risk established,113,12,2491.46,2011-12-10 12:50:00
14746,At-risk established,406,4,593.5,2011-12-10 12:50:00
14747,Lapsed low-value,249,1,294.3,2011-12-10 12:50:00
14748,Champions,29,9,2746.0099999999998,2011-12-10 12:50:00
14749,Lapsed low-value,480,1,310.15,2011-12-10 12:50:00
14750,Lapsed low-value,736,1,112.03,2011-12-10 12:50:00
14751,Lapsed low-value,684,2,126.45,2011-12-10 12:50:00
14752,Recent developing,44,1,389.64,2011-12-10 12:50:00
14753,Recent developing,87,2,869.51,2011-12-10 12:50:00
14754,At-risk established,45,6,1546.28,2011-12-10 12:50:00
14755,Champions,10,25,9861.050000000001,2011-12-10 12:50:00
14756,Recent developing,15,3,2563.46,2011-12-10 12:50:00
14757,Lapsed low-value,75,1,420.5,2011-12-10 12:50:00
14758,At-risk established,145,7,2864.97,2011-12-10 12:50:00
14759,Recent developing,5,3,1625.97,2011-12-10 12:50:00
14760,Lapsed low-value,297,1,53.8,2011-12-10 12:50:00
14761,Recent developing,59,3,447.92,2011-12-10 12:50:00
14762,Lapsed low-value,264,2,417.57,2011-12-10 12:50:00
14764,Recent developing,47,1,250.55,2011-12-10 12:50:00
14765,Recent developing,29,3,254.11,2011-12-10 12:50:00
14766,Champions,8,11,6468.18,2011-12-10 12:50:00
14767,Lapsed low-value,474,1,382.81,2011-12-10 12:50:00
14768,Recent developing,17,2,139.5,2011-12-10 12:50:00
14769,Champions,3,17,15695.02,2011-12-10 12:50:00
14770,At-risk established,232,8,3624.89,2011-12-10 12:50:00
14771,Lapsed low-value,621,2,579.92,2011-12-10 12:50:00
14772,Lapsed low-value,112,1,139.26,2011-12-10 12:50:00
14773,Lapsed low-value,593,1,125.7,2011-12-10 12:50:00
14774,Lapsed low-value,529,1,241.45,2011-12-10 12:50:00
14775,At-risk established,58,3,1418.46,2011-12-10 12:50:00
14776,Champions,51,15,3339.02,2011-12-10 12:50:00
14777,Lapsed low-value,404,1,239.26,2011-12-10 12:50:00
14778,At-risk established,127,2,730.86,2011-12-10 12:50:00
14779,Lapsed low-value,281,3,386.15,2011-12-10 12:50:00
14780,Recent developing,55,2,447.68,2011-12-10 12:50:00
14782,Lapsed low-value,320,1,200.10000000000002,2011-12-10 12:50:00
14783,Lapsed low-value,659,1,305.35,2011-12-10 12:50:00
14784,Recent developing,26,3,449.93,2011-12-10 12:50:00
14785,Recent developing,10,2,77.4,2011-12-10 12:50:00
14786,Lapsed low-value,550,1,90.96,2011-12-10 12:50:00
14787,Lapsed low-value,471,1,110.65,2011-12-10 12:50:00
14788,Recent developing,7,3,1156.32,2011-12-10 12:50:00
14789,Recent developing,29,1,197.64,2011-12-10 12:50:00
14790,Champions,17,10,2526.62,2011-12-10 12:50:00
14791,Lapsed low-value,607,1,303.63,2011-12-10 12:50:00
14793,Recent developing,21,2,611.0500000000001,2011-12-10 12:50:00
14794,Champions,3,10,1891.15,2011-12-10 12:50:00
14795,Lapsed low-value,166,1,131.45000000000002,2011-12-10 12:50:00
14796,Champions,1,27,10689.69,2011-12-10 12:50:00
14797,Lapsed low-value,507,1,300.31,2011-12-10 12:50:00
14798,At-risk established,53,8,715.11,2011-12-10 12:50:00
14799,Recent developing,51,2,338.15,2011-12-10 12:50:00
14800,Champions,48,17,7471.82,2011-12-10 12:50:00
14801,Lapsed low-value,61,1,193.14,2011-12-10 12:50:00
14803,At-risk established,162,3,845.55,2011-12-10 12:50:00
14804,Recent developing,9,1,353.27,2011-12-10 12:50:00
14805,Recent developing,15,7,1104.64,2011-12-10 12:50:00
14806,Recent developing,75,2,303.43,2011-12-10 12:50:00
14807,Lapsed low-value,391,2,519.29,2011-12-10 12:50:00
14808,Champions,40,8,2436.62,2011-12-10 12:50:00
14809,Lapsed low-value,621,2,686.76,2011-12-10 12:50:00
14810,Champions,41,13,2537.02,2011-12-10 12:50:00
14811,Lapsed low-value,387,1,170.5,2011-12-10 12:50:00
14812,Lapsed low-value,599,1,185.8,2011-12-10 12:50:00
14813,At-risk established,370,4,1090.87,2011-12-10 12:50:00
14814,Lapsed low-value,581,1,159.21,2011-12-10 12:50:00
14815,Recent developing,37,2,778.5,2011-12-10 12:50:00
14816,Lapsed low-value,197,1,271.85,2011-12-10 12:50:00
14817,At-risk established,200,7,3584.36,2011-12-10 12:50:00
14818,At-risk established,74,6,1170.41,2011-12-10 12:50:00
14819,Recent developing,64,4,470.16,2011-12-10 12:50:00
14820,Champions,21,9,1274.76,2011-12-10 12:50:00
14821,At-risk established,367,7,1286.45,2011-12-10 12:50:00
14822,Lapsed low-value,485,1,157.70000000000002,2011-12-10 12:50:00
14823,Lapsed low-value,180,3,321.43,2011-12-10 12:50:00
14824,Champions,10,10,3948.31,2011-12-10 12:50:00
14825,Champions,4,24,4906.53,2011-12-10 12:50:00
14826,Lapsed low-value,582,2,385.2,2011-12-10 12:50:00
14828,Champions,197,13,9808.26,2011-12-10 12:50:00
14829,Champions,29,7,1639.94,2011-12-10 12:50:00
14830,Lapsed low-value,53,1,196.28,2011-12-10 12:50:00
14831,At-risk established,680,3,1623.97,2011-12-10 12:50:00
14833,Lapsed low-value,499,1,94.8,2011-12-10 12:50:00
14834,Champions,18,7,2184.21,2011-12-10 12:50:00
14835,Lapsed low-value,529,2,293.7,2011-12-10 12:50:00
14836,Recent developing,10,3,102.44999999999999,2011-12-10 12:50:00
14837,At-risk established,90,9,3445.82,2011-12-10 12:50:00
14838,Lapsed low-value,423,2,773.6700000000001,2011-12-10 12:50:00
14839,At-risk established,418,3,915.28,2011-12-10 12:50:00
14840,Lapsed low-value,268,2,340.21,2011-12-10 12:50:00
14841,Champions,53,14,7163.0,2011-12-10 12:50:00
14842,At-risk established,44,4,2456.8,2011-12-10 12:50:00
14843,Lapsed low-value,437,1,211.79999999999998,2011-12-10 12:50:00
14844,Champions,64,10,6694.93,2011-12-10 12:50:00
14845,Lapsed low-value,600,1,150.0,2011-12-10 12:50:00
14846,Lapsed low-value,427,1,406.79999999999995,2011-12-10 12:50:00
14847,At-risk established,149,3,1320.6,2011-12-10 12:50:00
14848,Lapsed low-value,405,1,310.56,2011-12-10 12:50:00
14849,Champions,22,43,15542.44,2011-12-10 12:50:00
14850,At-risk established,312,6,1622.81,2011-12-10 12:50:00
14851,Recent developing,23,3,829.4100000000001,2011-12-10 12:50:00
14852,Champions,58,18,6122.43,2011-12-10 12:50:00
14853,Recent developing,24,5,1351.37,2011-12-10 12:50:00
14854,Champions,78,11,4302.17,2011-12-10 12:50:00
14855,At-risk established,119,7,6520.3,2011-12-10 12:50:00
14856,Recent developing,36,3,1311.3799999999999,2011-12-10 12:50:00
14857,At-risk established,60,7,3578.931,2011-12-10 12:50:00
14858,Lapsed low-value,506,1,180.75,2011-12-10 12:50:00
14859,Recent developing,13,5,1703.94,2011-12-10 12:50:00
14860,Recent developing,19,1,168.62,2011-12-10 12:50:00
14861,At-risk established,52,10,1322.15,2011-12-10 12:50:00
14862,Recent developing,26,2,841.1999999999999,2011-12-10 12:50:00
14863,Recent developing,29,1,266.76,2011-12-10 12:50:00
14865,Recent developing,7,4,129.72,2011-12-10 12:50:00
14866,Champions,11,17,20610.06,2011-12-10 12:50:00
14867,At-risk established,186,16,2901.46,2011-12-10 12:50:00
14868,Champions,3,12,4170.06,2011-12-10 12:50:00
14869,Champions,9,6,2776.8,2011-12-10 12:50:00
14870,At-risk established,262,6,1794.6000000000001,2011-12-10 12:50:00
14871,Champions,3,9,1258.97,2011-12-10 12:50:00
14872,At-risk established,484,3,802.6800000000001,2011-12-10 12:50:00
14873,At-risk established,210,2,854.13,2011-12-10 12:50:00
14874,Lapsed low-value,535,1,116.18,2011-12-10 12:50:00
14875,At-risk established,108,3,2851.0,2011-12-10 12:50:00
14876,Lapsed low-value,521,2,256.7,2011-12-10 12:50:00
14877,Lapsed low-value,418,2,437.0,2011-12-10 12:50:00
14878,Champions,13,25,3963.04,2011-12-10 12:50:00
14879,Lapsed low-value,685,1,185.06,2011-12-10 12:50:00
14880,Recent developing,77,3,706.19,2011-12-10 12:50:00
14881,Recent developing,20,1,255.4,2011-12-10 12:50:00
14882,Champions,27,14,3408.15,2011-12-10 12:50:00
14883,Recent developing,19,6,756.64,2011-12-10 12:50:00
14884,Lapsed low-value,669,1,120.6,2011-12-10 12:50:00
14885,At-risk established,132,3,1496.12,2011-12-10 12:50:00
14886,Lapsed low-value,253,1,364.8,2011-12-10 12:50:00
14887,Recent developing,79,1,1862.0,2011-12-10 12:50:00
14888,Lapsed low-value,207,1,369.2,2011-12-10 12:50:00
14889,Lapsed low-value,336,1,135.9,2011-12-10 12:50:00
14890,At-risk established,254,3,817.25,2011-12-10 12:50:00
14891,At-risk established,148,4,1106.73,2011-12-10 12:50:00
14892,Lapsed low-value,691,1,202.35000000000002,2011-12-10 12:50:00
14893,Recent developing,10,3,1785.01,2011-12-10 12:50:00
14894,At-risk established,85,3,1426.51,2011-12-10 12:50:00
14895,Champions,8,37,24454.89,2011-12-10 12:50:00
14896,At-risk established,205,8,2007.22,2011-12-10 12:50:00
14897,Champions,8,8,3100.7400000000002,2011-12-10 12:50:00
14898,Champions,23,14,3359.41,2011-12-10 12:50:00
14899,Lapsed low-value,395,1,1384.88,2011-12-10 12:50:00
14900,Lapsed low-value,522,1,13.919999999999998,2011-12-10 12:50:00
14901,Champions,11,12,2277.05,2011-12-10 12:50:00
14902,Recent developing,26,3,1000.27,2011-12-10 12:50:00
14903,Champions,21,5,2755.43,2011-12-10 12:50:00
14904,Recent developing,2,4,1640.64,2011-12-10 12:50:00
14905,At-risk established,158,8,1939.69,2011-12-10 12:50:00
14907,Champions,3,16,6107.29,2011-12-10 12:50:00
14908,Recent developing,74,2,381.9,2011-12-10 12:50:00
14909,At-risk established,437,3,1380.98,2011-12-10 12:50:00
14910,Recent developing,3,4,397.36,2011-12-10 12:50:00
14912,Recent developing,17,5,1829.78,2011-12-10 12:50:00
14913,Champions,36,8,4073.13,2011-12-10 12:50:00
14915,At-risk established,91,11,1750.65,2011-12-10 12:50:00
14916,At-risk established,71,8,2886.41,2011-12-10 12:50:00
14917,At-risk established,597,2,1123.75,2011-12-10 12:50:00
14918,At-risk established,116,9,5955.81,2011-12-10 12:50:00
14919,Lapsed low-value,539,1,359.35,2011-12-10 12:50:00
14920,At-risk established,213,3,1607.17,2011-12-10 12:50:00
14921,Recent developing,30,2,1316.07,2011-12-10 12:50:00
14922,Lapsed low-value,394,2,843.74,2011-12-10 12:50:00
14923,Recent developing,51,1,749.1,2011-12-10 12:50:00
14924,At-risk established,246,3,931.01,2011-12-10 12:50:00
14926,Lapsed low-value,382,2,337.65,2011-12-10 12:50:00
14927,Lapsed low-value,397,1,308.2,2011-12-10 12:50:00
14928,Lapsed low-value,628,1,204.46,2011-12-10 12:50:00
14929,Recent developing,32,2,836.69,2011-12-10 12:50:00
14930,At-risk established,109,6,5136.64,2011-12-10 12:50:00
14931,Recent developing,5,4,864.6800000000001,2011-12-10 12:50:00
14932,At-risk established,366,2,879.66,2011-12-10 12:50:00
14933,At-risk established,444,3,885.0,2011-12-10 12:50:00
14934,At-risk established,82,3,2471.07,2011-12-10 12:50:00
14935,At-risk established,297,2,2849.83,2011-12-10 12:50:00
14936,Champions,34,12,12378.46,2011-12-10 12:50:00
14937,At-risk established,57,3,1617.63,2011-12-10 12:50:00
14938,At-risk established,562,2,2292.81,2011-12-10 12:50:00
14940,Lapsed low-value,418,2,531.49,2011-12-10 12:50:00
14941,Lapsed low-value,579,1,182.1,2011-12-10 12:50:00
14942,At-risk established,402,4,746.56,2011-12-10 12:50:00
14943,Lapsed low-value,663,1,107.62,2011-12-10 12:50:00
14944,Champions,30,19,9577.32,2011-12-10 12:50:00
14945,Lapsed low-value,414,1,179.4,2011-12-10 12:50:00
14946,Recent developing,14,1,100.9,2011-12-10 12:50:00
14947,At-risk established,72,6,1049.79,2011-12-10 12:50:00
14948,Recent developing,23,6,1066.57,2011-12-10 12:50:00
14949,At-risk established,469,4,498.55,2011-12-10 12:50:00
14950,Recent developing,19,1,361.25,2011-12-10 12:50:00
14951,Lapsed low-value,79,1,311.69,2011-12-10 12:50:00
14952,Champions,60,32,17324.45,2011-12-10 12:50:00
14953,Recent developing,25,4,1002.87,2011-12-10 12:50:00
14954,Recent developing,12,2,503.44,2011-12-10 12:50:00
14955,Lapsed low-value,733,1,163.77,2011-12-10 12:50:00
14956,Lapsed low-value,421,1,1325.0,2011-12-10 12:50:00
14957,Lapsed low-value,253,2,333.29,2011-12-10 12:50:00
14958,At-risk established,147,6,957.9399999999999,2011-12-10 12:50:00
14959,Recent developing,64,4,684.97,2011-12-10 12:50:00
14960,Recent developing,8,2,221.27,2011-12-10 12:50:00
14961,Champions,11,22,16330.1,2011-12-10 12:50:00
14962,Lapsed low-value,271,4,366.91,2011-12-10 12:50:00
14963,Champions,10,12,3164.48,2011-12-10 12:50:00
14964,Lapsed low-value,247,1,206.21,2011-12-10 12:50:00
14965,Recent developing,96,2,599.0,2011-12-10 12:50:00
14966,Recent developing,15,6,1115.8400000000001,2011-12-10 12:50:00
14967,At-risk established,50,6,1982.6100000000001,2011-12-10 12:50:00
14968,Recent developing,30,2,501.24,2011-12-10 12:50:00
14969,Lapsed low-value,704,1,906.23,2011-12-10 12:50:00
14970,Champions,68,12,4317.75,2011-12-10 12:50:00
14971,Recent developing,35,3,1116.57,2011-12-10 12:50:00
14972,Lapsed low-value,128,2,145.07,2011-12-10 12:50:00
14973,At-risk established,107,3,1314.45,2011-12-10 12:50:00
14974,Lapsed low-value,37,1,114.39,2011-12-10 12:50:00
14975,Recent developing,57,2,472.39,2011-12-10 12:50:00
14976,At-risk established,57,6,749.86,2011-12-10 12:50:00
14977,Lapsed low-value,726,1,31.929999999999996,2011-12-10 12:50:00
14978,Champions,72,10,3122.2400000000002,2011-12-10 12:50:00
14979,Lapsed low-value,735,1,439.46,2011-12-10 12:50:00
14980,Lapsed low-value,737,1,150.68,2011-12-10 12:50:00
14981,Lapsed low-value,246,2,313.52,2011-12-10 12:50:00
14982,Lapsed low-value,572,1,234.88,2011-12-10 12:50:00
14983,Lapsed low-value,689,1,183.20000000000002,2011-12-10 12:50:00
14984,Recent developing,19,6,1271.41,2011-12-10 12:50:00
14985,Lapsed low-value,198,2,296.75,2011-12-10 12:50:00
14986,Lapsed low-value,376,2,566.9,2011-12-10 12:50:00
14987,Champions,16,8,1632.25,2011-12-10 12:50:00
14988,At-risk established,212,7,2066.6,2011-12-10 12:50:00
14989,Lapsed low-value,662,1,342.4,2011-12-10 12:50:00
14990,Lapsed low-value,612,2,305.42,2011-12-10 12:50:00
14991,Lapsed low-value,430,1,314.67,2011-12-10 12:50:00
14992,Lapsed low-value,442,1,210.5,2011-12-10 12:50:00
14993,Lapsed low-value,564,1,36.13,2011-12-10 12:50:00
14994,At-risk established,382,5,918.45,2011-12-10 12:50:00
14995,Recent developing,39,2,233.23000000000002,2011-12-10 12:50:00
14996,Lapsed low-value,481,2,442.28999999999996,2011-12-10 12:50:00
14997,Recent developing,46,4,771.38,2011-12-10 12:50:00
14998,At-risk established,170,4,770.73,2011-12-10 12:50:00
14999,Lapsed low-value,593,1,129.48000000000002,2011-12-10 12:50:00
15000,Recent developing,48,1,490.52,2011-12-10 12:50:00
15001,Lapsed low-value,394,2,228.85999999999999,2011-12-10 12:50:00
15002,At-risk established,116,9,4817.28,2011-12-10 12:50:00
15003,At-risk established,473,6,1055.7,2011-12-10 12:50:00
15004,At-risk established,147,1,1245.93,2011-12-10 12:50:00
15005,Champions,16,56,13818.03,2011-12-10 12:50:00
15006,Recent developing,51,2,820.19,2011-12-10 12:50:00
15007,Lapsed low-value,159,1,156.91,2011-12-10 12:50:00
15008,Lapsed low-value,480,2,360.0,2011-12-10 12:50:00
15009,Recent developing,12,3,1261.78,2011-12-10 12:50:00
15010,Recent developing,36,1,308.94,2011-12-10 12:50:00
15011,Lapsed low-value,396,2,416.6,2011-12-10 12:50:00
15012,Recent developing,54,3,860.62,2011-12-10 12:50:00
15013,At-risk established,488,10,1641.3,2011-12-10 12:50:00
15014,Recent developing,43,2,260.17,2011-12-10 12:50:00
15015,At-risk established,501,13,2291.87,2011-12-10 12:50:00
15016,At-risk established,173,5,622.3,2011-12-10 12:50:00
15017,Recent developing,34,1,125.58,2011-12-10 12:50:00
15018,Recent developing,39,3,567.51,2011-12-10 12:50:00
15019,Lapsed low-value,267,1,266.0,2011-12-10 12:50:00
15020,Lapsed low-value,379,1,203.42,2011-12-10 12:50:00
15021,Champions,9,12,2699.64,2011-12-10 12:50:00
15022,Recent developing,12,5,1186.09,2011-12-10 12:50:00
15023,Champions,3,20,12069.04,2011-12-10 12:50:00
15024,Champions,10,16,4075.51,2011-12-10 12:50:00
15025,Recent developing,33,2,1005.14,2011-12-10 12:50:00
15026,At-risk established,80,5,1056.81,2011-12-10 12:50:00
15027,Champions,31,10,2974.04,2011-12-10 12:50:00
15028,Recent developing,8,6,1157.71,2011-12-10 12:50:00
15029,Lapsed low-value,620,1,362.15000000000003,2011-12-10 12:50:00
15030,At-risk established,72,8,1967.16,2011-12-10 12:50:00
15031,Champions,4,14,2923.73,2011-12-10 12:50:00
15032,At-risk established,256,8,13285.65,2011-12-10 12:50:00
15033,Champions,5,10,2555.72,2011-12-10 12:50:00
15034,Champions,16,14,8281.2,2011-12-10 12:50:00
15035,Lapsed low-value,90,1,252.73000000000002,2011-12-10 12:50:00
15036,Recent developing,72,3,465.55,2011-12-10 12:50:00
15037,Lapsed low-value,376,2,402.51,2011-12-10 12:50:00
15038,At-risk established,69,8,1269.96,2011-12-10 12:50:00
15040,Lapsed low-value,542,1,7.49,2011-12-10 12:50:00
15041,Lapsed low-value,170,2,293.6,2011-12-10 12:50:00
15042,Lapsed low-value,199,2,315.45,2011-12-10 12:50:00
15043,Champions,31,6,2858.7999999999997,2011-12-10 12:50:00
15044,Champions,19,32,15843.74,2011-12-10 12:50:00
15045,Lapsed low-value,152,2,633.66,2011-12-10 12:50:00
15046,Champions,9,25,7570.03,2011-12-10 12:50:00
15047,Lapsed low-value,270,1,343.62,2011-12-10 12:50:00
15048,Recent developing,65,4,479.27,2011-12-10 12:50:00
15049,Lapsed low-value,274,1,121.17000000000002,2011-12-10 12:50:00
15050,Champions,25,5,4138.87,2011-12-10 12:50:00
15051,Champions,23,9,3920.16,2011-12-10 12:50:00
15052,Lapsed low-value,319,1,215.78,2011-12-10 12:50:00
15053,Recent developing,5,3,697.79,2011-12-10 12:50:00
15054,Recent developing,12,2,302.1,2011-12-10 12:50:00
15055,Lapsed low-value,475,3,560.07,2011-12-10 12:50:00
15056,Lapsed low-value,520,1,133.45,2011-12-10 12:50:00
15057,At-risk established,275,5,3184.56,2011-12-10 12:50:00
15058,Champions,25,16,3371.78,2011-12-10 12:50:00
15059,Champions,41,19,3452.82,2011-12-10 12:50:00
15060,Recent developing,8,4,301.84,2011-12-10 12:50:00
15062,At-risk established,71,8,2585.62,2011-12-10 12:50:00
15063,Lapsed low-value,213,1,370.79999999999995,2011-12-10 12:50:00
15064,At-risk established,410,4,1154.41,2011-12-10 12:50:00
15065,At-risk established,38,5,3304.71,2011-12-10 12:50:00
15066,Recent developing,53,1,760.59,2011-12-10 12:50:00
15067,At-risk established,78,5,3865.13,2011-12-10 12:50:00
15068,Recent developing,46,4,1176.85,2011-12-10 12:50:00
15069,Lapsed low-value,179,1,1109.53,2011-12-10 12:50:00
15070,At-risk established,373,3,843.25,2011-12-10 12:50:00
15071,At-risk established,94,4,1455.56,2011-12-10 12:50:00
15072,Lapsed low-value,479,1,187.51999999999998,2011-12-10 12:50:00
15073,Champions,10,8,2360.24,2011-12-10 12:50:00
15074,At-risk established,105,3,1566.33,2011-12-10 12:50:00
15075,Recent developing,78,1,773.03,2011-12-10 12:50:00
15076,At-risk established,173,3,1436.79,2011-12-10 12:50:00
15077,At-risk established,495,2,2421.38,2011-12-10 12:50:00
15078,Champions,7,52,17568.13,2011-12-10 12:50:00
15079,At-risk established,213,11,3690.1,2011-12-10 12:50:00
15080,Lapsed low-value,428,2,546.25,2011-12-10 12:50:00
15081,Champions,22,12,1948.27,2011-12-10 12:50:00
15082,Lapsed low-value,669,1,93.35000000000001,2011-12-10 12:50:00
15083,Lapsed low-value,257,1,88.2,2011-12-10 12:50:00
15084,At-risk established,380,2,965.2,2011-12-10 12:50:00
15085,Lapsed low-value,730,1,347.54,2011-12-10 12:50:00
15086,Lapsed low-value,565,2,218.53,2011-12-10 12:50:00
15087,Lapsed low-value,282,1,306.94,2011-12-10 12:50:00
15088,Recent developing,21,2,1140.27,2011-12-10 12:50:00
15089,Champions,10,6,2420.84,2011-12-10 12:50:00
15090,Lapsed low-value,308,1,381.32,2011-12-10 12:50:00
15091,At-risk established,68,3,1035.91,2011-12-10 12:50:00
15092,At-risk established,215,3,773.16,2011-12-10 12:50:00
15093,Champions,18,23,13653.68,2011-12-10 12:50:00
15094,Lapsed low-value,463,2,83.0,2011-12-10 12:50:00
15095,At-risk established,104,10,3135.74,2011-12-10 12:50:00
15096,Recent developing,43,1,219.39000000000001,2011-12-10 12:50:00
15097,Recent developing,4,3,584.65,2011-12-10 12:50:00
15099,Lapsed low-value,84,1,410.48,2011-12-10 12:50:00
15100,At-risk established,334,6,2319.5,2011-12-10 12:50:00
15101,Recent developing,9,6,1305.49,2011-12-10 12:50:00
15102,Lapsed low-value,531,2,554.67,2011-12-10 12:50:00
15103,Recent developing,31,2,703.36,2011-12-10 12:50:00
15104,At-risk established,197,2,1002.54,2011-12-10 12:50:00
15105,Champions,18,9,3094.91,2011-12-10 12:50:00
15106,Recent developing,18,5,1407.73,2011-12-10 12:50:00
15107,At-risk established,311,9,868.6,2011-12-10 12:50:00
15108,At-risk established,142,3,1150.75,2011-12-10 12:50:00
15109,At-risk established,246,3,961.9,2011-12-10 12:50:00
15110,Recent developing,24,6,1480.6000000000001,2011-12-10 12:50:00
15111,At-risk established,29,5,2730.87,2011-12-10 12:50:00
15112,Lapsed low-value,611,1,209.4,2011-12-10 12:50:00
15113,Recent developing,10,3,3439.02,2011-12-10 12:50:00
15114,Champions,30,12,3400.12,2011-12-10 12:50:00
15115,Recent developing,18,2,528.1,2011-12-10 12:50:00
15116,Recent developing,18,4,1352.75,2011-12-10 12:50:00
15117,Champions,15,8,2484.32,2011-12-10 12:50:00
15118,Lapsed low-value,134,1,244.8,2011-12-10 12:50:00
15119,Lapsed low-value,246,1,266.4,2011-12-10 12:50:00
15120,Lapsed low-value,134,1,343.82,2011-12-10 12:50:00
15121,Recent developing,50,2,457.72,2011-12-10 12:50:00
15122,Champions,114,11,4461.42,2011-12-10 12:50:00
15123,Champions,7,5,4656.17,2011-12-10 12:50:00
15124,Recent developing,23,4,450.82,2011-12-10 12:50:00
15125,Champions,25,23,16177.98,2011-12-10 12:50:00
15126,Lapsed low-value,537,2,449.49,2011-12-10 12:50:00
15127,Recent developing,66,2,711.5,2011-12-10 12:50:00
15128,At-risk established,60,5,1746.23,2011-12-10 12:50:00
15129,Champions,50,23,6860.18,2011-12-10 12:50:00
15130,Lapsed low-value,170,1,330.11,2011-12-10 12:50:00
15131,Lapsed low-value,395,1,80.28,2011-12-10 12:50:00
15132,Recent developing,18,5,977.9300000000001,2011-12-10 12:50:00
15133,At-risk established,128,5,1806.9,2011-12-10 12:50:00
15134,Champions,15,10,1596.29,2011-12-10 12:50:00
15135,Lapsed low-value,239,2,293.78,2011-12-10 12:50:00
15136,Recent developing,3,4,1282.95,2011-12-10 12:50:00
15137,Lapsed low-value,521,2,820.22,2011-12-10 12:50:00
15138,Lapsed low-value,394,1,486.59000000000003,2011-12-10 12:50:00
15139,Lapsed low-value,240,2,178.96,2011-12-10 12:50:00
15140,Champions,52,8,3239.44,2011-12-10 12:50:00
15141,At-risk established,458,7,1378.31,2011-12-10 12:50:00
15142,At-risk established,46,6,2608.97,2011-12-10 12:50:00
15143,Lapsed low-value,226,2,563.63,2011-12-10 12:50:00
15144,Champions,8,29,11996.11,2011-12-10 12:50:00
15145,Recent developing,4,4,1194.73,2011-12-10 12:50:00
15146,At-risk established,165,2,1313.66,2011-12-10 12:50:00
15147,Lapsed low-value,240,1,608.65,2011-12-10 12:50:00
15148,Recent developing,11,1,301.29,2011-12-10 12:50:00
15149,At-risk established,134,4,1524.6100000000001,2011-12-10 12:50:00
15150,Champions,17,13,8990.58,2011-12-10 12:50:00
15151,At-risk established,423,2,2085.61,2011-12-10 12:50:00
15152,Champions,10,14,5202.38,2011-12-10 12:50:00
15153,Recent developing,31,1,329.25,2011-12-10 12:50:00
15154,At-risk established,75,3,1332.26,2011-12-10 12:50:00
15155,Lapsed low-value,383,1,383.96999999999997,2011-12-10 12:50:00
15156,Recent developing,1,3,961.49,2011-12-10 12:50:00
15157,Champions,4,5,2597.88,2011-12-10 12:50:00
15158,Recent developing,45,2,437.66,2011-12-10 12:50:00
15159,Champions,2,34,22049.4,2011-12-10 12:50:00
15160,At-risk established,357,4,589.27,2011-12-10 12:50:00
15161,Lapsed low-value,388,1,119.92,2011-12-10 12:50:00
15162,Lapsed low-value,731,1,241.5,2011-12-10 12:50:00
15163,Recent developing,18,2,304.47,2011-12-10 12:50:00
15164,At-risk established,69,9,2052.02,2011-12-10 12:50:00
15165,Lapsed low-value,373,1,975.5,2011-12-10 12:50:00
15166,Lapsed low-value,468,1,167.16,2011-12-10 12:50:00
15167,At-risk established,321,5,1659.67,2011-12-10 12:50:00
15168,Recent developing,26,1,106.56,2011-12-10 12:50:00
15169,Lapsed low-value,382,2,569.22,2011-12-10 12:50:00
15170,Lapsed low-value,407,1,81.15,2011-12-10 12:50:00
15171,Lapsed low-value,331,1,1034.5,2011-12-10 12:50:00
15172,Recent developing,9,5,1624.05,2011-12-10 12:50:00
15173,At-risk established,381,7,1399.26,2011-12-10 12:50:00
15174,Lapsed low-value,323,2,481.46,2011-12-10 12:50:00
15175,Lapsed low-value,72,1,224.14,2011-12-10 12:50:00
15176,Lapsed low-value,668,1,985.09,2011-12-10 12:50:00
15177,Lapsed low-value,426,1,948.93,2011-12-10 12:50:00
15178,Lapsed low-value,260,1,40.5,2011-12-10 12:50:00
15179,Champions,18,13,7458.77,2011-12-10 12:50:00
15180,At-risk established,367,3,904.4300000000001,2011-12-10 12:50:00
15181,At-risk established,66,5,1191.7,2011-12-10 12:50:00
15182,At-risk established,154,11,2968.082,2011-12-10 12:50:00
15183,Lapsed low-value,548,3,637.03,2011-12-10 12:50:00
15184,Recent developing,29,4,689.95,2011-12-10 12:50:00
15185,Lapsed low-value,70,1,310.62,2011-12-10 12:50:00
15186,Recent developing,14,5,1403.2,2011-12-10 12:50:00
15187,Champions,2,15,4655.08,2011-12-10 12:50:00
15188,Lapsed low-value,725,1,310.43,2011-12-10 12:50:00
15189,Champions,1,46,17097.2,2011-12-10 12:50:00
15190,Lapsed low-value,434,1,834.4399999999999,2011-12-10 12:50:00
15191,Lapsed low-value,463,3,588.05,2011-12-10 12:50:00
15192,At-risk established,120,5,1981.39,2011-12-10 12:50:00
15193,Recent developing,61,1,499.32,2011-12-10 12:50:00
15194,Champions,3,28,12277.58,2011-12-10 12:50:00
15196,Lapsed low-value,433,2,316.25,2011-12-10 12:50:00
15197,Recent developing,11,6,1437.84,2011-12-10 12:50:00
15198,At-risk established,92,5,559.45,2011-12-10 12:50:00
15199,Champions,59,10,3122.4,2011-12-10 12:50:00
15200,Lapsed low-value,495,1,549.05,2011-12-10 12:50:00
15201,At-risk established,87,7,1559.26,2011-12-10 12:50:00
15203,Champions,26,15,4400.18,2011-12-10 12:50:00
15204,Lapsed low-value,357,1,316.58,2011-12-10 12:50:00
15205,Recent developing,85,2,653.24,2011-12-10 12:50:00
15206,Recent developing,10,4,420.29999999999995,2011-12-10 12:50:00
15207,At-risk established,416,3,657.27,2011-12-10 12:50:00
15208,Recent developing,1,6,968.02,2011-12-10 12:50:00
15209,Lapsed low-value,730,1,178.98000000000002,2011-12-10 12:50:00
15210,At-risk established,225,3,1176.19,2011-12-10 12:50:00
15211,Recent developing,60,2,1277.48,2011-12-10 12:50:00
15212,Lapsed low-value,241,2,195.42999999999998,2011-12-10 12:50:00
15213,Lapsed low-value,319,2,325.05,2011-12-10 12:50:00
15214,Champions,2,8,1661.44,2011-12-10 12:50:00
15215,At-risk established,47,7,1499.22,2011-12-10 12:50:00
15216,Recent developing,88,2,486.09,2011-12-10 12:50:00
15217,Lapsed low-value,563,1,426.24,2011-12-10 12:50:00
15218,Champions,11,22,11454.75,2011-12-10 12:50:00
15219,Lapsed low-value,176,2,685.45,2011-12-10 12:50:00
15220,At-risk established,52,6,1758.92,2011-12-10 12:50:00
15221,At-risk established,366,4,2000.8,2011-12-10 12:50:00
15222,At-risk established,319,11,3425.73,2011-12-10 12:50:00
15223,At-risk established,226,4,1117.1,2011-12-10 12:50:00
15224,At-risk established,358,5,847.21,2011-12-10 12:50:00
15225,Lapsed low-value,234,1,409.40000000000003,2011-12-10 12:50:00
15226,Lapsed low-value,311,1,154.41,2011-12-10 12:50:00
15227,Champions,37,9,2488.4900000000002,2011-12-10 12:50:00
15228,At-risk established,66,6,5570.5199999999995,2011-12-10 12:50:00
15229,Lapsed low-value,586,1,160.5,2011-12-10 12:50:00
15230,Lapsed low-value,239,2,429.6,2011-12-10 12:50:00
15231,Lapsed low-value,621,1,228.35999999999999,2011-12-10 12:50:00
15232,Lapsed low-value,113,2,612.06,2011-12-10 12:50:00
15233,Lapsed low-value,401,1,59.400000000000006,2011-12-10 12:50:00
15234,Lapsed low-value,277,1,197.0,2011-12-10 12:50:00
15235,At-risk established,218,16,2937.81,2011-12-10 12:50:00
15236,Lapsed low-value,299,1,321.05,2011-12-10 12:50:00
15237,Recent developing,2,4,1412.32,2011-12-10 12:50:00
15238,Recent developing,29,3,1056.54,2011-12-10 12:50:00
15239,Recent developing,10,2,764.34,2011-12-10 12:50:00
15240,Champions,45,12,4322.06,2011-12-10 12:50:00
15241,Champions,67,11,3032.31,2011-12-10 12:50:00
15242,Lapsed low-value,422,1,302.04,2011-12-10 12:50:00
15243,Recent developing,74,2,927.2800000000001,2011-12-10 12:50:00
15244,Recent developing,65,3,850.1800000000001,2011-12-10 12:50:00
15245,At-risk established,134,8,4610.84,2011-12-10 12:50:00
15246,At-risk established,238,3,780.4,2011-12-10 12:50:00
15247,At-risk established,122,3,967.11,2011-12-10 12:50:00
15248,At-risk established,411,3,1865.03,2011-12-10 12:50:00
15249,Champions,32,18,9147.15,2011-12-10 12:50:00
15250,Lapsed low-value,641,1,60.0,2011-12-10 12:50:00
15251,Champions,9,21,20121.57,2011-12-10 12:50:00
15252,At-risk established,36,5,2053.06,2011-12-10 12:50:00
15253,Champions,16,8,2033.29,2011-12-10 12:50:00
15254,At-risk established,127,3,1088.35,2011-12-10 12:50:00
15255,Champions,67,9,3670.77,2011-12-10 12:50:00
15256,Lapsed low-value,149,2,170.4,2011-12-10 12:50:00
15257,Lapsed low-value,283,2,540.9,2011-12-10 12:50:00
15258,Lapsed low-value,169,2,623.16,2011-12-10 12:50:00
15259,At-risk established,513,4,1182.3799999999999,2011-12-10 12:50:00
15260,Champions,100,25,9110.48,2011-12-10 12:50:00
15261,At-risk established,135,4,1508.0,2011-12-10 12:50:00
15262,Lapsed low-value,324,3,418.82,2011-12-10 12:50:00
15263,Lapsed low-value,107,1,156.51,2011-12-10 12:50:00
15264,Recent developing,64,2,844.2,2011-12-10 12:50:00
15265,At-risk established,151,4,3345.64,2011-12-10 12:50:00
15266,At-risk established,338,5,852.21,2011-12-10 12:50:00
15267,Recent developing,22,5,1717.36,2011-12-10 12:50:00
15268,At-risk established,479,3,941.25,2011-12-10 12:50:00
15269,Recent developing,24,3,1225.3600000000001,2011-12-10 12:50:00
15270,Champions,16,21,7306.39,2011-12-10 12:50:00
15271,Champions,7,24,4639.29,2011-12-10 12:50:00
15272,At-risk established,57,6,2085.48,2011-12-10 12:50:00
15273,Lapsed low-value,600,1,228.96,2011-12-10 12:50:00
15274,Recent developing,4,2,716.57,2011-12-10 12:50:00
15275,Recent developing,38,1,609.19,2011-12-10 12:50:00
15276,Recent developing,66,3,631.03,2011-12-10 12:50:00
15277,Recent developing,47,2,476.34,2011-12-10 12:50:00
15278,At-risk established,562,4,496.15999999999997,2011-12-10 12:50:00
15279,At-risk established,355,5,1541.74,2011-12-10 12:50:00
15280,Lapsed low-value,172,3,406.21999999999997,2011-12-10 12:50:00
15281,Champions,59,16,8322.72,2011-12-10 12:50:00
15282,Lapsed low-value,570,1,348.59,2011-12-10 12:50:00
15283,Lapsed low-value,390,3,135.43,2011-12-10 12:50:00
15284,Lapsed low-value,500,1,24.75,2011-12-10 12:50:00
15285,Lapsed low-value,408,1,94.92,2011-12-10 12:50:00
15286,Recent developing,50,1,240.55,2011-12-10 12:50:00
15287,Recent developing,22,5,854.58,2011-12-10 12:50:00
15288,Champions,43,10,3874.28,2011-12-10 12:50:00
15289,Recent developing,29,5,1570.71,2011-12-10 12:50:00
15290,Champions,5,26,10359.58,2011-12-10 12:50:00
15291,Champions,26,39,13471.42,2011-12-10 12:50:00
15292,Lapsed low-value,201,1,180.94,2011-12-10 12:50:00
15293,Lapsed low-value,666,1,247.5,2011-12-10 12:50:00
15294,Lapsed low-value,411,1,222.3,2011-12-10 12:50:00
15295,Lapsed low-value,654,1,217.23999999999998,2011-12-10 12:50:00
15296,Champions,51,12,10229.93,2011-12-10 12:50:00
15297,Recent developing,10,3,635.04,2011-12-10 12:50:00
15298,Champions,2,23,9348.98,2011-12-10 12:50:00
15299,Champions,67,9,7385.530000000001,2011-12-10 12:50:00
15300,Recent developing,64,1,496.44,2011-12-10 12:50:00
15301,Champions,51,17,7561.21,2011-12-10 12:50:00
15302,Lapsed low-value,730,1,291.05,2011-12-10 12:50:00
15303,At-risk established,290,3,1178.78,2011-12-10 12:50:00
15304,At-risk established,61,9,905.45,2011-12-10 12:50:00
15305,Lapsed low-value,555,1,93.6,2011-12-10 12:50:00
15306,Champions,64,9,3480.98,2011-12-10 12:50:00
15307,Lapsed low-value,96,1,205.3,2011-12-10 12:50:00
15308,Lapsed low-value,274,1,302.27,2011-12-10 12:50:00
15309,At-risk established,611,3,732.53,2011-12-10 12:50:00
15310,Lapsed low-value,479,1,1634.64,2011-12-10 12:50:00
15312,Champions,75,12,2916.4900000000002,2011-12-10 12:50:00
15313,Lapsed low-value,110,1,52.0,2011-12-10 12:50:00
15314,At-risk established,199,3,800.65,2011-12-10 12:50:00
15315,Recent developing,64,2,551.54,2011-12-10 12:50:00
15316,Lapsed low-value,327,1,165.0,2011-12-10 12:50:00
15317,Lapsed low-value,677,1,129.75,2011-12-10 12:50:00
15318,Recent developing,4,1,312.62,2011-12-10 12:50:00
15319,Lapsed low-value,284,1,204.5,2011-12-10 12:50:00
15320,Recent developing,44,1,267.13,2011-12-10 12:50:00
15321,Champions,71,12,6579.5,2011-12-10 12:50:00
15322,At-risk established,86,2,1322.45,2011-12-10 12:50:00
15323,Lapsed low-value,563,3,340.8,2011-12-10 12:50:00
15324,Lapsed low-value,701,1,140.22000000000003,2011-12-10 12:50:00
15325,At-risk established,104,8,1596.81,2011-12-10 12:50:00
15326,At-risk established,334,5,1551.02,2011-12-10 12:50:00
15327,Lapsed low-value,53,1,208.75,2011-12-10 12:50:00
15328,Lapsed low-value,408,1,107.24,2011-12-10 12:50:00
15329,Champions,39,10,2763.73,2011-12-10 12:50:00
15330,Recent developing,32,2,714.96,2011-12-10 12:50:00
15331,At-risk established,500,3,755.41,2011-12-10 12:50:00
15332,At-risk established,366,6,6553.74,2011-12-10 12:50:00
15333,Lapsed low-value,208,1,1028.56,2011-12-10 12:50:00
15334,Lapsed low-value,157,3,348.72,2011-12-10 12:50:00
15335,Lapsed low-value,54,1,173.97,2011-12-10 12:50:00
15336,Lapsed low-value,402,1,240.5,2011-12-10 12:50:00
15337,Lapsed low-value,411,1,344.72,2011-12-10 12:50:00
15338,Lapsed low-value,677,1,283.43,2011-12-10 12:50:00
15339,At-risk established,66,7,1634.09,2011-12-10 12:50:00
15340,Lapsed low-value,562,1,105.5,2011-12-10 12:50:00
15341,At-risk established,81,2,2402.7200000000003,2011-12-10 12:50:00
15342,Lapsed low-value,130,1,391.76,2011-12-10 12:50:00
15343,Lapsed low-value,87,1,364.5,2011-12-10 12:50:00
15344,Recent developing,1,3,476.58,2011-12-10 12:50:00
15345,Recent developing,46,1,367.69,2011-12-10 12:50:00
15346,At-risk established,333,3,591.65,2011-12-10 12:50:00
15347,At-risk established,366,4,1333.9,2011-12-10 12:50:00
15348,Lapsed low-value,72,1,158.04,2011-12-10 12:50:00
15349,Lapsed low-value,158,2,473.81,2011-12-10 12:50:00
15350,Lapsed low-value,373,2,663.25,2011-12-10 12:50:00
15351,Champions,12,10,3615.18,2011-12-10 12:50:00
15352,Lapsed low-value,549,1,114.95,2011-12-10 12:50:00
15353,At-risk established,255,7,3175.95,2011-12-10 12:50:00
15355,Recent developing,29,2,277.05,2011-12-10 12:50:00
15356,Champions,31,13,3464.95,2011-12-10 12:50:00
15358,Champions,5,42,16852.75,2011-12-10 12:50:00
15360,Recent developing,40,1,427.93,2011-12-10 12:50:00
15361,At-risk established,362,4,689.07,2011-12-10 12:50:00
15362,Lapsed low-value,449,2,613.08,2011-12-10 12:50:00
15363,At-risk established,373,2,996.16,2011-12-10 12:50:00
15364,At-risk established,96,2,913.19,2011-12-10 12:50:00
15365,Champions,26,13,3798.98,2011-12-10 12:50:00
15366,At-risk established,75,7,2389.08,2011-12-10 12:50:00
15367,Champions,57,11,5005.7300000000005,2011-12-10 12:50:00
15368,Recent developing,21,2,722.74,2011-12-10 12:50:00
15369,At-risk established,492,11,3253.65,2011-12-10 12:50:00
15370,Champions,41,8,3713.5099999999998,2011-12-10 12:50:00
15371,Lapsed low-value,662,1,59.400000000000006,2011-12-10 12:50:00
15372,At-risk established,137,8,5954.42,2011-12-10 12:50:00
15373,Champions,8,17,3218.59,2011-12-10 12:50:00
15374,Lapsed low-value,129,2,307.32,2011-12-10 12:50:00
15375,Lapsed low-value,690,1,60.959999999999994,2011-12-10 12:50:00
15376,Recent developing,40,3,1233.3600000000001,2011-12-10 12:50:00
15377,At-risk established,383,4,1179.95,2011-12-10 12:50:00
15378,Lapsed low-value,463,2,246.5,2011-12-10 12:50:00
15379,At-risk established,169,8,4806.4400000000005,2011-12-10 12:50:00
15380,Champions,9,11,3422.2000000000003,2011-12-10 12:50:00
15381,At-risk established,214,5,1887.62,2011-12-10 12:50:00
15382,Champions,15,12,13647.2,2011-12-10 12:50:00
15384,At-risk established,170,4,2014.49,2011-12-10 12:50:00
15385,Recent developing,40,3,942.08,2011-12-10 12:50:00
15386,Lapsed low-value,186,1,394.14,2011-12-10 12:50:00
15387,Lapsed low-value,492,1,468.65,2011-12-10 12:50:00
15388,Lapsed low-value,270,1,140.54,2011-12-10 12:50:00
15389,At-risk established,172,5,2733.8,2011-12-10 12:50:00
15390,At-risk established,396,2,1216.66,2011-12-10 12:50:00
15391,Lapsed low-value,584,1,282.92,2011-12-10 12:50:00
15392,Champions,5,7,2891.82,2011-12-10 12:50:00
15393,Recent developing,16,5,891.34,2011-12-10 12:50:00
15394,Champions,10,11,5251.4,2011-12-10 12:50:00
15395,Lapsed low-value,326,1,107.45,2011-12-10 12:50:00
15396,At-risk established,113,2,796.38,2011-12-10 12:50:00
15397,Lapsed low-value,290,1,94.0,2011-12-10 12:50:00
15398,Recent developing,16,2,1339.63,2011-12-10 12:50:00
15399,Recent developing,1,3,815.77,2011-12-10 12:50:00
15400,At-risk established,92,8,1252.8,2011-12-10 12:50:00
15401,Lapsed low-value,452,2,216.95000000000002,2011-12-10 12:50:00
15402,At-risk established,149,6,1816.22,2011-12-10 12:50:00
15403,Lapsed low-value,492,2,170.88,2011-12-10 12:50:00
15404,Lapsed low-value,376,1,257.06,2011-12-10 12:50:00
15405,Lapsed low-value,189,2,659.84,2011-12-10 12:50:00
15406,Recent developing,31,4,882.97,2011-12-10 12:50:00
15407,Recent developing,34,4,1056.44,2011-12-10 12:50:00
15408,Lapsed low-value,264,1,267.18,2011-12-10 12:50:00
15409,Lapsed low-value,721,1,117.2,2011-12-10 12:50:00
15410,Champions,84,10,4685.72,2011-12-10 12:50:00
15411,Recent developing,26,4,1346.38,2011-12-10 12:50:00
15412,Lapsed low-value,171,1,190.53,2011-12-10 12:50:00
15413,At-risk established,692,5,6798.72,2011-12-10 12:50:00
15414,Recent developing,10,3,774.9000000000001,2011-12-10 12:50:00
15415,Lapsed low-value,313,1,572.8100000000001,2011-12-10 12:50:00
15416,At-risk established,65,7,4562.87,2011-12-10 12:50:00
15417,Lapsed low-value,85,1,508.8,2011-12-10 12:50:00
15418,Lapsed low-value,425,2,452.32,2011-12-10 12:50:00
15419,Recent developing,25,1,135.86,2011-12-10 12:50:00
15420,At-risk established,434,6,743.0,2011-12-10 12:50:00
15421,Champions,59,10,3805.34,2011-12-10 12:50:00
15422,At-risk established,323,7,1619.97,2011-12-10 12:50:00
15423,Recent developing,38,3,219.14,2011-12-10 12:50:00
15424,At-risk established,254,3,597.78,2011-12-10 12:50:00
15425,At-risk established,400,4,1944.57,2011-12-10 12:50:00
15426,Champions,19,9,2593.4,2011-12-10 12:50:00
15427,Recent developing,33,3,1483.14,2011-12-10 12:50:00
15428,Recent developing,15,4,762.75,2011-12-10 12:50:00
15429,Recent developing,27,2,364.9,2011-12-10 12:50:00
15430,Lapsed low-value,468,2,903.75,2011-12-10 12:50:00
15431,Lapsed low-value,503,1,153.24,2011-12-10 12:50:00
15432,Recent developing,23,2,301.26,2011-12-10 12:50:00
15433,Lapsed low-value,214,2,420.07,2011-12-10 12:50:00
15434,Champions,8,11,2517.11,2011-12-10 12:50:00
15435,Recent developing,22,1,149.29,2011-12-10 12:50:00
15436,Recent developing,12,3,1122.53,2011-12-10 12:50:00
15437,Lapsed low-value,262,2,393.45,2011-12-10 12:50:00
15438,Lapsed low-value,131,1,156.57999999999998,2011-12-10 12:50:00
15439,At-risk established,405,4,1269.05,2011-12-10 12:50:00
15440,Recent developing,55,3,383.68,2011-12-10 12:50:00
15441,At-risk established,396,3,1254.21,2011-12-10 12:50:00
15442,Lapsed low-value,249,1,594.0,2011-12-10 12:50:00
15443,Champions,2,14,5118.42,2011-12-10 12:50:00
15444,Recent developing,9,2,1418.26,2011-12-10 12:50:00
15445,Lapsed low-value,264,2,284.5,2011-12-10 12:50:00
15446,Lapsed low-value,377,3,403.95,2011-12-10 12:50:00
15447,At-risk established,331,5,484.93,2011-12-10 12:50:00
15448,Lapsed low-value,313,2,788.81,2011-12-10 12:50:00
15449,Recent developing,26,3,971.22,2011-12-10 12:50:00
15450,Recent developing,30,1,429.84,2011-12-10 12:50:00
15451,Lapsed low-value,434,2,233.21,2011-12-10 12:50:00
15452,At-risk established,30,6,1799.1100000000001,2011-12-10 12:50:00
15453,Champions,2,7,1388.37,2011-12-10 12:50:00
15454,Lapsed low-value,362,2,305.59000000000003,2011-12-10 12:50:00
15455,Lapsed low-value,598,1,38.25,2011-12-10 12:50:00
15456,At-risk established,283,10,2119.27,2011-12-10 12:50:00
15457,Lapsed low-value,262,1,237.07,2011-12-10 12:50:00
15458,Recent developing,25,2,370.43999999999994,2011-12-10 12:50:00
15459,Lapsed low-value,417,2,202.82999999999998,2011-12-10 12:50:00
15460,Lapsed low-value,354,1,216.76,2011-12-10 12:50:00
15461,Lapsed low-value,461,2,429.7,2011-12-10 12:50:00
15462,At-risk established,94,4,737.05,2011-12-10 12:50:00
15463,Recent developing,29,1,126.14,2011-12-10 12:50:00
15464,Lapsed low-value,338,1,1048.85,2011-12-10 12:50:00
15465,Champions,20,32,12209.949999999999,2011-12-10 12:50:00
15466,At-risk established,85,4,1571.01,2011-12-10 12:50:00
15467,Recent developing,9,3,511.88,2011-12-10 12:50:00
15468,Recent developing,51,3,1387.48,2011-12-10 12:50:00
15469,Recent developing,50,3,834.4,2011-12-10 12:50:00
15470,Lapsed low-value,576,1,63.419999999999995,2011-12-10 12:50:00
15471,Recent developing,2,3,1316.56,2011-12-10 12:50:00
15472,Lapsed low-value,113,1,371.56,2011-12-10 12:50:00
15473,Champions,14,7,1740.0,2011-12-10 12:50:00
15474,Lapsed low-value,596,1,163.1,2011-12-10 12:50:00
15475,Lapsed low-value,77,1,454.10999999999996,2011-12-10 12:50:00
15476,At-risk established,380,4,2180.28,2011-12-10 12:50:00
15477,Lapsed low-value,650,1,368.4,2011-12-10 12:50:00
15478,Recent developing,40,3,1982.48,2011-12-10 12:50:00
15479,Lapsed low-value,733,1,147.4,2011-12-10 12:50:00
15480,At-risk established,116,3,3592.25,2011-12-10 12:50:00
15481,At-risk established,401,1,1993.34,2011-12-10 12:50:00
15482,Champions,16,17,10181.36,2011-12-10 12:50:00
15483,At-risk established,161,10,855.06,2011-12-10 12:50:00
15484,Champions,1,6,4624.8,2011-12-10 12:50:00
15485,Champions,30,7,5717.51,2011-12-10 12:50:00
15486,Lapsed low-value,527,1,102.0,2011-12-10 12:50:00
15487,Lapsed low-value,680,1,231.32,2011-12-10 12:50:00
15488,At-risk established,93,5,431.92,2011-12-10 12:50:00
15489,Champions,23,8,2324.96,2011-12-10 12:50:00
15490,Lapsed low-value,430,1,188.1,2011-12-10 12:50:00
15491,At-risk established,95,6,3090.85,2011-12-10 12:50:00
15492,Recent developing,28,2,659.4599999999999,2011-12-10 12:50:00
15493,Champions,33,9,4271.94,2011-12-10 12:50:00
15494,Champions,21,5,3780.05,2011-12-10 12:50:00
15495,Lapsed low-value,379,1,246.5,2011-12-10 12:50:00
15496,Lapsed low-value,631,1,146.14000000000001,2011-12-10 12:50:00
15497,Champions,18,9,8642.14,2011-12-10 12:50:00
15498,Champions,3,44,25805.78,2011-12-10 12:50:00
15499,Lapsed low-value,724,1,161.6,2011-12-10 12:50:00
15500,Recent developing,8,4,1131.56,2011-12-10 12:50:00
15501,Lapsed low-value,405,2,402.5,2011-12-10 12:50:00
15502,Champions,16,11,9024.99,2011-12-10 12:50:00
15503,Lapsed low-value,363,2,267.15,2011-12-10 12:50:00
15504,Recent developing,81,4,402.65,2011-12-10 12:50:00
15505,At-risk established,53,5,3497.14,2011-12-10 12:50:00
15506,Champions,23,6,2040.03,2011-12-10 12:50:00
15507,Lapsed low-value,172,1,492.36,2011-12-10 12:50:00
15508,At-risk established,189,6,1000.27,2011-12-10 12:50:00
15509,Lapsed low-value,380,1,166.51,2011-12-10 12:50:00
15510,Lapsed low-value,331,1,250.0,2011-12-10 12:50:00
15511,Recent developing,12,5,909.23,2011-12-10 12:50:00
15512,Lapsed low-value,156,4,331.58,2011-12-10 12:50:00
15513,Champions,33,35,27334.71,2011-12-10 12:50:00
15514,Champions,12,18,5450.8,2011-12-10 12:50:00
15515,Lapsed low-value,387,1,171.81,2011-12-10 12:50:00
15517,Lapsed low-value,233,1,267.03,2011-12-10 12:50:00
15518,Champions,64,15,4110.54,2011-12-10 12:50:00
15519,Lapsed low-value,383,2,344.61,2011-12-10 12:50:00
15520,Recent developing,2,1,343.5,2011-12-10 12:50:00
15521,Champions,40,16,6794.95,2011-12-10 12:50:00
15522,Recent developing,33,2,398.84,2011-12-10 12:50:00
15523,Champions,84,16,17325.99,2011-12-10 12:50:00
15524,Recent developing,25,2,591.4,2011-12-10 12:50:00
15525,Recent developing,2,4,1278.3,2011-12-10 12:50:00
15526,Recent developing,33,2,148.44,2011-12-10 12:50:00
15527,Champions,19,23,5234.34,2011-12-10 12:50:00
15528,Lapsed low-value,254,1,229.33,2011-12-10 12:50:00
15529,Champions,23,12,5081.95,2011-12-10 12:50:00
15530,Recent developing,22,5,1813.72,2011-12-10 12:50:00
15531,Recent developing,8,2,2007.44,2011-12-10 12:50:00
15532,Champions,25,10,3688.4,2011-12-10 12:50:00
15533,Recent developing,19,3,754.12,2011-12-10 12:50:00
15534,Lapsed low-value,726,1,162.25,2011-12-10 12:50:00
15535,At-risk established,173,6,998.57,2011-12-10 12:50:00
15536,Lapsed low-value,409,1,259.09,2011-12-10 12:50:00
15537,Lapsed low-value,163,1,110.92,2011-12-10 12:50:00
15538,At-risk established,538,6,3358.3999999999996,2011-12-10 12:50:00
15539,Recent developing,7,1,538.46,2011-12-10 12:50:00
15540,Recent developing,11,2,460.68,2011-12-10 12:50:00
15541,Lapsed low-value,114,1,85.13000000000001,2011-12-10 12:50:00
15542,At-risk established,512,3,895.9,2011-12-10 12:50:00
15543,Lapsed low-value,288,2,242.84,2011-12-10 12:50:00
15544,Champions,9,20,8134.12,2011-12-10 12:50:00
15545,Recent developing,54,2,428.05,2011-12-10 12:50:00
15546,Lapsed low-value,607,1,539.5500000000001,2011-12-10 12:50:00
15547,Champions,7,26,10089.04,2011-12-10 12:50:00
15548,Lapsed low-value,596,1,158.09,2011-12-10 12:50:00
15549,At-risk established,77,8,2304.71,2011-12-10 12:50:00
15550,Champions,4,12,2002.3500000000001,2011-12-10 12:50:00
15551,At-risk established,37,6,1656.08,2011-12-10 12:50:00
15552,Lapsed low-value,217,2,252.52,2011-12-10 12:50:00
15553,Recent developing,60,1,437.23,2011-12-10 12:50:00
15554,Lapsed low-value,278,1,217.2,2011-12-10 12:50:00
15555,Champions,12,36,11743.7,2011-12-10 12:50:00
15556,Recent developing,24,1,279.77,2011-12-10 12:50:00
15557,Recent developing,29,1,473.65000000000003,2011-12-10 12:50:00
15558,Lapsed low-value,639,1,143.32999999999998,2011-12-10 12:50:00
15559,Lapsed low-value,568,1,1109.4,2011-12-10 12:50:00
15560,Lapsed low-value,398,2,153.52,2011-12-10 12:50:00
15561,Champions,12,8,1856.54,2011-12-10 12:50:00
15562,At-risk established,352,3,673.3800000000001,2011-12-10 12:50:00
15563,Champions,22,6,2772.21,2011-12-10 12:50:00
15564,Lapsed low-value,463,2,70.74000000000001,2011-12-10 12:50:00
15565,Recent developing,50,2,173.16,2011-12-10 12:50:00
15566,Lapsed low-value,393,2,227.87,2011-12-10 12:50:00
15567,Recent developing,19,1,186.01,2011-12-10 12:50:00
15568,Recent developing,3,3,758.29,2011-12-10 12:50:00
15569,At-risk established,104,10,3586.35,2011-12-10 12:50:00
15570,Champions,7,25,9247.99,2011-12-10 12:50:00
15571,Champions,12,14,4051.63,2011-12-10 12:50:00
15572,Champions,5,10,4068.67,2011-12-10 12:50:00
15573,Recent developing,32,5,1199.23,2011-12-10 12:50:00
15574,At-risk established,178,6,1476.7,2011-12-10 12:50:00
15575,Lapsed low-value,620,1,30.1,2011-12-10 12:50:00
15576,Recent developing,38,1,940.6700000000001,2011-12-10 12:50:00
15577,At-risk established,151,5,397.98,2011-12-10 12:50:00
15578,Lapsed low-value,162,1,127.1,2011-12-10 12:50:00
15579,At-risk established,69,5,1267.25,2011-12-10 12:50:00
15580,At-risk established,377,8,1256.89,2011-12-10 12:50:00
15582,Recent developing,25,3,682.9100000000001,2011-12-10 12:50:00
15583,Lapsed low-value,376,1,107.86,2011-12-10 12:50:00
15584,Recent developing,24,6,1269.0,2011-12-10 12:50:00
15585,Lapsed low-value,177,1,455.3,2011-12-10 12:50:00
15586,At-risk established,593,3,1128.66,2011-12-10 12:50:00
15587,At-risk established,50,7,1522.0800000000002,2011-12-10 12:50:00
15588,Lapsed low-value,678,1,579.6,2011-12-10 12:50:00
15589,Lapsed low-value,256,3,456.58,2011-12-10 12:50:00
15590,At-risk established,382,5,1496.6,2011-12-10 12:50:00
15591,Lapsed low-value,583,3,217.9,2011-12-10 12:50:00
15592,Recent developing,47,1,388.58,2011-12-10 12:50:00
15593,Lapsed low-value,71,1,199.8,2011-12-10 12:50:00
15594,Recent developing,16,5,1767.53,2011-12-10 12:50:00
15595,Lapsed low-value,488,1,357.6,2011-12-10 12:50:00
15596,At-risk established,101,9,3023.09,2011-12-10 12:50:00
15597,Recent developing,35,2,554.52,2011-12-10 12:50:00
15598,Recent developing,53,2,543.02,2011-12-10 12:50:00
15599,Recent developing,27,3,1250.06,2011-12-10 12:50:00
15600,At-risk established,428,4,1179.96,2011-12-10 12:50:00
15601,Champions,11,30,14919.220000000001,2011-12-10 12:50:00
15602,Champions,8,16,3009.06,2011-12-10 12:50:00
15603,Lapsed low-value,79,2,74.73,2011-12-10 12:50:00
15604,Lapsed low-value,52,1,216.39,2011-12-10 12:50:00
15605,Champions,36,9,1933.4,2011-12-10 12:50:00
15606,Champions,61,17,4733.47,2011-12-10 12:50:00
15607,At-risk established,337,9,1619.3700000000001,2011-12-10 12:50:00
15608,Recent developing,28,5,1785.98,2011-12-10 12:50:00
15609,Lapsed low-value,184,1,270.03000000000003,2011-12-10 12:50:00
15610,Lapsed low-value,52,1,112.46000000000001,2011-12-10 12:50:00
15611,Champions,10,24,2833.37,2011-12-10 12:50:00
15612,Recent developing,36,2,195.15,2011-12-10 12:50:00
15613,Lapsed low-value,610,1,433.71999999999997,2011-12-10 12:50:00
15614,At-risk established,438,4,3021.61,2011-12-10 12:50:00
15615,Champions,10,47,21308.22,2011-12-10 12:50:00
15616,Lapsed low-value,438,1,317.11,2011-12-10 12:50:00
15617,At-risk established,396,3,828.5500000000001,2011-12-10 12:50:00
15618,Recent developing,33,4,747.031,2011-12-10 12:50:00
15619,Recent developing,11,1,336.40000000000003,2011-12-10 12:50:00
15620,At-risk established,57,4,1910.01,2011-12-10 12:50:00
15621,Recent developing,4,4,1168.01,2011-12-10 12:50:00
15622,Champions,43,17,7346.13,2011-12-10 12:50:00
15623,At-risk established,141,8,2437.05,2011-12-10 12:50:00
15624,At-risk established,117,4,588.13,2011-12-10 12:50:00
15625,At-risk established,104,9,3201.85,2011-12-10 12:50:00
15626,At-risk established,75,3,1049.37,2011-12-10 12:50:00
15627,Lapsed low-value,457,2,566.9,2011-12-10 12:50:00
15628,Champions,5,17,5603.360000000001,2011-12-10 12:50:00
15629,At-risk established,450,4,2240.9,2011-12-10 12:50:00
15630,Recent developing,45,3,1475.45,2011-12-10 12:50:00
15631,Lapsed low-value,642,1,596.67,2011-12-10 12:50:00
15632,Champions,16,8,3148.31,2011-12-10 12:50:00
15633,At-risk established,509,13,4165.31,2011-12-10 12:50:00
15634,Recent developing,17,2,554.65,2011-12-10 12:50:00
15635,Lapsed low-value,396,1,100.35,2011-12-10 12:50:00
15636,At-risk established,90,4,1444.58,2011-12-10 12:50:00
15637,Recent developing,53,5,797.59,2011-12-10 12:50:00
15638,At-risk established,379,6,2154.2,2011-12-10 12:50:00
15639,At-risk established,134,3,1025.1299999999999,2011-12-10 12:50:00
15640,Champions,4,29,23811.91,2011-12-10 12:50:00
15641,Champions,105,12,5345.55,2011-12-10 12:50:00
15642,Lapsed low-value,730,1,105.78000000000002,2011-12-10 12:50:00
15643,At-risk established,192,3,647.4,2011-12-10 12:50:00
15644,At-risk established,166,4,813.0,2011-12-10 12:50:00
15645,Recent developing,19,3,1042.15,2011-12-10 12:50:00
15646,At-risk established,158,5,952.11,2011-12-10 12:50:00
15647,Lapsed low-value,415,1,169.0,2011-12-10 12:50:00
15648,Lapsed low-value,204,2,602.6,2011-12-10 12:50:00
15649,At-risk established,336,4,2170.35,2011-12-10 12:50:00
15650,Lapsed low-value,522,2,539.03,2011-12-10 12:50:00
15651,Recent developing,37,5,1259.06,2011-12-10 12:50:00
15652,At-risk established,91,5,1411.84,2011-12-10 12:50:00
15653,At-risk established,93,2,877.4399999999999,2011-12-10 12:50:00
15654,Recent developing,9,2,922.53,2011-12-10 12:50:00
15655,Lapsed low-value,243,1,511.32,2011-12-10 12:50:00
15656,Recent developing,45,4,748.5,2011-12-10 12:50:00
15658,At-risk established,190,8,2270.34,2011-12-10 12:50:00
15659,Recent developing,44,3,532.49,2011-12-10 12:50:00
15660,Champions,25,15,2764.64,2011-12-10 12:50:00
15661,At-risk established,317,8,1215.95,2011-12-10 12:50:00
15662,Lapsed low-value,661,2,283.73,2011-12-10 12:50:00
15663,Lapsed low-value,106,1,138.14,2011-12-10 12:50:00
15664,At-risk established,51,4,1199.53,2011-12-10 12:50:00
15665,At-risk established,168,5,4015.12,2011-12-10 12:50:00
15666,Lapsed low-value,472,2,632.9399999999999,2011-12-10 12:50:00
15667,Recent developing,40,1,301.32,2011-12-10 12:50:00
15668,Lapsed low-value,218,1,76.32000000000001,2011-12-10 12:50:00
15669,Recent developing,40,4,677.69,2011-12-10 12:50:00
15670,Lapsed low-value,297,2,315.2,2011-12-10 12:50:00
15671,Champions,19,7,2635.4900000000002,2011-12-10 12:50:00
15672,Lapsed low-value,725,1,45.300000000000004,2011-12-10 12:50:00
15673,Champions,88,9,6409.84,2011-12-10 12:50:00
15674,Champions,73,12,6223.1900000000005,2011-12-10 12:50:00
15675,At-risk established,81,4,542.04,2011-12-10 12:50:00
15676,Recent developing,19,3,3324.09,2011-12-10 12:50:00
15677,Recent developing,49,3,1305.63,2011-12-10 12:50:00
15678,At-risk established,53,3,1893.89,2011-12-10 12:50:00
15679,Recent developing,24,4,781.28,2011-12-10 12:50:00
15680,Champions,9,10,4489.88,2011-12-10 12:50:00
15681,Champions,25,14,2484.28,2011-12-10 12:50:00
15682,Lapsed low-value,599,2,316.99,2011-12-10 12:50:00
15683,Lapsed low-value,117,2,524.54,2011-12-10 12:50:00
15684,Lapsed low-value,547,3,159.1,2011-12-10 12:50:00
15685,Lapsed low-value,450,1,55.980000000000004,2011-12-10 12:50:00
15686,Lapsed low-value,420,1,90.0,2011-12-10 12:50:00
15687,Champions,9,9,2981.5,2011-12-10 12:50:00
15688,Lapsed low-value,419,1,190.57,2011-12-10 12:50:00
15689,At-risk established,120,3,521.03,2011-12-10 12:50:00
15690,Recent developing,4,2,239.76,2011-12-10 12:50:00
15691,At-risk established,252,4,511.8,2011-12-10 12:50:00
15692,Recent developing,28,1,191.04,2011-12-10 12:50:00
15693,Lapsed low-value,659,1,37.5,2011-12-10 12:50:00
15694,Champions,1,23,10592.06,2011-12-10 12:50:00
15695,At-risk established,267,4,1131.04,2011-12-10 12:50:00
15696,Champions,33,13,3758.37,2011-12-10 12:50:00
15697,Lapsed low-value,690,1,246.75,2011-12-10 12:50:00
15698,Lapsed low-value,624,1,46.2,2011-12-10 12:50:00
15699,Recent developing,18,1,309.65,2011-12-10 12:50:00
15700,Lapsed low-value,172,2,664.03,2011-12-10 12:50:00
15701,Recent developing,2,4,1542.14,2011-12-10 12:50:00
15702,Lapsed low-value,476,1,112.57000000000001,2011-12-10 12:50:00
15703,Lapsed low-value,265,1,211.5,2011-12-10 12:50:00
15704,At-risk established,140,6,3747.1600000000003,2011-12-10 12:50:00
15705,Lapsed low-value,201,1,143.1,2011-12-10 12:50:00
15706,At-risk established,64,4,1001.81,2011-12-10 12:50:00
15707,Recent developing,35,4,945.58,2011-12-10 12:50:00
15708,Champions,41,9,4323.9800000000005,2011-12-10 12:50:00
15709,Lapsed low-value,284,2,327.85,2011-12-10 12:50:00
15710,Lapsed low-value,417,1,898.87,2011-12-10 12:50:00
15711,Lapsed low-value,557,2,420.25,2011-12-10 12:50:00
15712,Champions,9,12,3467.46,2011-12-10 12:50:00
15713,At-risk established,143,4,985.99,2011-12-10 12:50:00
15714,Recent developing,12,5,784.8100000000001,2011-12-10 12:50:00
15715,At-risk established,556,5,658.02,2011-12-10 12:50:00
15716,At-risk established,146,11,3054.29,2011-12-10 12:50:00
15717,At-risk established,234,5,607.0,2011-12-10 12:50:00
15718,Lapsed low-value,540,1,293.79,2011-12-10 12:50:00
15719,Champions,33,31,10145.91,2011-12-10 12:50:00
15720,Recent developing,24,2,741.92,2011-12-10 12:50:00
15721,Recent developing,12,1,507.08,2011-12-10 12:50:00
15722,Champions,36,11,5166.150000000001,2011-12-10 12:50:00
15723,At-risk established,365,4,947.65,2011-12-10 12:50:00
15724,Lapsed low-value,201,3,299.8,2011-12-10 12:50:00
15725,Recent developing,15,1,415.25,2011-12-10 12:50:00
15726,Lapsed low-value,390,1,321.91,2011-12-10 12:50:00
15727,Champions,17,15,9445.51,2011-12-10 12:50:00
15728,Lapsed low-value,380,2,386.40000000000003,2011-12-10 12:50:00
15729,Lapsed low-value,213,3,154.70000000000002,2011-12-10 12:50:00
15730,At-risk established,66,5,1708.18,2011-12-10 12:50:00
15731,Lapsed low-value,554,1,125.3,2011-12-10 12:50:00
15732,At-risk established,212,10,1637.52,2011-12-10 12:50:00
15733,Lapsed low-value,283,1,162.3,2011-12-10 12:50:00
15734,At-risk established,115,4,2263.3,2011-12-10 12:50:00
15735,Lapsed low-value,421,1,327.68,2011-12-10 12:50:00
15736,At-risk established,435,2,1755.52,2011-12-10 12:50:00
15737,Recent developing,15,8,1138.21,2011-12-10 12:50:00
15738,Champions,19,41,13342.12,2011-12-10 12:50:00
15739,Recent developing,66,1,449.12,2011-12-10 12:50:00
15740,Lapsed low-value,49,1,154.88,2011-12-10 12:50:00
15741,Lapsed low-value,458,2,208.62,2011-12-10 12:50:00
15742,Lapsed low-value,619,1,156.87,2011-12-10 12:50:00
15743,Recent developing,16,4,784.46,2011-12-10 12:50:00
15744,Lapsed low-value,78,1,34.8,2011-12-10 12:50:00
15745,Recent developing,19,4,1071.24,2011-12-10 12:50:00
15746,Lapsed low-value,134,1,182.96,2011-12-10 12:50:00
15747,Champions,13,9,2560.66,2011-12-10 12:50:00
15748,Recent developing,40,3,614.7600000000001,2011-12-10 12:50:00
15750,Champions,3,18,6716.6410000000005,2011-12-10 12:50:00
15751,At-risk established,461,10,1318.84,2011-12-10 12:50:00
15752,Champions,40,9,4199.09,2011-12-10 12:50:00
15753,Lapsed low-value,305,1,79.2,2011-12-10 12:50:00
15754,Champions,51,9,3001.86,2011-12-10 12:50:00
15755,Champions,10,17,5936.95,2011-12-10 12:50:00
15756,Recent developing,61,4,532.96,2011-12-10 12:50:00
15757,At-risk established,66,6,2940.36,2011-12-10 12:50:00
15758,Recent developing,25,1,205.25,2011-12-10 12:50:00
15759,At-risk established,218,7,810.98,2011-12-10 12:50:00
15761,Lapsed low-value,443,1,143.05,2011-12-10 12:50:00
15762,Recent developing,65,2,583.75,2011-12-10 12:50:00
15763,Recent developing,32,2,1048.67,2011-12-10 12:50:00
15764,At-risk established,88,8,4453.28,2011-12-10 12:50:00
15765,Lapsed low-value,667,1,370.63,2011-12-10 12:50:00
15766,Recent developing,64,3,799.66,2011-12-10 12:50:00
15770,Lapsed low-value,613,1,321.45,2011-12-10 12:50:00
15771,At-risk established,604,3,1006.54,2011-12-10 12:50:00
15772,Lapsed low-value,418,1,280.88,2011-12-10 12:50:00
15773,Recent developing,6,2,774.52,2011-12-10 12:50:00
15774,At-risk established,69,6,1328.69,2011-12-10 12:50:00
15775,Lapsed low-value,245,2,150.5,2011-12-10 12:50:00
15776,Lapsed low-value,133,1,241.62,2011-12-10 12:50:00
15777,At-risk established,241,7,1728.51,2011-12-10 12:50:00
15778,Lapsed low-value,431,1,307.95,2011-12-10 12:50:00
15779,Lapsed low-value,463,2,124.08000000000001,2011-12-10 12:50:00
15780,Lapsed low-value,184,3,475.28000000000003,2011-12-10 12:50:00
15781,Recent developing,25,3,333.56,2011-12-10 12:50:00
15782,Champions,10,4,3993.3,2011-12-10 12:50:00
15783,Recent developing,11,1,246.3,2011-12-10 12:50:00
15784,Lapsed low-value,468,2,848.3299999999999,2011-12-10 12:50:00
15785,Champions,33,16,5832.04,2011-12-10 12:50:00
15786,Champions,46,5,8392.85,2011-12-10 12:50:00
15787,Recent developing,26,3,948.05,2011-12-10 12:50:00
15788,Lapsed low-value,509,1,215.53,2011-12-10 12:50:00
15789,At-risk established,358,6,1932.01,2011-12-10 12:50:00
15790,Recent developing,10,1,220.85,2011-12-10 12:50:00
15791,At-risk established,44,5,3545.74,2011-12-10 12:50:00
15792,At-risk established,400,2,933.84,2011-12-10 12:50:00
15793,Champions,15,8,2382.92,2011-12-10 12:50:00
15794,Lapsed low-value,736,2,777.0,2011-12-10 12:50:00
15795,At-risk established,150,8,1979.8700000000001,2011-12-10 12:50:00
15796,Champions,1,17,5156.93,2011-12-10 12:50:00
15797,At-risk established,113,5,2806.08,2011-12-10 12:50:00
15798,At-risk established,493,3,1535.37,2011-12-10 12:50:00
15799,At-risk established,76,4,1424.29,2011-12-10 12:50:00
15800,At-risk established,107,7,1242.58,2011-12-10 12:50:00
15801,Recent developing,46,3,1042.19,2011-12-10 12:50:00
15803,At-risk established,51,4,1929.66,2011-12-10 12:50:00
15804,Champions,1,13,3856.95,2011-12-10 12:50:00
15805,Champions,23,30,9810.33,2011-12-10 12:50:00
15806,Recent developing,46,3,784.58,2011-12-10 12:50:00
15807,At-risk established,50,5,1817.52,2011-12-10 12:50:00
15809,Recent developing,36,7,862.88,2011-12-10 12:50:00
15810,At-risk established,79,8,2783.41,2011-12-10 12:50:00
15811,Champions,22,7,3749.62,2011-12-10 12:50:00
15812,Champions,107,12,5186.17,2011-12-10 12:50:00
15813,At-risk established,208,2,1303.9099999999999,2011-12-10 12:50:00
15814,Champions,17,6,2608.34,2011-12-10 12:50:00
15815,At-risk established,64,5,2100.6,2011-12-10 12:50:00
15816,Lapsed low-value,542,2,93.3,2011-12-10 12:50:00
15817,At-risk established,421,3,2766.4,2011-12-10 12:50:00
15818,Lapsed low-value,588,1,340.5,2011-12-10 12:50:00
15819,Champions,49,10,3915.44,2011-12-10 12:50:00
15820,Lapsed low-value,320,1,206.98,2011-12-10 12:50:00
15821,Recent developing,44,2,570.96,2011-12-10 12:50:00
15822,Champions,3,6,1833.81,2011-12-10 12:50:00
15823,At-risk established,729,2,3285.26,2011-12-10 12:50:00
15824,Lapsed low-value,453,2,890.94,2011-12-10 12:50:00
15825,Lapsed low-value,172,1,532.94,2011-12-10 12:50:00
15826,At-risk established,56,4,2583.13,2011-12-10 12:50:00
15827,Champions,73,27,3438.02,2011-12-10 12:50:00
15828,Lapsed low-value,375,1,1108.82,2011-12-10 12:50:00
15829,Recent developing,99,2,636.14,2011-12-10 12:50:00
15830,Recent developing,38,1,547.7,2011-12-10 12:50:00
15831,Recent developing,58,3,801.76,2011-12-10 12:50:00
15832,Lapsed low-value,254,1,836.79,2011-12-10 12:50:00
15833,Lapsed low-value,738,1,80.4,2011-12-10 12:50:00
15834,At-risk established,70,7,3617.69,2011-12-10 12:50:00
15835,Recent developing,44,4,954.09,2011-12-10 12:50:00
15836,Lapsed low-value,50,1,117.47,2011-12-10 12:50:00
15837,Recent developing,65,2,777.01,2011-12-10 12:50:00
15838,Champions,11,34,49802.38,2011-12-10 12:50:00
15839,Recent developing,33,3,1020.74,2011-12-10 12:50:00
15840,Recent developing,59,2,345.65999999999997,2011-12-10 12:50:00
15841,At-risk established,73,9,2716.5,2011-12-10 12:50:00
15842,Lapsed low-value,393,2,528.75,2011-12-10 12:50:00
15843,Lapsed low-value,304,1,118.95000000000002,2011-12-10 12:50:00
15844,Lapsed low-value,46,1,130.73999999999998,2011-12-10 12:50:00
15845,Champions,18,11,4273.65,2011-12-10 12:50:00
15846,Lapsed low-value,385,1,107.01,2011-12-10 12:50:00
15847,Recent developing,38,5,822.57,2011-12-10 12:50:00
15848,Lapsed low-value,622,1,139.94,2011-12-10 12:50:00
15850,Recent developing,19,6,1058.72,2011-12-10 12:50:00
15851,Lapsed low-value,527,1,109.73,2011-12-10 12:50:00
15852,Lapsed low-value,187,3,257.26,2011-12-10 12:50:00
15853,Lapsed low-value,52,1,110.8,2011-12-10 12:50:00
15854,Champions,4,21,5583.81,2011-12-10 12:50:00
15855,At-risk established,137,6,1052.72,2011-12-10 12:50:00
15856,Champions,4,52,33835.38,2011-12-10 12:50:00
15857,Recent developing,19,2,570.48,2011-12-10 12:50:00
15858,Champions,16,13,3934.87,2011-12-10 12:50:00
15859,Lapsed low-value,432,1,438.46,2011-12-10 12:50:00
15860,Champions,41,17,2502.71,2011-12-10 12:50:00
15861,Champions,12,11,4220.99,2011-12-10 12:50:00
15862,Champions,8,13,2923.14,2011-12-10 12:50:00
15863,Recent developing,26,5,358.7,2011-12-10 12:50:00
15864,Champions,22,7,2014.2200000000003,2011-12-10 12:50:00
15865,At-risk established,41,5,2248.92,2011-12-10 12:50:00
15866,Lapsed low-value,101,1,230.53,2011-12-10 12:50:00
15867,Champions,5,31,8958.32,2011-12-10 12:50:00
15868,Lapsed low-value,583,1,94.53,2011-12-10 12:50:00
15869,Lapsed low-value,277,3,323.65999999999997,2011-12-10 12:50:00
15870,Recent developing,33,4,862.61,2011-12-10 12:50:00
15871,Lapsed low-value,437,1,33.099999999999994,2011-12-10 12:50:00
15872,Recent developing,15,4,795.68,2011-12-10 12:50:00
15873,Lapsed low-value,500,1,138.24,2011-12-10 12:50:00
15874,Champions,64,21,11171.210000000001,2011-12-10 12:50:00
15875,Lapsed low-value,646,1,111.72,2011-12-10 12:50:00
15876,At-risk established,409,2,1449.1399999999999,2011-12-10 12:50:00
15877,Recent developing,2,2,440.78,2011-12-10 12:50:00
15878,Lapsed low-value,562,2,330.77,2011-12-10 12:50:00
15879,At-risk established,404,4,1157.3,2011-12-10 12:50:00
15880,Lapsed low-value,369,1,626.5600000000001,2011-12-10 12:50:00
15881,At-risk established,312,5,378.24,2011-12-10 12:50:00
15882,At-risk established,199,8,1444.3500000000001,2011-12-10 12:50:00
15883,Recent developing,2,2,396.48,2011-12-10 12:50:00
15884,Lapsed low-value,432,2,249.70000000000002,2011-12-10 12:50:00
15885,At-risk established,93,13,1707.57,2011-12-10 12:50:00
15886,At-risk established,60,4,1052.8700000000001,2011-12-10 12:50:00
15887,At-risk established,407,3,1027.15,2011-12-10 12:50:00
15888,Recent developing,81,3,396.45,2011-12-10 12:50:00
15889,At-risk established,157,8,1771.8799999999999,2011-12-10 12:50:00
15890,At-risk established,395,5,535.65,2011-12-10 12:50:00
15891,Lapsed low-value,227,1,521.97,2011-12-10 12:50:00
15892,Lapsed low-value,669,1,128.2,2011-12-10 12:50:00
15893,Lapsed low-value,482,1,305.28000000000003,2011-12-10 12:50:00
15894,Lapsed low-value,253,2,418.99,2011-12-10 12:50:00
15895,Lapsed low-value,150,1,179.17,2011-12-10 12:50:00
15897,Lapsed low-value,194,2,222.05,2011-12-10 12:50:00
15898,Champions,1,25,5543.16,2011-12-10 12:50:00
15899,Lapsed low-value,369,1,112.5,2011-12-10 12:50:00
15900,Recent developing,24,4,890.5,2011-12-10 12:50:00
15901,Recent developing,17,6,683.39,2011-12-10 12:50:00
15902,Lapsed low-value,380,1,145.01,2011-12-10 12:50:00
15903,Champions,10,12,8939.42,2011-12-10 12:50:00
15904,Recent developing,8,1,164.68,2011-12-10 12:50:00
15905,Lapsed low-value,543,1,114.69,2011-12-10 12:50:00
15906,Champions,20,10,2467.89,2011-12-10 12:50:00
15907,Recent developing,4,3,966.6,2011-12-10 12:50:00
15908,Lapsed low-value,491,2,764.57,2011-12-10 12:50:00
15909,Lapsed low-value,174,1,191.94,2011-12-10 12:50:00
15910,Champions,1,15,2681.8,2011-12-10 12:50:00
15911,At-risk established,624,8,1685.89,2011-12-10 12:50:00
15912,At-risk established,178,9,1074.7,2011-12-10 12:50:00
15913,Lapsed low-value,534,1,6.300000000000001,2011-12-10 12:50:00
15914,Lapsed low-value,378,2,205.99,2011-12-10 12:50:00
15915,Lapsed low-value,402,1,429.0,2011-12-10 12:50:00
15916,Champions,16,13,3359.12,2011-12-10 12:50:00
15917,At-risk established,248,5,560.63,2011-12-10 12:50:00
15918,At-risk established,191,3,582.88,2011-12-10 12:50:00
15919,Recent developing,20,2,910.61,2011-12-10 12:50:00
15920,At-risk established,154,8,567.69,2011-12-10 12:50:00
15921,At-risk established,173,4,792.46,2011-12-10 12:50:00
15922,Lapsed low-value,373,1,727.2,2011-12-10 12:50:00
15923,Lapsed low-value,373,1,254.16,2011-12-10 12:50:00
15924,Lapsed low-value,731,1,102.82,2011-12-10 12:50:00
15925,Lapsed low-value,194,1,207.15,2011-12-10 12:50:00
15926,Lapsed low-value,542,1,134.44,2011-12-10 12:50:00
15927,Lapsed low-value,647,1,123.39,2011-12-10 12:50:00
15928,Lapsed low-value,656,1,293.53,2011-12-10 12:50:00
15929,Lapsed low-value,644,1,594.0,2011-12-10 12:50:00
15930,Recent developing,67,1,426.63,2011-12-10 12:50:00
15931,Lapsed low-value,428,1,239.9,2011-12-10 12:50:00
15932,Champions,4,8,2461.85,2011-12-10 12:50:00
15933,Recent developing,21,3,1107.46,2011-12-10 12:50:00
15934,At-risk established,418,2,2190.66,2011-12-10 12:50:00
15935,Lapsed low-value,239,1,108.03999999999999,2011-12-10 12:50:00
15936,Lapsed low-value,379,2,282.79,2011-12-10 12:50:00
15937,Lapsed low-value,64,1,145.35,2011-12-10 12:50:00
15938,At-risk established,112,9,734.81,2011-12-10 12:50:00
15939,Champions,90,15,8992.09,2011-12-10 12:50:00
15940,Lapsed low-value,311,1,35.8,2011-12-10 12:50:00
15941,Lapsed low-value,637,1,216.0,2011-12-10 12:50:00
15942,Lapsed low-value,134,1,337.44,2011-12-10 12:50:00
15943,Lapsed low-value,650,2,271.28999999999996,2011-12-10 12:50:00
15944,At-risk established,277,4,2164.24,2011-12-10 12:50:00
15945,At-risk established,365,4,827.27,2011-12-10 12:50:00
15946,At-risk established,503,3,2304.18,2011-12-10 12:50:00
15947,Recent developing,83,1,1708.24,2011-12-10 12:50:00
15948,Recent developing,8,3,1509.0900000000001,2011-12-10 12:50:00
15949,Recent developing,17,2,364.72,2011-12-10 12:50:00
15950,Champions,32,10,6979.01,2011-12-10 12:50:00
15951,Recent developing,9,3,978.72,2011-12-10 12:50:00
15952,Recent developing,34,4,806.57,2011-12-10 12:50:00
15953,Champions,15,18,3524.7,2011-12-10 12:50:00
15954,Lapsed low-value,589,1,187.8,2011-12-10 12:50:00
15955,Champions,24,22,8626.86,2011-12-10 12:50:00
15956,Lapsed low-value,551,2,617.6,2011-12-10 12:50:00
15957,Recent developing,32,3,930.1,2011-12-10 12:50:00
15958,Recent developing,74,4,492.99,2011-12-10 12:50:00
15959,Lapsed low-value,682,3,579.49,2011-12-10 12:50:00
15960,Lapsed low-value,374,4,394.0,2011-12-10 12:50:00
15961,Lapsed low-value,379,1,451.28999999999996,2011-12-10 12:50:00
15962,Lapsed low-value,449,1,295.83,2011-12-10 12:50:00
15963,Recent developing,20,2,470.76,2011-12-10 12:50:00
15964,Lapsed low-value,663,1,272.96000000000004,2011-12-10 12:50:00
15965,Champions,17,13,3002.89,2011-12-10 12:50:00
15966,Lapsed low-value,451,1,399.58,2011-12-10 12:50:00
15967,Champions,23,12,3041.6,2011-12-10 12:50:00
15968,Lapsed low-value,388,1,415.3,2011-12-10 12:50:00
15969,Recent developing,3,5,1043.85,2011-12-10 12:50:00
15970,At-risk established,304,2,1017.32,2011-12-10 12:50:00
15971,Champions,18,18,5897.88,2011-12-10 12:50:00
15972,At-risk established,456,5,1810.27,2011-12-10 12:50:00
15973,Lapsed low-value,367,2,765.39,2011-12-10 12:50:00
15974,Champions,39,7,3429.55,2011-12-10 12:50:00
15975,Lapsed low-value,84,1,371.01,2011-12-10 12:50:00
15976,At-risk established,165,6,1732.54,2011-12-10 12:50:00
15977,Recent developing,17,2,1054.73,2011-12-10 12:50:00
15978,At-risk established,77,3,3272.62,2011-12-10 12:50:00
15979,Lapsed low-value,603,1,329.22,2011-12-10 12:50:00
15980,At-risk established,89,7,6546.28,2011-12-10 12:50:00
15981,Champions,25,21,9284.07,2011-12-10 12:50:00
15982,Lapsed low-value,605,1,324.51,2011-12-10 12:50:00
15983,Champions,22,8,3958.8199999999997,2011-12-10 12:50:00
15984,Champions,3,30,8671.12,2011-12-10 12:50:00
15985,At-risk established,123,7,2590.0,2011-12-10 12:50:00
15986,Recent developing,30,2,354.42,2011-12-10 12:50:00
15987,Champions,12,8,1682.13,2011-12-10 12:50:00
15988,Recent developing,19,3,767.59,2011-12-10 12:50:00
15989,Lapsed low-value,376,2,372.51,2011-12-10 12:50:00
15990,At-risk established,44,7,2010.05,2011-12-10 12:50:00
15991,Lapsed low-value,534,1,150.55,2011-12-10 12:50:00
15992,Recent developing,4,3,896.6,2011-12-10 12:50:00
15993,Champions,9,7,2751.07,2011-12-10 12:50:00
15994,Recent developing,55,3,1198.84,2011-12-10 12:50:00
15995,Lapsed low-value,414,1,696.19,2011-12-10 12:50:00
15996,At-risk established,88,7,1671.0,2011-12-10 12:50:00
15998,Champions,37,16,8220.39,2011-12-10 12:50:00
15999,Lapsed low-value,736,1,20.4,2011-12-10 12:50:00
16001,Lapsed low-value,381,1,583.39,2011-12-10 12:50:00
16002,Lapsed low-value,625,1,169.21,2011-12-10 12:50:00
16003,Champions,30,10,5613.83,2011-12-10 12:50:00
16004,At-risk established,475,5,2146.39,2011-12-10 12:50:00
16005,Champions,12,10,2403.35,2011-12-10 12:50:00
16006,Lapsed low-value,211,2,347.17,2011-12-10 12:50:00
16007,At-risk established,48,7,3075.14,2011-12-10 12:50:00
16008,Champions,24,15,5384.13,2011-12-10 12:50:00
16009,Recent developing,22,4,992.71,2011-12-10 12:50:00
16010,At-risk established,246,11,1722.1100000000001,2011-12-10 12:50:00
16011,Champions,8,29,5878.76,2011-12-10 12:50:00
16012,At-risk established,35,5,2989.79,2011-12-10 12:50:00
16013,Champions,4,79,52997.57,2011-12-10 12:50:00
16014,Recent developing,38,5,1121.02,2011-12-10 12:50:00
16015,Recent developing,4,3,690.25,2011-12-10 12:50:00
16016,Champions,3,11,2495.04,2011-12-10 12:50:00
16017,At-risk established,47,5,1553.83,2011-12-10 12:50:00
16018,Recent developing,39,4,698.13,2011-12-10 12:50:00
16019,Champions,47,27,16634.03,2011-12-10 12:50:00
16020,Recent developing,17,3,851.01,2011-12-10 12:50:00
16021,Lapsed low-value,395,2,532.25,2011-12-10 12:50:00
16022,Lapsed low-value,260,1,628.28,2011-12-10 12:50:00
16023,Recent developing,46,3,719.81,2011-12-10 12:50:00
16024,Recent developing,12,3,478.92,2011-12-10 12:50:00
16025,Recent developing,30,1,439.65999999999997,2011-12-10 12:50:00
16026,Recent developing,43,1,236.09,2011-12-10 12:50:00
16027,At-risk established,92,13,1882.3400000000001,2011-12-10 12:50:00
16028,Lapsed low-value,596,1,82.2,2011-12-10 12:50:00
16030,Lapsed low-value,310,1,331.24,2011-12-10 12:50:00
16031,Recent developing,92,2,548.94,2011-12-10 12:50:00
16032,At-risk established,456,6,1970.45,2011-12-10 12:50:00
16033,Champions,6,27,10693.64,2011-12-10 12:50:00
16034,At-risk established,196,6,925.77,2011-12-10 12:50:00
16035,Lapsed low-value,560,1,217.73,2011-12-10 12:50:00
16036,At-risk established,87,4,2556.84,2011-12-10 12:50:00
16037,At-risk established,270,5,1489.44,2011-12-10 12:50:00
16038,Recent developing,8,3,454.33,2011-12-10 12:50:00
16039,Lapsed low-value,424,2,456.4,2011-12-10 12:50:00
16040,At-risk established,65,7,2383.7000000000003,2011-12-10 12:50:00
16041,Recent developing,31,3,3166.4,2011-12-10 12:50:00
16042,Champions,22,8,2204.0,2011-12-10 12:50:00
16043,Champions,38,8,1856.5900000000001,2011-12-10 12:50:00
16044,Lapsed low-value,435,1,340.84000000000003,2011-12-10 12:50:00
16045,At-risk established,120,7,3187.03,2011-12-10 12:50:00
16046,Lapsed low-value,562,1,235.78,2011-12-10 12:50:00
16048,At-risk established,373,4,1069.28,2011-12-10 12:50:00
16049,At-risk established,40,6,1899.68,2011-12-10 12:50:00
16050,Lapsed low-value,174,3,300.7,2011-12-10 12:50:00
16051,Lapsed low-value,682,1,188.44,2011-12-10 12:50:00
16052,Recent developing,54,1,362.06,2011-12-10 12:50:00
16053,Champions,33,6,3606.14,2011-12-10 12:50:00
16054,At-risk established,145,4,2090.68,2011-12-10 12:50:00
16055,Lapsed low-value,221,1,134.8,2011-12-10 12:50:00
16056,Recent developing,45,1,664.85,2011-12-10 12:50:00
16057,Champions,16,10,3641.35,2011-12-10 12:50:00
16058,Lapsed low-value,406,1,62.7,2011-12-10 12:50:00
16059,Champions,66,12,3217.77,2011-12-10 12:50:00
16060,Lapsed low-value,401,3,541.95,2011-12-10 12:50:00
16061,Lapsed low-value,431,1,44.95,2011-12-10 12:50:00
16062,Champions,10,8,2863.45,2011-12-10 12:50:00
16063,Lapsed low-value,260,1,335.32,2011-12-10 12:50:00
16064,Lapsed low-value,725,1,111.0,2011-12-10 12:50:00
16065,At-risk established,365,8,2365.62,2011-12-10 12:50:00
16066,Recent developing,17,5,1521.87,2011-12-10 12:50:00
16067,At-risk established,563,3,3015.79,2011-12-10 12:50:00
16068,Lapsed low-value,594,1,122.93,2011-12-10 12:50:00
16069,Lapsed low-value,418,1,457.7,2011-12-10 12:50:00
16070,Recent developing,22,2,852.15,2011-12-10 12:50:00
16071,Recent developing,45,4,1076.8,2011-12-10 12:50:00
16072,At-risk established,288,4,4328.89,2011-12-10 12:50:00
16073,Lapsed low-value,297,1,94.35,2011-12-10 12:50:00
16074,Lapsed low-value,390,1,265.25,2011-12-10 12:50:00
16075,Lapsed low-value,503,2,726.98,2011-12-10 12:50:00
16076,Champions,3,10,2173.53,2011-12-10 12:50:00
16077,Lapsed low-value,626,1,730.8,2011-12-10 12:50:00
16078,Lapsed low-value,284,2,362.99,2011-12-10 12:50:00
16079,Recent developing,17,3,1352.0,2011-12-10 12:50:00
16080,Recent developing,82,4,487.75,2011-12-10 12:50:00
16081,Champions,56,8,4460.18,2011-12-10 12:50:00
16082,Lapsed low-value,670,1,106.75,2011-12-10 12:50:00
16083,At-risk established,101,4,2351.42,2011-12-10 12:50:00
16084,Lapsed low-value,299,1,436.18,2011-12-10 12:50:00
16085,Champions,23,12,2326.36,2011-12-10 12:50:00
16086,Champions,59,10,2863.04,2011-12-10 12:50:00
16087,At-risk established,389,5,1739.92,2011-12-10 12:50:00
16088,At-risk established,576,2,1437.43,2011-12-10 12:50:00
16089,Lapsed low-value,386,2,271.44,2011-12-10 12:50:00
16090,Lapsed low-value,624,1,205.91,2011-12-10 12:50:00
16091,Lapsed low-value,155,2,315.06,2011-12-10 12:50:00
16092,At-risk established,115,6,1545.19,2011-12-10 12:50:00
16093,Lapsed low-value,107,1,17.0,2011-12-10 12:50:00
16094,Champions,12,11,3612.06,2011-12-10 12:50:00
16095,Lapsed low-value,456,1,447.05,2011-12-10 12:50:00
16096,At-risk established,264,4,1584.97,2011-12-10 12:50:00
16097,Lapsed low-value,240,1,185.04999999999998,2011-12-10 12:50:00
16098,Champions,88,14,4448.1,2011-12-10 12:50:00
16099,At-risk established,50,7,1568.25,2011-12-10 12:50:00
16100,Lapsed low-value,463,1,582.64,2011-12-10 12:50:00
16101,At-risk established,71,4,3167.42,2011-12-10 12:50:00
16102,Recent developing,42,3,1842.14,2011-12-10 12:50:00
16103,Champions,7,22,6002.76,2011-12-10 12:50:00
16104,At-risk established,62,9,2603.11,2011-12-10 12:50:00
16105,At-risk established,249,5,2386.19,2011-12-10 12:50:00
16106,Lapsed low-value,66,1,108.38,2011-12-10 12:50:00
16107,Champions,18,7,3204.1600000000003,2011-12-10 12:50:00
16108,At-risk established,85,4,2171.93,2011-12-10 12:50:00
16109,At-risk established,219,3,939.48,2011-12-10 12:50:00
16110,At-risk established,45,4,1819.27,2011-12-10 12:50:00
16111,Lapsed low-value,428,1,562.48,2011-12-10 12:50:00
16112,Lapsed low-value,143,4,195.73999999999998,2011-12-10 12:50:00
16113,Lapsed low-value,183,1,161.38,2011-12-10 12:50:00
16114,Lapsed low-value,171,1,135.75000000000003,2011-12-10 12:50:00
16115,Champions,10,12,2575.14,2011-12-10 12:50:00
16116,Lapsed low-value,212,1,592.88,2011-12-10 12:50:00
16117,At-risk established,190,3,650.05,2011-12-10 12:50:00
16118,At-risk established,653,1,4257.08,2011-12-10 12:50:00
16119,Champions,8,8,1720.81,2011-12-10 12:50:00
16120,At-risk established,59,6,3041.91,2011-12-10 12:50:00
16121,At-risk established,57,5,1457.19,2011-12-10 12:50:00
16122,At-risk established,73,6,1001.34,2011-12-10 12:50:00
16123,Recent developing,52,1,307.78,2011-12-10 12:50:00
16124,At-risk established,317,4,1709.39,2011-12-10 12:50:00
16125,At-risk established,367,14,4587.65,2011-12-10 12:50:00
16126,Champions,29,15,14646.800000000001,2011-12-10 12:50:00
16127,Recent developing,39,2,801.31,2011-12-10 12:50:00
16128,Champions,18,11,3792.35,2011-12-10 12:50:00
16129,At-risk established,407,3,1396.05,2011-12-10 12:50:00
16130,At-risk established,422,4,987.48,2011-12-10 12:50:00
16131,Champions,52,12,9876.77,2011-12-10 12:50:00
16132,Lapsed low-value,544,2,664.1999999999999,2011-12-10 12:50:00
16133,Champions,4,56,22233.58,2011-12-10 12:50:00
16134,Recent developing,22,5,2119.99,2011-12-10 12:50:00
16135,At-risk established,263,2,819.45,2011-12-10 12:50:00
16136,At-risk established,60,4,921.08,2011-12-10 12:50:00
16137,Lapsed low-value,680,1,422.7,2011-12-10 12:50:00
16138,At-risk established,379,3,894.45,2011-12-10 12:50:00
16139,Recent developing,19,5,1111.15,2011-12-10 12:50:00
16140,At-risk established,66,3,1540.6000000000001,2011-12-10 12:50:00
16141,At-risk established,88,2,955.94,2011-12-10 12:50:00
16142,Lapsed low-value,250,1,535.34,2011-12-10 12:50:00
16143,Champions,3,12,4877.83,2011-12-10 12:50:00
16144,Lapsed low-value,247,1,175.2,2011-12-10 12:50:00
16145,Champions,9,19,6698.26,2011-12-10 12:50:00
16146,At-risk established,157,4,946.38,2011-12-10 12:50:00
16147,At-risk established,134,5,2367.02,2011-12-10 12:50:00
16148,Lapsed low-value,296,2,386.62,2011-12-10 12:50:00
16149,Recent developing,5,3,422.22,2011-12-10 12:50:00
16150,Champions,43,10,4162.59,2011-12-10 12:50:00
16152,At-risk established,269,1,1829.04,2011-12-10 12:50:00
16153,Champions,50,11,5047.09,2011-12-10 12:50:00
16155,At-risk established,382,5,781.05,2011-12-10 12:50:00
16156,Champions,9,20,5941.21,2011-12-10 12:50:00
16157,Recent developing,16,3,644.24,2011-12-10 12:50:00
16158,At-risk established,522,9,611.32,2011-12-10 12:50:00
16159,At-risk established,282,4,1232.79,2011-12-10 12:50:00
16160,Recent developing,65,2,1011.13,2011-12-10 12:50:00
16161,Champions,2,43,12533.29,2011-12-10 12:50:00
16162,Lapsed low-value,252,1,37.4,2011-12-10 12:50:00
16163,At-risk established,232,6,2340.53,2011-12-10 12:50:00
16164,Recent developing,17,3,802.53,2011-12-10 12:50:00
16165,Lapsed low-value,505,1,79.9,2011-12-10 12:50:00
16166,Lapsed low-value,428,2,408.83,2011-12-10 12:50:00
16167,At-risk established,414,5,1217.3700000000001,2011-12-10 12:50:00
16168,Champions,11,66,10610.72,2011-12-10 12:50:00
16169,Recent developing,8,4,1822.97,2011-12-10 12:50:00
16170,Champions,51,20,6813.67,2011-12-10 12:50:00
16171,Lapsed low-value,59,1,73.2,2011-12-10 12:50:00
16172,At-risk established,95,8,1884.55,2011-12-10 12:50:00
16173,Recent developing,16,6,1406.57,2011-12-10 12:50:00
16174,At-risk established,126,7,2246.75,2011-12-10 12:50:00
16175,At-risk established,94,7,1836.44,2011-12-10 12:50:00
16176,At-risk established,421,4,1971.14,2011-12-10 12:50:00
16177,At-risk established,50,8,2141.61,2011-12-10 12:50:00
16178,Lapsed low-value,138,2,612.6,2011-12-10 12:50:00
16179,Lapsed low-value,61,1,215.83,2011-12-10 12:50:00
16180,Champions,100,13,16199.87,2011-12-10 12:50:00
16181,Lapsed low-value,73,1,305.54,2011-12-10 12:50:00
16182,Champions,72,9,9971.65,2011-12-10 12:50:00
16183,At-risk established,67,4,1077.81,2011-12-10 12:50:00
16184,At-risk established,64,6,1155.54,2011-12-10 12:50:00
16185,Recent developing,17,3,644.72,2011-12-10 12:50:00
16186,Champions,23,26,8983.91,2011-12-10 12:50:00
16187,Champions,32,15,6841.24,2011-12-10 12:50:00
16188,Recent developing,45,5,1077.71,2011-12-10 12:50:00
16189,Recent developing,16,2,215.48,2011-12-10 12:50:00
16190,Champions,40,8,2723.55,2011-12-10 12:50:00
16191,Champions,3,23,15188.61,2011-12-10 12:50:00
16192,Lapsed low-value,736,1,351.3,2011-12-10 12:50:00
16193,Lapsed low-value,237,2,630.43,2011-12-10 12:50:00
16194,Lapsed low-value,375,1,308.59999999999997,2011-12-10 12:50:00
16195,Lapsed low-value,723,1,323.25,2011-12-10 12:50:00
16196,Lapsed low-value,489,1,93.3,2011-12-10 12:50:00
16197,At-risk established,469,9,2016.71,2011-12-10 12:50:00
16198,Recent developing,75,2,1030.0410000000002,2011-12-10 12:50:00
16199,At-risk established,392,7,942.75,2011-12-10 12:50:00
16200,Champions,4,12,5643.45,2011-12-10 12:50:00
16201,Recent developing,3,5,2070.17,2011-12-10 12:50:00
16202,At-risk established,361,9,2467.04,2011-12-10 12:50:00
16203,At-risk established,59,6,1110.79,2011-12-10 12:50:00
16204,Recent developing,23,3,939.24,2011-12-10 12:50:00
16205,Champions,31,7,1824.01,2011-12-10 12:50:00
16206,Champions,55,13,2589.57,2011-12-10 12:50:00
16207,Recent developing,25,1,394.38,2011-12-10 12:50:00
16208,Champions,45,10,3440.45,2011-12-10 12:50:00
16209,At-risk established,89,9,4146.78,2011-12-10 12:50:00
16210,Champions,2,33,38327.66,2011-12-10 12:50:00
16211,At-risk established,89,3,1086.34,2011-12-10 12:50:00
16212,Recent developing,19,4,1284.56,2011-12-10 12:50:00
16213,Lapsed low-value,79,1,159.0,2011-12-10 12:50:00
16214,At-risk established,171,4,2038.25,2011-12-10 12:50:00
16215,Lapsed low-value,81,1,242.35,2011-12-10 12:50:00
16216,Lapsed low-value,267,1,914.9300000000001,2011-12-10 12:50:00
16217,Lapsed low-value,235,2,266.45000000000005,2011-12-10 12:50:00
16218,Champions,30,13,4343.6,2011-12-10 12:50:00
16219,Lapsed low-value,501,1,40.8,2011-12-10 12:50:00
16221,Champions,37,9,2227.56,2011-12-10 12:50:00
16222,At-risk established,318,2,1345.22,2011-12-10 12:50:00
16223,At-risk established,375,2,1102.3500000000001,2011-12-10 12:50:00
16224,At-risk established,57,5,1616.54,2011-12-10 12:50:00
16225,Champions,45,15,2821.9100000000003,2011-12-10 12:50:00
16226,At-risk established,203,5,672.1700000000001,2011-12-10 12:50:00
16227,At-risk established,225,3,948.82,2011-12-10 12:50:00
16228,At-risk established,385,3,885.36,2011-12-10 12:50:00
16229,At-risk established,87,6,2867.86,2011-12-10 12:50:00
16230,Lapsed low-value,190,2,542.03,2011-12-10 12:50:00
16231,At-risk established,379,4,1078.22,2011-12-10 12:50:00
16232,At-risk established,44,7,2692.02,2011-12-10 12:50:00
16233,At-risk established,71,9,1825.66,2011-12-10 12:50:00
16234,Lapsed low-value,476,3,312.78,2011-12-10 12:50:00
16235,Champions,41,8,1980.6100000000001,2011-12-10 12:50:00
16236,Lapsed low-value,78,1,432.2,2011-12-10 12:50:00
16237,Lapsed low-value,437,1,136.65,2011-12-10 12:50:00
16238,Lapsed low-value,423,1,63.66,2011-12-10 12:50:00
16239,At-risk established,57,6,1450.9,2011-12-10 12:50:00
16240,Recent developing,24,2,3699.56,2011-12-10 12:50:00
16241,Champions,10,16,4326.26,2011-12-10 12:50:00
16242,Champions,8,14,7433.3,2011-12-10 12:50:00
16243,Recent developing,34,2,409.1,2011-12-10 12:50:00
16244,At-risk established,212,2,2579.38,2011-12-10 12:50:00
16245,Recent developing,24,3,1352.3600000000001,2011-12-10 12:50:00
16246,Lapsed low-value,460,2,827.25,2011-12-10 12:50:00
16247,Lapsed low-value,170,1,114.56,2011-12-10 12:50:00
16248,Lapsed low-value,62,1,152.94,2011-12-10 12:50:00
16249,At-risk established,53,5,1800.07,2011-12-10 12:50:00
16250,At-risk established,261,3,791.38,2011-12-10 12:50:00
16251,Lapsed low-value,512,1,128.31,2011-12-10 12:50:00
16253,Champions,67,7,7260.15,2011-12-10 12:50:00
16254,At-risk established,378,3,985.14,2011-12-10 12:50:00
16255,Champions,17,15,4847.89,2011-12-10 12:50:00
16256,At-risk established,267,3,1559.57,2011-12-10 12:50:00
16257,Lapsed low-value,177,1,21.95,2011-12-10 12:50:00
16258,Champions,45,15,11942.52,2011-12-10 12:50:00
16259,Lapsed low-value,410,3,361.94,2011-12-10 12:50:00
16260,Recent developing,51,1,1035.45,2011-12-10 12:50:00
16261,Recent developing,17,6,1059.45,2011-12-10 12:50:00
16262,Lapsed low-value,378,1,723.5,2011-12-10 12:50:00
16263,Lapsed low-value,423,1,351.01,2011-12-10 12:50:00
16264,Lapsed low-value,438,2,837.53,2011-12-10 12:50:00
16265,Champions,9,12,6643.62,2011-12-10 12:50:00
16266,Champions,74,14,1757.95,2011-12-10 12:50:00
16267,Lapsed low-value,591,1,186.66,2011-12-10 12:50:00
16268,Recent developing,71,2,617.65,2011-12-10 12:50:00
16269,Lapsed low-value,438,1,714.59,2011-12-10 12:50:00
16270,Lapsed low-value,353,1,1141.24,2011-12-10 12:50:00
16271,Champions,16,8,3427.07,2011-12-10 12:50:00
16272,Lapsed low-value,117,1,411.7,2011-12-10 12:50:00
16273,Lapsed low-value,648,2,336.03999999999996,2011-12-10 12:50:00
16274,Lapsed low-value,373,1,675.5,2011-12-10 12:50:00
16275,At-risk established,197,3,2151.11,2011-12-10 12:50:00
16276,At-risk established,177,3,2629.3900000000003,2011-12-10 12:50:00
16277,Lapsed low-value,734,1,188.69,2011-12-10 12:50:00
16278,At-risk established,100,3,1056.59,2011-12-10 12:50:00
16279,Champions,21,9,5692.18,2011-12-10 12:50:00
16280,Lapsed low-value,725,1,238.05,2011-12-10 12:50:00
16281,At-risk established,72,3,3417.24,2011-12-10 12:50:00
16282,At-risk established,340,3,1307.58,2011-12-10 12:50:00
16283,Champions,6,8,4345.97,2011-12-10 12:50:00
16284,Recent developing,31,3,1029.77,2011-12-10 12:50:00
16285,Lapsed low-value,646,1,176.9,2011-12-10 12:50:00
16286,Lapsed low-value,477,2,263.65,2011-12-10 12:50:00
16287,At-risk established,170,5,1006.98,2011-12-10 12:50:00
16288,Lapsed low-value,470,1,129.85,2011-12-10 12:50:00
16289,Lapsed low-value,462,1,98.81,2011-12-10 12:50:00
16290,At-risk established,465,4,2069.3,2011-12-10 12:50:00
16292,At-risk established,122,5,1171.46,2011-12-10 12:50:00
16293,Champions,22,15,4630.75,2011-12-10 12:50:00
16294,Lapsed low-value,477,1,126.05000000000001,2011-12-10 12:50:00
16295,Recent developing,10,4,1328.55,2011-12-10 12:50:00
16296,At-risk established,626,4,1278.8700000000001,2011-12-10 12:50:00
16297,Lapsed low-value,269,1,278.55,2011-12-10 12:50:00
16298,Recent developing,23,7,1080.0,2011-12-10 12:50:00
16299,Lapsed low-value,477,1,178.65,2011-12-10 12:50:00
16300,At-risk established,430,3,1392.43,2011-12-10 12:50:00
16301,Lapsed low-value,737,1,107.33,2011-12-10 12:50:00
16302,Lapsed low-value,127,1,212.82,2011-12-10 12:50:00
16303,Champions,26,7,7823.72,2011-12-10 12:50:00
16304,Lapsed low-value,695,1,381.66,2011-12-10 12:50:00
16305,Lapsed low-value,139,1,361.21999999999997,2011-12-10 12:50:00
16306,At-risk established,214,7,1162.82,2011-12-10 12:50:00
16307,At-risk established,429,3,1194.92,2011-12-10 12:50:00
16308,Champions,38,7,5120.0,2011-12-10 12:50:00
16309,At-risk established,106,2,686.67,2011-12-10 12:50:00
16310,Lapsed low-value,414,2,460.08,2011-12-10 12:50:00
16311,Recent developing,18,2,616.26,2011-12-10 12:50:00
16312,Lapsed low-value,432,1,171.15,2011-12-10 12:50:00
16313,Recent developing,3,2,274.15000000000003,2011-12-10 12:50:00
16314,At-risk established,390,3,1491.4,2011-12-10 12:50:00
16315,Lapsed low-value,331,2,402.71,2011-12-10 12:50:00
16316,Champions,64,13,5533.31,2011-12-10 12:50:00
16317,At-risk established,120,5,2179.76,2011-12-10 12:50:00
16318,Recent developing,35,1,328.15,2011-12-10 12:50:00
16319,Lapsed low-value,218,1,404.40000000000003,2011-12-10 12:50:00
16320,At-risk established,172,6,5618.79,2011-12-10 12:50:00
16321,At-risk established,72,7,461.6,2011-12-10 12:50:00
16322,Recent developing,1,2,326.75,2011-12-10 12:50:00
16323,Lapsed low-value,196,2,353.66,2011-12-10 12:50:00
16324,Lapsed low-value,128,3,428.68,2011-12-10 12:50:00
16325,Champions,47,12,3478.1,2011-12-10 12:50:00
16326,Champions,6,24,4706.99,2011-12-10 12:50:00
16327,Champions,14,16,10645.77,2011-12-10 12:50:00
16328,Lapsed low-value,563,1,310.83,2011-12-10 12:50:00
16329,At-risk established,428,4,1703.07,2011-12-10 12:50:00
16330,Recent developing,18,7,624.63,2011-12-10 12:50:00
16331,At-risk established,432,6,2037.7,2011-12-10 12:50:00
16332,Champions,28,11,1987.45,2011-12-10 12:50:00
16333,Champions,8,22,26626.8,2011-12-10 12:50:00
16334,Lapsed low-value,492,1,277.48,2011-12-10 12:50:00
16335,At-risk established,552,7,2747.0,2011-12-10 12:50:00
16336,At-risk established,421,4,3517.69,2011-12-10 12:50:00
16337,Recent developing,37,1,151.05,2011-12-10 12:50:00
16338,Lapsed low-value,157,1,214.79999999999998,2011-12-10 12:50:00
16339,Lapsed low-value,284,1,109.95,2011-12-10 12:50:00
16340,At-risk established,107,3,1526.06,2011-12-10 12:50:00
16341,Champions,25,7,3832.42,2011-12-10 12:50:00
16342,Recent developing,75,4,322.41,2011-12-10 12:50:00
16343,Recent developing,16,3,687.0699999999999,2011-12-10 12:50:00
16344,At-risk established,158,4,842.42,2011-12-10 12:50:00
16345,Recent developing,44,2,1198.74,2011-12-10 12:50:00
16346,Lapsed low-value,385,1,224.51,2011-12-10 12:50:00
16347,Champions,11,11,3506.86,2011-12-10 12:50:00
16348,Champions,32,8,1795.8799999999999,2011-12-10 12:50:00
16349,Lapsed low-value,291,1,53.5,2011-12-10 12:50:00
16350,Champions,21,9,2206.49,2011-12-10 12:50:00
16351,At-risk established,333,13,3279.13,2011-12-10 12:50:00
16352,Recent developing,18,2,494.44,2011-12-10 12:50:00
16353,Champions,4,38,9990.960000000001,2011-12-10 12:50:00
16354,At-risk established,63,5,1129.51,2011-12-10 12:50:00
16355,Lapsed low-value,375,1,349.2,2011-12-10 12:50:00
16356,At-risk established,198,6,414.62,2011-12-10 12:50:00
16357,Recent developing,33,4,868.37,2011-12-10 12:50:00
16358,Champions,1,5,2917.1,2011-12-10 12:50:00
16359,Champions,7,16,2379.4,2011-12-10 12:50:00
16360,Champions,5,6,3406.53,2011-12-10 12:50:00
16361,Recent developing,10,4,896.66,2011-12-10 12:50:00
16362,Recent developing,32,6,853.14,2011-12-10 12:50:00
16363,Lapsed low-value,53,1,109.36000000000001,2011-12-10 12:50:00
16364,Recent developing,12,2,707.04,2011-12-10 12:50:00
16365,Champions,18,15,3287.2,2011-12-10 12:50:00
16366,Recent developing,19,4,1548.1299999999999,2011-12-10 12:50:00
16367,Recent developing,37,3,1362.4,2011-12-10 12:50:00
16368,Recent developing,2,3,640.21,2011-12-10 12:50:00
16369,Champions,18,7,2662.73,2011-12-10 12:50:00
16370,At-risk established,82,4,1320.56,2011-12-10 12:50:00
16371,Lapsed low-value,449,1,157.2,2011-12-10 12:50:00
16372,Recent developing,33,5,1298.61,2011-12-10 12:50:00
16373,Lapsed low-value,382,2,309.49,2011-12-10 12:50:00
16374,At-risk established,66,5,1757.6,2011-12-10 12:50:00
16375,Lapsed low-value,470,2,104.0,2011-12-10 12:50:00
16376,Recent developing,9,2,977.52,2011-12-10 12:50:00
16377,At-risk established,267,2,1308.48,2011-12-10 12:50:00
16378,Lapsed low-value,247,3,362.95,2011-12-10 12:50:00
16379,Recent developing,4,4,2131.9,2011-12-10 12:50:00
16380,Recent developing,61,1,1780.59,2011-12-10 12:50:00
16381,Lapsed low-value,396,2,258.7,2011-12-10 12:50:00
16382,Lapsed low-value,408,2,353.1,2011-12-10 12:50:00
16383,At-risk established,75,7,2907.09,2011-12-10 12:50:00
16384,At-risk established,90,4,1358.95,2011-12-10 12:50:00
16385,At-risk established,60,5,1030.61,2011-12-10 12:50:00
16386,Recent developing,29,3,1102.59,2011-12-10 12:50:00
16387,At-risk established,323,5,918.55,2011-12-10 12:50:00
16388,Lapsed low-value,654,1,186.05,2011-12-10 12:50:00
16389,At-risk established,53,4,1362.27,2011-12-10 12:50:00
16390,Lapsed low-value,537,3,467.5,2011-12-10 12:50:00
16391,At-risk established,401,4,1100.21,2011-12-10 12:50:00
16392,At-risk established,270,3,761.8,2011-12-10 12:50:00
16393,Champions,2,23,5454.92,2011-12-10 12:50:00
16394,At-risk established,57,5,1412.06,2011-12-10 12:50:00
16395,Champions,61,14,3510.1,2011-12-10 12:50:00
16396,Lapsed low-value,476,1,110.5,2011-12-10 12:50:00
16397,Lapsed low-value,628,1,127.88,2011-12-10 12:50:00
16398,At-risk established,154,2,1631.15,2011-12-10 12:50:00
16399,Recent developing,19,3,640.02,2011-12-10 12:50:00
16400,At-risk established,95,9,3159.44,2011-12-10 12:50:00
16401,Champions,1,22,6628.72,2011-12-10 12:50:00
16402,Lapsed low-value,265,2,511.4,2011-12-10 12:50:00
16403,Lapsed low-value,312,1,161.05,2011-12-10 12:50:00
16404,Lapsed low-value,70,1,443.05,2011-12-10 12:50:00
16405,Lapsed low-value,302,2,167.25,2011-12-10 12:50:00
16406,Recent developing,19,3,552.68,2011-12-10 12:50:00
16407,Champions,13,14,2821.65,2011-12-10 12:50:00
16408,Lapsed low-value,591,1,231.93,2011-12-10 12:50:00
16409,Champions,36,12,5709.04,2011-12-10 12:50:00
16410,Lapsed low-value,734,1,130.32,2011-12-10 12:50:00
16411,Recent developing,19,4,910.1899999999999,2011-12-10 12:50:00
16412,Recent developing,54,5,647.23,2011-12-10 12:50:00
16413,Recent developing,57,2,528.98,2011-12-10 12:50:00
16414,Recent developing,22,5,559.71,2011-12-10 12:50:00
16415,Recent developing,44,3,719.44,2011-12-10 12:50:00
16416,Champions,27,9,2952.88,2011-12-10 12:50:00
16417,Lapsed low-value,493,1,35.7,2011-12-10 12:50:00
16418,At-risk established,45,5,1101.94,2011-12-10 12:50:00
16419,At-risk established,113,8,1474.67,2011-12-10 12:50:00
16420,Lapsed low-value,396,1,75.0,2011-12-10 12:50:00
16421,Lapsed low-value,376,3,526.27,2011-12-10 12:50:00
16423,Recent developing,25,1,346.12,2011-12-10 12:50:00
16424,Lapsed low-value,191,2,392.06,2011-12-10 12:50:00
16425,Lapsed low-value,302,1,302.7,2011-12-10 12:50:00
16426,Champions,2,10,1908.25,2011-12-10 12:50:00
16427,Lapsed low-value,263,2,241.06,2011-12-10 12:50:00
16428,At-risk established,414,3,660.28,2011-12-10 12:50:00
16429,Lapsed low-value,106,1,284.55,2011-12-10 12:50:00
16430,At-risk established,57,6,1102.94,2011-12-10 12:50:00
16431,At-risk established,213,3,642.81,2011-12-10 12:50:00
16432,Lapsed low-value,64,1,287.4,2011-12-10 12:50:00
16433,Recent developing,28,2,384.52,2011-12-10 12:50:00
16434,Champions,29,12,2727.04,2011-12-10 12:50:00
16435,At-risk established,512,3,1011.5699999999999,2011-12-10 12:50:00
16436,Lapsed low-value,668,3,329.34,2011-12-10 12:50:00
16437,Lapsed low-value,381,2,301.25,2011-12-10 12:50:00
16438,Recent developing,6,5,798.35,2011-12-10 12:50:00
16439,Lapsed low-value,722,1,310.70000000000005,2011-12-10 12:50:00
16440,Champions,8,6,3856.9700000000003,2011-12-10 12:50:00
16441,At-risk established,67,5,1028.48,2011-12-10 12:50:00
16442,Recent developing,2,5,899.47,2011-12-10 12:50:00
16443,Lapsed low-value,521,1,162.24,2011-12-10 12:50:00
16444,Champions,46,17,3589.33,2011-12-10 12:50:00
16445,Recent developing,34,4,602.73,2011-12-10 12:50:00
16447,At-risk established,136,3,775.14,2011-12-10 12:50:00
16448,Lapsed low-value,198,2,367.87,2011-12-10 12:50:00
16449,Lapsed low-value,198,2,674.69,2011-12-10 12:50:00
16450,At-risk established,150,3,1505.73,2011-12-10 12:50:00
16451,At-risk established,88,3,1009.4,2011-12-10 12:50:00
16452,Lapsed low-value,631,2,332.17,2011-12-10 12:50:00
16453,Lapsed low-value,531,2,251.71,2011-12-10 12:50:00
16455,Champions,64,11,4306.72,2011-12-10 12:50:00
16456,Champions,99,13,6862.91,2011-12-10 12:50:00
16457,Lapsed low-value,218,1,208.36,2011-12-10 12:50:00
16458,Champions,3,30,5715.34,2011-12-10 12:50:00
16459,Lapsed low-value,730,1,71.78999999999999,2011-12-10 12:50:00
16460,Recent developing,28,3,814.72,2011-12-10 12:50:00
16461,At-risk established,178,3,1609.22,2011-12-10 12:50:00
16462,Lapsed low-value,74,2,102.0,2011-12-10 12:50:00
16463,Recent developing,21,4,1397.45,2011-12-10 12:50:00
16464,Recent developing,20,3,1314.68,2011-12-10 12:50:00
16465,Lapsed low-value,421,2,729.24,2011-12-10 12:50:00
16466,Champions,34,15,3713.59,2011-12-10 12:50:00
16467,At-risk established,509,7,2862.4,2011-12-10 12:50:00
16468,Recent developing,74,3,787.52,2011-12-10 12:50:00
16469,Recent developing,24,5,828.91,2011-12-10 12:50:00
16470,Champions,52,11,2453.65,2011-12-10 12:50:00
16471,At-risk established,275,4,1186.18,2011-12-10 12:50:00
16472,Lapsed low-value,434,2,789.6,2011-12-10 12:50:00
16473,At-risk established,165,4,469.58,2011-12-10 12:50:00
16474,Champions,7,7,1811.31,2011-12-10 12:50:00
16475,At-risk established,88,4,544.3,2011-12-10 12:50:00
16476,Lapsed low-value,432,1,337.0,2011-12-10 12:50:00
16477,Champions,64,11,4320.02,2011-12-10 12:50:00
16478,Recent developing,25,3,331.0,2011-12-10 12:50:00
16479,Recent developing,10,2,300.83,2011-12-10 12:50:00
16480,Recent developing,76,1,769.29,2011-12-10 12:50:00
16481,Lapsed low-value,682,1,430.93,2011-12-10 12:50:00
16482,Recent developing,16,1,220.62,2011-12-10 12:50:00
16483,Lapsed low-value,192,1,139.35,2011-12-10 12:50:00
16484,Lapsed low-value,174,2,379.40000000000003,2011-12-10 12:50:00
16485,At-risk established,77,5,2176.18,2011-12-10 12:50:00
16486,Lapsed low-value,538,1,134.36,2011-12-10 12:50:00
16487,Lapsed low-value,577,2,209.4,2011-12-10 12:50:00
16488,Recent developing,33,3,492.2,2011-12-10 12:50:00
16489,Lapsed low-value,380,2,303.7,2011-12-10 12:50:00
16490,Lapsed low-value,436,1,179.16000000000003,2011-12-10 12:50:00
16491,Recent developing,47,2,1524.31,2011-12-10 12:50:00
16492,Lapsed low-value,541,1,385.56,2011-12-10 12:50:00
16493,At-risk established,80,7,2110.12,2011-12-10 12:50:00
16494,Lapsed low-value,297,1,826.53,2011-12-10 12:50:00
16495,Recent developing,3,3,684.41,2011-12-10 12:50:00
16496,Champions,9,6,2293.47,2011-12-10 12:50:00
16497,Champions,50,23,6695.28,2011-12-10 12:50:00
16498,Lapsed low-value,161,2,86.12,2011-12-10 12:50:00
16499,At-risk established,360,8,2491.7400000000002,2011-12-10 12:50:00
16500,Recent developing,5,9,835.96,2011-12-10 12:50:00
16501,Lapsed low-value,383,1,1237.23,2011-12-10 12:50:00
16502,Lapsed low-value,620,2,266.5,2011-12-10 12:50:00
16503,At-risk established,107,11,3597.89,2011-12-10 12:50:00
16504,Recent developing,25,1,484.38,2011-12-10 12:50:00
16505,Recent developing,32,1,777.6,2011-12-10 12:50:00
16506,Recent developing,20,2,90.30000000000001,2011-12-10 12:50:00
16507,Lapsed low-value,572,1,152.76,2011-12-10 12:50:00
16508,Lapsed low-value,630,1,248.8,2011-12-10 12:50:00
16509,Lapsed low-value,297,1,363.7,2011-12-10 12:50:00
16510,At-risk established,372,6,2079.75,2011-12-10 12:50:00
16511,Recent developing,22,6,1817.02,2011-12-10 12:50:00
16513,Recent developing,5,4,874.59,2011-12-10 12:50:00
16515,Champions,52,10,3216.3,2011-12-10 12:50:00
16516,Recent developing,30,1,101.69999999999999,2011-12-10 12:50:00
16517,Lapsed low-value,277,1,162.7,2011-12-10 12:50:00
16518,At-risk established,61,4,938.27,2011-12-10 12:50:00
16519,Recent developing,25,4,554.16,2011-12-10 12:50:00
16520,At-risk established,186,6,2472.67,2011-12-10 12:50:00
16521,At-risk established,415,3,1144.26,2011-12-10 12:50:00
16522,Lapsed low-value,436,2,433.36,2011-12-10 12:50:00
16523,Champions,2,28,11762.19,2011-12-10 12:50:00
16524,Lapsed low-value,446,2,308.14,2011-12-10 12:50:00
16525,Champions,2,48,23366.47,2011-12-10 12:50:00
16526,At-risk established,172,2,717.21,2011-12-10 12:50:00
16527,At-risk established,81,2,1272.44,2011-12-10 12:50:00
16528,Recent developing,4,1,244.41,2011-12-10 12:50:00
16529,At-risk established,190,4,2012.0,2011-12-10 12:50:00
16530,Lapsed low-value,668,1,48.349999999999994,2011-12-10 12:50:00
16531,Champions,22,11,2263.58,2011-12-10 12:50:00
16532,Champions,18,5,8756.64,2011-12-10 12:50:00
16533,Recent developing,19,3,1026.94,2011-12-10 12:50:00
16534,Lapsed low-value,642,1,635.9,2011-12-10 12:50:00
16535,Recent developing,5,2,981.59,2011-12-10 12:50:00
16536,Lapsed low-value,110,1,539.02,2011-12-10 12:50:00
16537,Lapsed low-value,641,1,10.55,2011-12-10 12:50:00
16538,Lapsed low-value,541,3,399.62,2011-12-10 12:50:00
16539,Champions,3,10,3732.01,2011-12-10 12:50:00
16540,Lapsed low-value,414,1,226.70000000000002,2011-12-10 12:50:00
16541,Lapsed low-value,735,1,424.03,2011-12-10 12:50:00
16542,Recent developing,54,2,257.32,2011-12-10 12:50:00
16543,Lapsed low-value,592,1,277.80999999999995,2011-12-10 12:50:00
16544,Lapsed low-value,520,1,110.3,2011-12-10 12:50:00
16545,Lapsed low-value,165,2,689.82,2011-12-10 12:50:00
16546,At-risk established,291,5,5036.9400000000005,2011-12-10 12:50:00
16547,Lapsed low-value,546,1,111.71,2011-12-10 12:50:00
16548,Lapsed low-value,599,1,30.15,2011-12-10 12:50:00
16549,Champions,10,34,13169.84,2011-12-10 12:50:00
16550,Champions,109,18,9168.16,2011-12-10 12:50:00
16551,At-risk established,96,7,2237.12,2011-12-10 12:50:00
16552,Lapsed low-value,243,2,475.02000000000004,2011-12-10 12:50:00
16554,Champions,42,8,2408.87,2011-12-10 12:50:00
16555,Recent developing,35,2,285.89,2011-12-10 12:50:00
16556,Champions,67,17,7659.78,2011-12-10 12:50:00
16557,Recent developing,24,2,281.85,2011-12-10 12:50:00
16558,Champions,1,38,13715.52,2011-12-10 12:50:00
16559,Lapsed low-value,397,1,185.20000000000002,2011-12-10 12:50:00
16560,Champions,27,8,3010.73,2011-12-10 12:50:00
16561,Recent developing,6,2,511.12,2011-12-10 12:50:00
16562,Lapsed low-value,477,1,223.85999999999999,2011-12-10 12:50:00
16563,At-risk established,54,6,4412.56,2011-12-10 12:50:00
16564,Lapsed low-value,569,1,87.8,2011-12-10 12:50:00
16565,At-risk established,364,4,700.45,2011-12-10 12:50:00
16566,Recent developing,15,5,614.01,2011-12-10 12:50:00
16567,At-risk established,194,2,865.6,2011-12-10 12:50:00
16568,At-risk established,428,2,1020.9000000000001,2011-12-10 12:50:00
16569,Recent developing,3,5,1455.23,2011-12-10 12:50:00
16570,Champions,15,20,6917.83,2011-12-10 12:50:00
16571,Champions,27,10,4025.05,2011-12-10 12:50:00
16572,At-risk established,127,3,999.7,2011-12-10 12:50:00
16573,Recent developing,85,2,648.41,2011-12-10 12:50:00
16574,At-risk established,71,3,1301.78,2011-12-10 12:50:00
16576,Lapsed low-value,420,2,513.1700000000001,2011-12-10 12:50:00
16577,Lapsed low-value,667,1,380.0,2011-12-10 12:50:00
16578,Lapsed low-value,626,1,156.6,2011-12-10 12:50:00
16579,Lapsed low-value,426,1,264.45,2011-12-10 12:50:00
16581,Lapsed low-value,183,1,70.44,2011-12-10 12:50:00
16582,Lapsed low-value,113,1,313.62,2011-12-10 12:50:00
16583,Lapsed low-value,374,2,531.4,2011-12-10 12:50:00
16584,At-risk established,80,5,3085.4700000000003,2011-12-10 12:50:00
16585,Lapsed low-value,594,2,341.59,2011-12-10 12:50:00
16586,At-risk established,249,3,1462.78,2011-12-10 12:50:00
16587,Lapsed low-value,232,1,225.15,2011-12-10 12:50:00
16588,At-risk established,386,4,1361.28,2011-12-10 12:50:00
16589,Recent developing,71,4,612.36,2011-12-10 12:50:00
16590,Lapsed low-value,401,2,563.6,2011-12-10 12:50:00
16591,Lapsed low-value,69,1,213.5,2011-12-10 12:50:00
16592,Champions,4,28,7624.46,2011-12-10 12:50:00
16593,At-risk established,51,8,1051.24,2011-12-10 12:50:00
16594,Lapsed low-value,75,1,181.09,2011-12-10 12:50:00
16595,At-risk established,61,5,1810.18,2011-12-10 12:50:00
16596,Recent developing,16,4,579.63,2011-12-10 12:50:00
16597,Recent developing,4,1,90.04,2011-12-10 12:50:00
16598,Lapsed low-value,286,1,140.7,2011-12-10 12:50:00
16599,Lapsed low-value,386,1,172.8,2011-12-10 12:50:00
16600,Champions,4,13,2093.56,2011-12-10 12:50:00
16601,Recent developing,41,3,683.08,2011-12-10 12:50:00
16602,Recent developing,36,2,716.93,2011-12-10 12:50:00
16603,Recent developing,75,2,482.47,2011-12-10 12:50:00
16604,Lapsed low-value,563,2,326.25,2011-12-10 12:50:00
16605,Lapsed low-value,724,1,60.48,2011-12-10 12:50:00
16606,Lapsed low-value,404,2,357.66,2011-12-10 12:50:00
16607,Champions,18,24,5375.18,2011-12-10 12:50:00
16608,At-risk established,454,2,1288.72,2011-12-10 12:50:00
16609,Champions,15,7,5450.96,2011-12-10 12:50:00
16610,Lapsed low-value,219,1,75.66,2011-12-10 12:50:00
16611,At-risk established,186,6,1776.63,2011-12-10 12:50:00
16612,Champions,33,9,3243.48,2011-12-10 12:50:00
16613,Recent developing,70,1,618.59,2011-12-10 12:50:00
16614,At-risk established,183,3,1179.79,2011-12-10 12:50:00
16615,Lapsed low-value,626,1,264.5,2011-12-10 12:50:00
16616,Recent developing,15,2,500.42,2011-12-10 12:50:00
16617,Lapsed low-value,236,1,151.85,2011-12-10 12:50:00
16618,At-risk established,31,5,2630.64,2011-12-10 12:50:00
16619,At-risk established,264,4,1916.53,2011-12-10 12:50:00
16620,Champions,4,6,1758.93,2011-12-10 12:50:00
16621,Recent developing,52,4,813.48,2011-12-10 12:50:00
16622,Lapsed low-value,544,1,205.6,2011-12-10 12:50:00
16623,At-risk established,246,4,1002.49,2011-12-10 12:50:00
16624,Recent developing,81,2,810.5699999999999,2011-12-10 12:50:00
16625,At-risk established,275,5,1651.08,2011-12-10 12:50:00
16626,Champions,1,17,4379.65,2011-12-10 12:50:00
16627,Lapsed low-value,79,1,322.8,2011-12-10 12:50:00
16628,Champions,30,7,2313.35,2011-12-10 12:50:00
16629,Recent developing,74,2,417.73,2011-12-10 12:50:00
16630,Lapsed low-value,407,1,106.80000000000001,2011-12-10 12:50:00
16631,At-risk established,482,7,1867.02,2011-12-10 12:50:00
16632,Lapsed low-value,486,2,406.4,2011-12-10 12:50:00
16633,Champions,17,6,2878.15,2011-12-10 12:50:00
16634,At-risk established,223,5,1363.1,2011-12-10 12:50:00
16635,Lapsed low-value,407,1,473.0,2011-12-10 12:50:00
16636,At-risk established,438,4,3802.04,2011-12-10 12:50:00
16637,Recent developing,32,4,1124.59,2011-12-10 12:50:00
16638,Champions,23,15,2426.28,2011-12-10 12:50:00
16639,Recent developing,31,4,1659.85,2011-12-10 12:50:00
16640,Lapsed low-value,398,1,179.4,2011-12-10 12:50:00
16641,Lapsed low-value,106,2,554.5,2011-12-10 12:50:00
16642,Recent developing,5,3,1051.46,2011-12-10 12:50:00
16643,At-risk established,246,2,915.5600000000001,2011-12-10 12:50:00
16644,At-risk established,178,2,833.78,2011-12-10 12:50:00
16645,Lapsed low-value,736,1,160.39,2011-12-10 12:50:00
16646,Lapsed low-value,449,1,675.05,2011-12-10 12:50:00
16647,At-risk established,170,4,541.9,2011-12-10 12:50:00
16648,Recent developing,43,3,653.0,2011-12-10 12:50:00
16649,Lapsed low-value,520,1,306.58000000000004,2011-12-10 12:50:00
16650,At-risk established,72,7,1916.11,2011-12-10 12:50:00
16651,Lapsed low-value,587,1,136.2,2011-12-10 12:50:00
16652,Champions,59,16,17323.23,2011-12-10 12:50:00
16653,Recent developing,16,2,1166.92,2011-12-10 12:50:00
16654,At-risk established,141,8,1705.17,2011-12-10 12:50:00
16655,Champions,18,13,6548.37,2011-12-10 12:50:00
16656,Champions,22,30,16364.52,2011-12-10 12:50:00
16657,Recent developing,10,4,933.62,2011-12-10 12:50:00
16658,At-risk established,368,5,686.72,2011-12-10 12:50:00
16659,Lapsed low-value,189,1,39.12,2011-12-10 12:50:00
16660,Recent developing,16,6,1422.35,2011-12-10 12:50:00
16661,At-risk established,540,4,850.08,2011-12-10 12:50:00
16662,Lapsed low-value,394,1,163.8,2011-12-10 12:50:00
16663,Lapsed low-value,729,1,165.0,2011-12-10 12:50:00
16664,Lapsed low-value,569,1,109.2,2011-12-10 12:50:00
16665,Lapsed low-value,362,1,135.39999999999998,2011-12-10 12:50:00
16666,Recent developing,19,2,225.94,2011-12-10 12:50:00
16667,Recent developing,68,2,570.13,2011-12-10 12:50:00
16668,Champions,15,13,862.42,2011-12-10 12:50:00
16669,Recent developing,24,2,1370.47,2011-12-10 12:50:00
16670,Champions,17,20,7833.860000000001,2011-12-10 12:50:00
16671,Recent developing,28,3,1692.27,2011-12-10 12:50:00
16672,Champions,2,20,8119.6900000000005,2011-12-10 12:50:00
16673,Lapsed low-value,679,1,188.83,2011-12-10 12:50:00
16674,Recent developing,55,2,319.61,2011-12-10 12:50:00
16675,Lapsed low-value,442,2,608.86,2011-12-10 12:50:00
16676,At-risk established,34,6,2328.5,2011-12-10 12:50:00
16677,Lapsed low-value,411,2,849.77,2011-12-10 12:50:00
16678,Champions,3,12,3064.24,2011-12-10 12:50:00
16679,At-risk established,366,3,793.06,2011-12-10 12:50:00
16680,Recent developing,43,3,821.45,2011-12-10 12:50:00
16681,At-risk established,73,7,1921.84,2011-12-10 12:50:00
16682,Recent developing,5,5,1028.0,2011-12-10 12:50:00
16683,Lapsed low-value,534,1,309.35,2011-12-10 12:50:00
16685,Recent developing,61,2,324.24,2011-12-10 12:50:00
16686,Champions,47,16,5051.57,2011-12-10 12:50:00
16687,Lapsed low-value,391,1,157.63,2011-12-10 12:50:00
16688,Recent developing,1,4,1260.86,2011-12-10 12:50:00
16689,Recent developing,76,2,355.09999999999997,2011-12-10 12:50:00
16690,Recent developing,72,4,336.08,2011-12-10 12:50:00
16691,Lapsed low-value,418,2,178.83,2011-12-10 12:50:00
16692,At-risk established,256,4,1764.6999999999998,2011-12-10 12:50:00
16693,At-risk established,69,5,1199.46,2011-12-10 12:50:00
16694,Lapsed low-value,723,1,98.30000000000001,2011-12-10 12:50:00
16695,Lapsed low-value,562,2,193.15,2011-12-10 12:50:00
16696,At-risk established,135,4,657.9000000000001,2011-12-10 12:50:00
16697,Lapsed low-value,241,1,112.75,2011-12-10 12:50:00
16698,At-risk established,227,2,1998.0,2011-12-10 12:50:00
16699,At-risk established,380,7,964.9,2011-12-10 12:50:00
16700,Champions,9,25,9091.81,2011-12-10 12:50:00
16701,Champions,9,26,9617.89,2011-12-10 12:50:00
16702,At-risk established,415,4,1099.58,2011-12-10 12:50:00
16704,Lapsed low-value,618,2,695.66,2011-12-10 12:50:00
16705,Champions,1,42,42662.731,2011-12-10 12:50:00
16706,Recent developing,37,3,531.35,2011-12-10 12:50:00
16707,At-risk established,400,4,551.11,2011-12-10 12:50:00
16708,Recent developing,46,1,656.63,2011-12-10 12:50:00
16709,Champions,85,14,9087.460000000001,2011-12-10 12:50:00
16710,Champions,19,22,6336.34,2011-12-10 12:50:00
16711,Champions,3,9,2751.48,2011-12-10 12:50:00
16712,Champions,9,13,4259.34,2011-12-10 12:50:00
16713,Champions,19,32,14380.54,2011-12-10 12:50:00
16714,At-risk established,317,3,1249.8,2011-12-10 12:50:00
16715,Recent developing,78,2,625.52,2011-12-10 12:50:00
16716,At-risk established,267,3,1568.28,2011-12-10 12:50:00
16717,Champions,24,14,6338.860000000001,2011-12-10 12:50:00
16718,At-risk established,369,5,3647.53,2011-12-10 12:50:00
16719,Champions,15,14,3823.55,2011-12-10 12:50:00
16720,Recent developing,26,3,593.43,2011-12-10 12:50:00
16721,Lapsed low-value,262,1,292.47,2011-12-10 12:50:00
16722,Champions,17,22,8967.83,2011-12-10 12:50:00
16723,At-risk established,91,4,1301.63,2011-12-10 12:50:00
16724,Lapsed low-value,405,1,147.35,2011-12-10 12:50:00
16725,At-risk established,302,13,1869.26,2011-12-10 12:50:00
16726,Champions,26,7,2088.41,2011-12-10 12:50:00
16727,At-risk established,364,4,1437.42,2011-12-10 12:50:00
16728,Recent developing,46,4,1054.67,2011-12-10 12:50:00
16729,Champions,38,21,7205.0,2011-12-10 12:50:00
16730,Recent developing,52,3,702.79,2011-12-10 12:50:00
16731,Lapsed low-value,648,1,174.05,2011-12-10 12:50:00
16732,At-risk established,32,4,4279.49,2011-12-10 12:50:00
16733,Lapsed low-value,530,1,259.68,2011-12-10 12:50:00
16734,Recent developing,52,3,650.51,2011-12-10 12:50:00
16735,Champions,79,14,5740.01,2011-12-10 12:50:00
16736,At-risk established,506,5,2902.51,2011-12-10 12:50:00
16737,Recent developing,53,2,835.1999999999999,2011-12-10 12:50:00
16739,At-risk established,177,2,772.23,2011-12-10 12:50:00
16740,Lapsed low-value,395,1,236.81,2011-12-10 12:50:00
16741,Lapsed low-value,625,1,173.06,2011-12-10 12:50:00
16742,At-risk established,493,13,2387.71,2011-12-10 12:50:00
16743,Champions,29,14,4207.01,2011-12-10 12:50:00
16744,Recent developing,11,7,1304.76,2011-12-10 12:50:00
16745,Champions,87,17,7170.7,2011-12-10 12:50:00
16746,Champions,5,42,18030.15,2011-12-10 12:50:00
16747,Recent developing,38,2,826.96,2011-12-10 12:50:00
16748,Champions,18,14,3632.29,2011-12-10 12:50:00
16749,At-risk established,591,2,4387.08,2011-12-10 12:50:00
16750,Recent developing,45,5,623.93,2011-12-10 12:50:00
16751,Recent developing,31,1,1764.72,2011-12-10 12:50:00
16752,Lapsed low-value,373,1,415.0,2011-12-10 12:50:00
16753,Lapsed low-value,58,1,223.92000000000002,2011-12-10 12:50:00
16755,At-risk established,114,7,2882.03,2011-12-10 12:50:00
16756,At-risk established,215,7,1300.47,2011-12-10 12:50:00
16757,Lapsed low-value,319,2,270.48,2011-12-10 12:50:00
16758,Lapsed low-value,65,1,369.34000000000003,2011-12-10 12:50:00
16759,Recent developing,8,3,772.84,2011-12-10 12:50:00
16760,Lapsed low-value,430,1,228.0,2011-12-10 12:50:00
16761,Lapsed low-value,97,1,316.62,2011-12-10 12:50:00
16762,Recent developing,20,3,1501.38,2011-12-10 12:50:00
16763,At-risk established,199,2,947.75,2011-12-10 12:50:00
16764,Champions,4,13,2758.25,2011-12-10 12:50:00
16765,Lapsed low-value,294,2,454.75,2011-12-10 12:50:00
16766,At-risk established,273,2,1145.6,2011-12-10 12:50:00
16767,Champions,31,15,7967.45,2011-12-10 12:50:00
16768,At-risk established,48,9,1650.02,2011-12-10 12:50:00
16769,At-risk established,260,4,1141.75,2011-12-10 12:50:00
16770,At-risk established,58,9,1900.03,2011-12-10 12:50:00
16771,Champions,33,10,3939.1,2011-12-10 12:50:00
16772,At-risk established,423,3,2799.1,2011-12-10 12:50:00
16773,Recent developing,57,3,421.24,2011-12-10 12:50:00
16774,At-risk established,68,8,1587.85,2011-12-10 12:50:00
16775,Champions,10,16,2975.29,2011-12-10 12:50:00
16776,Recent developing,60,2,619.85,2011-12-10 12:50:00
16777,At-risk established,80,5,1277.01,2011-12-10 12:50:00
16778,Lapsed low-value,74,2,245.94,2011-12-10 12:50:00
16779,Champions,2,53,32991.99,2011-12-10 12:50:00
16780,At-risk established,100,3,605.55,2011-12-10 12:50:00
16781,At-risk established,372,2,901.0500000000001,2011-12-10 12:50:00
16782,Champions,10,38,10348.960000000001,2011-12-10 12:50:00
16783,Lapsed low-value,437,1,391.95,2011-12-10 12:50:00
16784,Recent developing,20,5,896.53,2011-12-10 12:50:00
16785,Lapsed low-value,410,1,533.78,2011-12-10 12:50:00
16786,Lapsed low-value,394,1,51.839999999999996,2011-12-10 12:50:00
16787,At-risk established,398,4,1035.43,2011-12-10 12:50:00
16788,At-risk established,123,5,1948.65,2011-12-10 12:50:00
16789,Recent developing,8,1,80.8,2011-12-10 12:50:00
16790,Recent developing,4,6,1520.1200000000001,2011-12-10 12:50:00
16791,Champions,29,15,3935.92,2011-12-10 12:50:00
16792,At-risk established,282,5,623.46,2011-12-10 12:50:00
16793,Lapsed low-value,57,1,243.84,2011-12-10 12:50:00
16794,Champions,1,15,2071.94,2011-12-10 12:50:00
16795,At-risk established,365,3,2478.49,2011-12-10 12:50:00
16796,Lapsed low-value,89,1,305.62,2011-12-10 12:50:00
16797,At-risk established,393,5,1812.17,2011-12-10 12:50:00
16798,At-risk established,554,3,839.76,2011-12-10 12:50:00
16799,Lapsed low-value,432,2,491.03000000000003,2011-12-10 12:50:00
16801,At-risk established,163,3,867.83,2011-12-10 12:50:00
16802,Lapsed low-value,679,2,582.61,2011-12-10 12:50:00
16803,Lapsed low-value,65,1,332.3,2011-12-10 12:50:00
16804,Recent developing,23,3,536.99,2011-12-10 12:50:00
16805,At-risk established,174,4,1082.24,2011-12-10 12:50:00
16806,At-risk established,103,4,775.54,2011-12-10 12:50:00
16807,At-risk established,143,6,2123.88,2011-12-10 12:50:00
16808,Lapsed low-value,99,2,288.42,2011-12-10 12:50:00
16809,Champions,23,9,1725.48,2011-12-10 12:50:00
16810,At-risk established,192,2,786.14,2011-12-10 12:50:00
16811,Recent developing,5,2,547.07,2011-12-10 12:50:00
16812,At-risk established,361,4,2216.8,2011-12-10 12:50:00
16813,Champions,8,10,1692.98,2011-12-10 12:50:00
16814,Champions,14,36,12481.31,2011-12-10 12:50:00
16815,Lapsed low-value,454,2,410.97,2011-12-10 12:50:00
16816,At-risk established,103,4,417.06,2011-12-10 12:50:00
16817,Champions,3,13,2635.45,2011-12-10 12:50:00
16818,Champions,11,11,3317.97,2011-12-10 12:50:00
16819,Lapsed low-value,465,2,182.59,2011-12-10 12:50:00
16820,Lapsed low-value,96,1,497.61,2011-12-10 12:50:00
16821,Lapsed low-value,382,1,113.35,2011-12-10 12:50:00
16822,Lapsed low-value,686,1,157.59,2011-12-10 12:50:00
16823,At-risk established,227,7,2253.14,2011-12-10 12:50:00
16824,Recent developing,16,3,686.24,2011-12-10 12:50:00
16825,At-risk established,39,5,1826.89,2011-12-10 12:50:00
16826,Recent developing,51,1,341.7,2011-12-10 12:50:00
16827,At-risk established,393,5,387.18,2011-12-10 12:50:00
16828,Lapsed low-value,112,1,113.5,2011-12-10 12:50:00
16829,Lapsed low-value,157,2,513.32,2011-12-10 12:50:00
16830,Recent developing,39,4,1183.7,2011-12-10 12:50:00
16831,Lapsed low-value,565,1,91.8,2011-12-10 12:50:00
16832,At-risk established,184,5,417.61,2011-12-10 12:50:00
16833,Champions,1,6,2409.04,2011-12-10 12:50:00
16834,At-risk established,228,2,898.96,2011-12-10 12:50:00
16835,At-risk established,128,6,1471.51,2011-12-10 12:50:00
16836,Recent developing,40,4,782.37,2011-12-10 12:50:00
16837,Champions,31,11,3167.73,2011-12-10 12:50:00
16838,At-risk established,197,4,1153.66,2011-12-10 12:50:00
16839,Champions,9,44,20950.38,2011-12-10 12:50:00
16840,Lapsed low-value,603,2,139.85,2011-12-10 12:50:00
16841,Champions,37,12,3826.71,2011-12-10 12:50:00
16842,At-risk established,101,3,1260.44,2011-12-10 12:50:00
16843,Champions,43,35,19537.53,2011-12-10 12:50:00
16844,Lapsed low-value,563,2,614.34,2011-12-10 12:50:00
16845,Lapsed low-value,618,1,253.88,2011-12-10 12:50:00
16846,Recent developing,50,3,842.41,2011-12-10 12:50:00
16847,Recent developing,43,2,614.89,2011-12-10 12:50:00
16848,At-risk established,53,4,1411.62,2011-12-10 12:50:00
16849,Lapsed low-value,187,1,124.57,2011-12-10 12:50:00
16850,Lapsed low-value,334,1,332.41,2011-12-10 12:50:00
16851,Recent developing,4,3,342.45,2011-12-10 12:50:00
16852,Recent developing,10,2,144.91000000000003,2011-12-10 12:50:00
16854,At-risk established,417,2,1408.96,2011-12-10 12:50:00
16855,Recent developing,24,2,328.4,2011-12-10 12:50:00
16856,Recent developing,15,3,358.49,2011-12-10 12:50:00
16857,Lapsed low-value,443,1,352.8,2011-12-10 12:50:00
16858,At-risk established,369,10,4512.03,2011-12-10 12:50:00
16859,At-risk established,145,7,1657.74,2011-12-10 12:50:00
16860,At-risk established,453,3,1593.67,2011-12-10 12:50:00
16861,At-risk established,60,5,928.89,2011-12-10 12:50:00
16862,At-risk established,547,4,662.33,2011-12-10 12:50:00
16863,Recent developing,31,3,977.07,2011-12-10 12:50:00
16864,Lapsed low-value,434,2,409.25,2011-12-10 12:50:00
16865,Lapsed low-value,402,1,130.95,2011-12-10 12:50:00
16866,Lapsed low-value,141,3,207.73999999999998,2011-12-10 12:50:00
16867,Lapsed low-value,690,1,76.74000000000001,2011-12-10 12:50:00
16868,Lapsed low-value,394,3,393.39,2011-12-10 12:50:00
16869,Recent developing,23,4,805.62,2011-12-10 12:50:00
16870,Lapsed low-value,469,1,450.15999999999997,2011-12-10 12:50:00
16871,Champions,22,6,2761.4900000000002,2011-12-10 12:50:00
16872,At-risk established,77,6,1213.13,2011-12-10 12:50:00
16873,Champions,5,12,14547.03,2011-12-10 12:50:00
16874,Lapsed low-value,379,1,217.74,2011-12-10 12:50:00
16875,Champions,67,11,4055.2400000000002,2011-12-10 12:50:00
16876,Lapsed low-value,404,1,136.01,2011-12-10 12:50:00
16877,Recent developing,12,6,853.72,2011-12-10 12:50:00
16880,Champions,31,8,1840.86,2011-12-10 12:50:00
16881,Recent developing,67,1,432.0,2011-12-10 12:50:00
16882,Recent developing,67,3,705.12,2011-12-10 12:50:00
16883,At-risk established,187,19,2386.64,2011-12-10 12:50:00
16884,Recent developing,38,4,1073.92,2011-12-10 12:50:00
16885,Recent developing,15,4,709.49,2011-12-10 12:50:00
16887,Recent developing,35,3,660.72,2011-12-10 12:50:00
16888,Lapsed low-value,401,3,437.15,2011-12-10 12:50:00
16889,At-risk established,195,6,2530.9,2011-12-10 12:50:00
16890,Lapsed low-value,477,3,277.91,2011-12-10 12:50:00
16891,Champions,2,11,2056.82,2011-12-10 12:50:00
16892,Recent developing,1,7,749.35,2011-12-10 12:50:00
16893,Lapsed low-value,367,2,401.35,2011-12-10 12:50:00
16894,At-risk established,502,3,1282.36,2011-12-10 12:50:00
16895,At-risk established,65,5,1121.42,2011-12-10 12:50:00
16896,Lapsed low-value,555,1,103.95,2011-12-10 12:50:00
16897,Lapsed low-value,314,1,213.03,2011-12-10 12:50:00
16898,Recent developing,26,5,1016.37,2011-12-10 12:50:00
16899,Champions,8,8,1721.02,2011-12-10 12:50:00
16900,Recent developing,17,3,877.84,2011-12-10 12:50:00
16901,Lapsed low-value,729,1,204.26,2011-12-10 12:50:00
16902,At-risk established,116,1,1706.88,2011-12-10 12:50:00
16903,Recent developing,29,3,1029.98,2011-12-10 12:50:00
16904,Champions,4,20,5113.57,2011-12-10 12:50:00
16905,Champions,5,17,5002.0,2011-12-10 12:50:00
16906,At-risk established,82,7,1447.95,2011-12-10 12:50:00
16907,Champions,29,9,1707.9,2011-12-10 12:50:00
16908,Lapsed low-value,722,1,153.59,2011-12-10 12:50:00
16909,Lapsed low-value,72,1,364.14,2011-12-10 12:50:00
16910,Champions,4,8,1510.06,2011-12-10 12:50:00
16911,Lapsed low-value,636,2,251.35000000000002,2011-12-10 12:50:00
16912,Champions,29,15,4440.66,2011-12-10 12:50:00
16913,Lapsed low-value,290,3,423.90999999999997,2011-12-10 12:50:00
16914,Recent developing,36,1,208.46,2011-12-10 12:50:00
16915,Champions,9,11,1543.18,2011-12-10 12:50:00
16916,Recent developing,24,4,1117.5,2011-12-10 12:50:00
16917,At-risk established,277,2,1857.83,2011-12-10 12:50:00
16918,Champions,50,16,3141.79,2011-12-10 12:50:00
16919,Champions,156,24,5054.27,2011-12-10 12:50:00
16920,Lapsed low-value,411,1,355.45,2011-12-10 12:50:00
16921,Recent developing,61,3,446.67,2011-12-10 12:50:00
16922,Lapsed low-value,573,1,611.08,2011-12-10 12:50:00
16923,Champions,12,32,12793.51,2011-12-10 12:50:00
16924,Recent developing,21,3,739.5,2011-12-10 12:50:00
16925,Lapsed low-value,540,1,125.65,2011-12-10 12:50:00
16926,At-risk established,371,5,1410.4,2011-12-10 12:50:00
16927,At-risk established,116,3,543.05,2011-12-10 12:50:00
16928,Champions,80,26,3909.08,2011-12-10 12:50:00
16929,Champions,4,7,1295.39,2011-12-10 12:50:00
16930,Recent developing,26,3,380.55,2011-12-10 12:50:00
16931,Champions,5,23,5233.62,2011-12-10 12:50:00
16932,Recent developing,53,3,440.71,2011-12-10 12:50:00
16933,Champions,1,9,3119.35,2011-12-10 12:50:00
16934,At-risk established,55,6,2090.7400000000002,2011-12-10 12:50:00
16935,Lapsed low-value,382,3,535.1,2011-12-10 12:50:00
16936,Recent developing,26,2,551.17,2011-12-10 12:50:00
16937,Lapsed low-value,499,1,202.1,2011-12-10 12:50:00
16938,Champions,9,9,6209.93,2011-12-10 12:50:00
16939,Lapsed low-value,489,3,449.0,2011-12-10 12:50:00
16940,Champions,52,8,6328.96,2011-12-10 12:50:00
16941,Lapsed low-value,612,1,33.0,2011-12-10 12:50:00
16942,Champions,13,9,1894.1100000000001,2011-12-10 12:50:00
16943,At-risk established,212,3,816.73,2011-12-10 12:50:00
16944,Lapsed low-value,610,1,101.36,2011-12-10 12:50:00
16945,Champions,22,33,8530.66,2011-12-10 12:50:00
16946,At-risk established,383,5,1199.54,2011-12-10 12:50:00
16947,At-risk established,236,3,906.3100000000001,2011-12-10 12:50:00
16948,At-risk established,139,7,868.77,2011-12-10 12:50:00
16949,Recent developing,4,6,1161.27,2011-12-10 12:50:00
16950,Champions,57,10,3725.61,2011-12-10 12:50:00
16951,At-risk established,137,2,1262.75,2011-12-10 12:50:00
16952,At-risk established,109,5,798.78,2011-12-10 12:50:00
16954,Champions,1,20,6037.33,2011-12-10 12:50:00
16955,At-risk established,185,6,1284.41,2011-12-10 12:50:00
16956,Recent developing,18,1,292.34,2011-12-10 12:50:00
16957,Lapsed low-value,239,2,416.64,2011-12-10 12:50:00
16958,Lapsed low-value,435,1,809.44,2011-12-10 12:50:00
16959,Lapsed low-value,87,1,117.35000000000001,2011-12-10 12:50:00
16960,Champions,39,8,2020.03,2011-12-10 12:50:00
16961,At-risk established,116,3,775.96,2011-12-10 12:50:00
16962,Lapsed low-value,410,1,251.04,2011-12-10 12:50:00
16963,Lapsed low-value,187,1,110.55000000000001,2011-12-10 12:50:00
16964,Lapsed low-value,733,2,207.85,2011-12-10 12:50:00
16965,Lapsed low-value,227,1,192.07,2011-12-10 12:50:00
16966,Champions,8,7,2148.47,2011-12-10 12:50:00
16967,Lapsed low-value,189,1,319.02,2011-12-10 12:50:00
16968,Recent developing,4,2,439.43,2011-12-10 12:50:00
16969,Recent developing,39,3,650.41,2011-12-10 12:50:00
16970,Lapsed low-value,626,1,71.4,2011-12-10 12:50:00
16971,Recent developing,38,1,357.21,2011-12-10 12:50:00
16972,Lapsed low-value,383,2,786.25,2011-12-10 12:50:00
16973,Lapsed low-value,386,1,127.0,2011-12-10 12:50:00
16974,Lapsed low-value,523,2,365.5,2011-12-10 12:50:00
16975,At-risk established,423,3,902.4200000000001,2011-12-10 12:50:00
16976,Lapsed low-value,267,1,251.51999999999998,2011-12-10 12:50:00
16977,At-risk established,395,4,496.0,2011-12-10 12:50:00
16978,At-risk established,78,3,768.88,2011-12-10 12:50:00
16979,Champions,4,9,2787.09,2011-12-10 12:50:00
16980,At-risk established,255,3,1473.3300000000002,2011-12-10 12:50:00
16982,Recent developing,61,1,384.06,2011-12-10 12:50:00
16983,Champions,13,11,3699.17,2011-12-10 12:50:00
16984,Champions,88,9,10617.79,2011-12-10 12:50:00
16985,Champions,17,22,10545.76,2011-12-10 12:50:00
16986,Champions,30,11,4888.75,2011-12-10 12:50:00
16987,Champions,3,11,2502.05,2011-12-10 12:50:00
16988,Recent developing,5,2,382.67,2011-12-10 12:50:00
16989,Recent developing,7,6,1133.25,2011-12-10 12:50:00
16990,Lapsed low-value,219,2,344.0,2011-12-10 12:50:00
16991,Lapsed low-value,421,1,1041.21,2011-12-10 12:50:00
16992,Champions,11,13,5460.1,2011-12-10 12:50:00
16993,At-risk established,464,2,1688.15,2011-12-10 12:50:00
16996,Champions,30,9,2044.16,2011-12-10 12:50:00
16997,At-risk established,288,3,702.0,2011-12-10 12:50:00
16998,At-risk established,150,5,394.5,2011-12-10 12:50:00
16999,Recent developing,23,2,484.82,2011-12-10 12:50:00
17000,Lapsed low-value,396,2,406.3,2011-12-10 12:50:00
17001,Champions,1,19,6640.8,2011-12-10 12:50:00
17002,At-risk established,86,7,2565.6,2011-12-10 12:50:00
17003,At-risk established,402,4,830.16,2011-12-10 12:50:00
17004,At-risk established,46,4,2425.16,2011-12-10 12:50:00
17005,Lapsed low-value,471,2,742.36,2011-12-10 12:50:00
17006,Champions,5,8,1636.32,2011-12-10 12:50:00
17007,At-risk established,51,7,1107.6,2011-12-10 12:50:00
17008,Lapsed low-value,429,1,81.36,2011-12-10 12:50:00
17009,Lapsed low-value,551,1,242.06,2011-12-10 12:50:00
17010,Recent developing,18,1,185.46,2011-12-10 12:50:00
17011,Recent developing,30,3,536.7,2011-12-10 12:50:00
17012,Lapsed low-value,725,1,384.16,2011-12-10 12:50:00
17014,Recent developing,8,3,565.58,2011-12-10 12:50:00
17015,Recent developing,29,3,1842.56,2011-12-10 12:50:00
17016,Lapsed low-value,577,1,552.4,2011-12-10 12:50:00
17017,Champions,3,29,13963.289999999999,2011-12-10 12:50:00
17018,At-risk established,41,6,2287.7,2011-12-10 12:50:00
17019,Champions,11,11,3937.9,2011-12-10 12:50:00
17020,Lapsed low-value,542,2,935.62,2011-12-10 12:50:00
17021,At-risk established,442,6,1182.22,2011-12-10 12:50:00
17022,Recent developing,31,2,260.0,2011-12-10 12:50:00
17023,At-risk established,417,3,800.18,2011-12-10 12:50:00
17024,Recent developing,45,3,95.85,2011-12-10 12:50:00
17025,At-risk established,61,5,1510.6399999999999,2011-12-10 12:50:00
17026,Lapsed low-value,185,3,208.98,2011-12-10 12:50:00
17027,At-risk established,79,9,1285.41,2011-12-10 12:50:00
17028,At-risk established,581,3,1593.83,2011-12-10 12:50:00
17029,At-risk established,111,7,2137.3,2011-12-10 12:50:00
17030,Lapsed low-value,64,1,146.87,2011-12-10 12:50:00
17031,Champions,12,6,2773.85,2011-12-10 12:50:00
17032,At-risk established,603,5,2836.97,2011-12-10 12:50:00
17033,At-risk established,86,4,1332.79,2011-12-10 12:50:00
17034,Recent developing,16,5,1239.32,2011-12-10 12:50:00
17035,At-risk established,246,4,568.39,2011-12-10 12:50:00
17036,Lapsed low-value,383,1,176.9,2011-12-10 12:50:00
17037,Recent developing,88,1,1253.22,2011-12-10 12:50:00
17038,Recent developing,30,2,743.17,2011-12-10 12:50:00
17039,At-risk established,604,1,1954.99,2011-12-10 12:50:00
17040,Lapsed low-value,138,2,463.25,2011-12-10 12:50:00
17041,Recent developing,27,6,1670.48,2011-12-10 12:50:00
17042,Recent developing,3,5,1044.3799999999999,2011-12-10 12:50:00
17043,Champions,32,8,2616.55,2011-12-10 12:50:00
17044,Champions,25,12,11874.2,2011-12-10 12:50:00
17045,At-risk established,113,5,827.6800000000001,2011-12-10 12:50:00
17046,At-risk established,157,5,1906.07,2011-12-10 12:50:00
17047,At-risk established,85,6,2289.23,2011-12-10 12:50:00
17048,At-risk established,118,7,1975.8500000000001,2011-12-10 12:50:00
17049,Champions,3,19,9757.78,2011-12-10 12:50:00
17050,Champions,96,10,4391.66,2011-12-10 12:50:00
17051,At-risk established,194,4,714.39,2011-12-10 12:50:00
17052,Recent developing,28,1,413.75,2011-12-10 12:50:00
17053,Lapsed low-value,131,1,496.38,2011-12-10 12:50:00
17054,Recent developing,28,5,1353.83,2011-12-10 12:50:00
17055,Lapsed low-value,446,1,239.55,2011-12-10 12:50:00
17056,Lapsed low-value,738,1,128.60000000000002,2011-12-10 12:50:00
17057,Lapsed low-value,596,1,288.79,2011-12-10 12:50:00
17058,At-risk established,82,3,1179.89,2011-12-10 12:50:00
17059,Champions,30,9,5584.83,2011-12-10 12:50:00
17060,Lapsed low-value,266,1,234.24,2011-12-10 12:50:00
17061,Champions,74,11,5116.13,2011-12-10 12:50:00
17062,At-risk established,314,6,1194.24,2011-12-10 12:50:00
17063,Champions,21,13,3576.78,2011-12-10 12:50:00
17064,Recent developing,59,3,859.35,2011-12-10 12:50:00
17065,Lapsed low-value,638,2,194.7,2011-12-10 12:50:00
17066,Lapsed low-value,726,1,228.34,2011-12-10 12:50:00
17067,Lapsed low-value,725,3,454.54,2011-12-10 12:50:00
17068,Champions,12,47,9112.68,2011-12-10 12:50:00
17069,Champions,28,14,5718.4,2011-12-10 12:50:00
17070,Lapsed low-value,114,2,445.32,2011-12-10 12:50:00
17071,Champions,28,13,3745.2000000000003,2011-12-10 12:50:00
17072,Lapsed low-value,625,1,282.05,2011-12-10 12:50:00
17073,Recent developing,18,4,1444.84,2011-12-10 12:50:00
17074,Lapsed low-value,563,1,203.05,2011-12-10 12:50:00
17075,Champions,18,10,2221.38,2011-12-10 12:50:00
17076,Recent developing,36,6,1242.75,2011-12-10 12:50:00
17077,Lapsed low-value,578,1,306.0,2011-12-10 12:50:00
17078,Recent developing,36,2,375.86,2011-12-10 12:50:00
17079,Lapsed low-value,78,1,118.80000000000001,2011-12-10 12:50:00
17080,Recent developing,22,7,955.03,2011-12-10 12:50:00
17081,Recent developing,25,6,964.39,2011-12-10 12:50:00
17082,Champions,33,6,4732.03,2011-12-10 12:50:00
17083,At-risk established,109,9,4043.03,2011-12-10 12:50:00
17084,At-risk established,35,3,5202.97,2011-12-10 12:50:00
17085,Champions,123,28,7725.21,2011-12-10 12:50:00
17086,Champions,7,6,2050.08,2011-12-10 12:50:00
17087,Lapsed low-value,738,1,221.53,2011-12-10 12:50:00
17088,Recent developing,28,4,1991.01,2011-12-10 12:50:00
17089,Lapsed low-value,386,1,128.45,2011-12-10 12:50:00
17090,Champions,4,13,3055.4900000000002,2011-12-10 12:50:00
17091,Champions,3,19,7780.45,2011-12-10 12:50:00
17092,Champions,50,11,5572.16,2011-12-10 12:50:00
17093,Lapsed low-value,593,1,235.88,2011-12-10 12:50:00
17094,Lapsed low-value,322,2,370.40000000000003,2011-12-10 12:50:00
17095,Champions,23,7,2520.75,2011-12-10 12:50:00
17096,Champions,15,11,3690.83,2011-12-10 12:50:00
17097,Champions,2,9,1323.95,2011-12-10 12:50:00
17098,At-risk established,382,3,591.0699999999999,2011-12-10 12:50:00
17099,Lapsed low-value,533,1,582.17,2011-12-10 12:50:00
17100,Recent developing,18,2,971.74,2011-12-10 12:50:00
17101,Champions,10,7,2507.05,2011-12-10 12:50:00
17102,Lapsed low-value,262,1,25.5,2011-12-10 12:50:00
17103,Lapsed low-value,722,1,424.3,2011-12-10 12:50:00
17104,Lapsed low-value,424,1,474.03,2011-12-10 12:50:00
17105,Lapsed low-value,159,2,665.78,2011-12-10 12:50:00
17106,Lapsed low-value,389,1,491.23,2011-12-10 12:50:00
17107,Champions,33,10,15688.1,2011-12-10 12:50:00
17108,Lapsed low-value,664,1,174.95,2011-12-10 12:50:00
17109,Champions,29,8,1280.1,2011-12-10 12:50:00
17110,At-risk established,165,3,510.7,2011-12-10 12:50:00
17111,Recent developing,47,2,476.58,2011-12-10 12:50:00
17112,Lapsed low-value,503,1,205.17,2011-12-10 12:50:00
17113,At-risk established,574,6,2152.4900000000002,2011-12-10 12:50:00
17114,Recent developing,6,8,747.22,2011-12-10 12:50:00
17115,Champions,8,7,2688.9900000000002,2011-12-10 12:50:00
17116,Lapsed low-value,648,1,389.78,2011-12-10 12:50:00
17117,Lapsed low-value,288,1,116.19999999999999,2011-12-10 12:50:00
17118,Lapsed low-value,318,1,157.02,2011-12-10 12:50:00
17119,Recent developing,3,2,593.61,2011-12-10 12:50:00
17120,Lapsed low-value,233,1,307.46,2011-12-10 12:50:00
17121,Lapsed low-value,403,1,314.74,2011-12-10 12:50:00
17122,At-risk established,119,4,570.5,2011-12-10 12:50:00
17123,At-risk established,162,3,966.67,2011-12-10 12:50:00
17124,Lapsed low-value,185,1,298.89,2011-12-10 12:50:00
17125,Recent developing,50,1,259.35,2011-12-10 12:50:00
17126,At-risk established,152,9,2050.04,2011-12-10 12:50:00
17127,At-risk established,429,5,1155.0300000000002,2011-12-10 12:50:00
17128,Lapsed low-value,335,1,157.09,2011-12-10 12:50:00
17129,Lapsed low-value,520,1,31.85,2011-12-10 12:50:00
17131,Champions,5,5,2463.17,2011-12-10 12:50:00
17132,At-risk established,452,2,1272.8,2011-12-10 12:50:00
17133,Champions,16,12,12972.09,2011-12-10 12:50:00
17134,At-risk established,107,3,637.1,2011-12-10 12:50:00
17135,Champions,16,10,1937.44,2011-12-10 12:50:00
17136,Lapsed low-value,662,1,231.68,2011-12-10 12:50:00
17137,At-risk established,416,6,1133.63,2011-12-10 12:50:00
17138,At-risk established,276,7,4417.27,2011-12-10 12:50:00
17139,Champions,16,25,19487.36,2011-12-10 12:50:00
17140,Lapsed low-value,247,1,465.32,2011-12-10 12:50:00
17141,At-risk established,418,4,754.33,2011-12-10 12:50:00
17142,At-risk established,239,4,1283.75,2011-12-10 12:50:00
17143,At-risk established,417,2,924.11,2011-12-10 12:50:00
17144,Recent developing,1,2,984.57,2011-12-10 12:50:00
17145,At-risk established,513,4,3014.64,2011-12-10 12:50:00
17146,Champions,106,13,5795.99,2011-12-10 12:50:00
17147,Champions,23,9,3070.8,2011-12-10 12:50:00
17148,Lapsed low-value,52,1,124.88,2011-12-10 12:50:00
17149,Lapsed low-value,451,1,143.10000000000002,2011-12-10 12:50:00
17150,At-risk established,377,6,1375.65,2011-12-10 12:50:00
17151,Lapsed low-value,735,1,231.90000000000003,2011-12-10 12:50:00
17152,At-risk established,195,4,1798.5,2011-12-10 12:50:00
17153,Recent developing,24,1,213.78,2011-12-10 12:50:00
17154,Lapsed low-value,75,1,329.34,2011-12-10 12:50:00
17155,Recent developing,18,7,892.46,2011-12-10 12:50:00
17156,Lapsed low-value,492,1,572.0699999999999,2011-12-10 12:50:00
17157,Champions,8,19,5139.45,2011-12-10 12:50:00
17158,Recent developing,32,5,1962.3,2011-12-10 12:50:00
17159,Recent developing,22,5,2095.44,2011-12-10 12:50:00
17160,Champions,31,17,10201.36,2011-12-10 12:50:00
17161,Lapsed low-value,444,1,856.01,2011-12-10 12:50:00
17162,Champions,29,10,1707.21,2011-12-10 12:50:00
17163,Recent developing,22,4,699.78,2011-12-10 12:50:00
17164,Champions,33,7,2466.4,2011-12-10 12:50:00
17165,At-risk established,284,6,1783.63,2011-12-10 12:50:00
17166,Recent developing,39,2,189.49,2011-12-10 12:50:00
17167,At-risk established,380,3,867.11,2011-12-10 12:50:00
17168,Lapsed low-value,499,1,400.2,2011-12-10 12:50:00
17169,Recent developing,58,3,1130.88,2011-12-10 12:50:00
17170,Lapsed low-value,374,2,178.68,2011-12-10 12:50:00
17171,Lapsed low-value,289,2,384.59,2011-12-10 12:50:00
17172,At-risk established,79,3,915.49,2011-12-10 12:50:00
17173,Champions,5,8,3755.65,2011-12-10 12:50:00
17174,Lapsed low-value,218,1,59.9,2011-12-10 12:50:00
17175,Recent developing,44,4,1430.94,2011-12-10 12:50:00
17176,At-risk established,202,3,902.3199999999999,2011-12-10 12:50:00
17177,Lapsed low-value,505,1,119.5,2011-12-10 12:50:00
17178,Lapsed low-value,731,1,436.71,2011-12-10 12:50:00
17179,At-risk established,178,6,1507.26,2011-12-10 12:50:00
17180,Champions,56,11,2237.58,2011-12-10 12:50:00
17181,Recent developing,57,3,465.37,2011-12-10 12:50:00
17182,Lapsed low-value,423,2,321.3,2011-12-10 12:50:00
17183,Champions,8,6,3286.9100000000003,2011-12-10 12:50:00
17184,Lapsed low-value,569,2,198.41000000000003,2011-12-10 12:50:00
17185,Lapsed low-value,592,3,229.46,2011-12-10 12:50:00
17186,Recent developing,47,2,144.0,2011-12-10 12:50:00
17187,Lapsed low-value,227,2,467.71,2011-12-10 12:50:00
17188,Champions,11,13,4369.38,2011-12-10 12:50:00
17189,At-risk established,106,5,957.63,2011-12-10 12:50:00
17190,At-risk established,59,6,1546.2,2011-12-10 12:50:00
17191,Champions,28,15,4810.55,2011-12-10 12:50:00
17192,Lapsed low-value,536,1,77.83,2011-12-10 12:50:00
17193,Champions,36,9,2285.2000000000003,2011-12-10 12:50:00
17194,Lapsed low-value,361,2,776.66,2011-12-10 12:50:00
17195,Lapsed low-value,655,1,562.98,2011-12-10 12:50:00
17196,Lapsed low-value,428,1,352.9,2011-12-10 12:50:00
17197,Recent developing,30,1,1013.01,2011-12-10 12:50:00
17198,Recent developing,24,3,1213.88,2011-12-10 12:50:00
17199,Lapsed low-value,582,1,145.12,2011-12-10 12:50:00
17200,Lapsed low-value,387,4,356.71,2011-12-10 12:50:00
17201,At-risk established,54,4,1215.94,2011-12-10 12:50:00
17202,Lapsed low-value,421,1,160.65,2011-12-10 12:50:00
17203,Champions,36,10,5575.88,2011-12-10 12:50:00
17204,At-risk established,175,9,5255.49,2011-12-10 12:50:00
17205,Recent developing,54,3,999.35,2011-12-10 12:50:00
17206,Lapsed low-value,53,1,204.24,2011-12-10 12:50:00
17207,Lapsed low-value,652,1,302.37,2011-12-10 12:50:00
17208,Lapsed low-value,396,1,115.35,2011-12-10 12:50:00
17209,Lapsed low-value,649,3,611.6,2011-12-10 12:50:00
17210,Lapsed low-value,393,1,253.37,2011-12-10 12:50:00
17211,Champions,27,13,4029.1,2011-12-10 12:50:00
17212,At-risk established,253,3,794.41,2011-12-10 12:50:00
17213,Champions,40,13,5129.45,2011-12-10 12:50:00
17214,At-risk established,60,6,984.12,2011-12-10 12:50:00
17215,Lapsed low-value,464,1,186.15,2011-12-10 12:50:00
17216,Lapsed low-value,554,1,65.05,2011-12-10 12:50:00
17217,Lapsed low-value,234,2,218.0,2011-12-10 12:50:00
17218,Champions,4,18,4190.68,2011-12-10 12:50:00
17219,Recent developing,32,2,259.13,2011-12-10 12:50:00
17220,Champions,24,21,4475.85,2011-12-10 12:50:00
17221,Recent developing,7,5,978.52,2011-12-10 12:50:00
17222,At-risk established,65,6,1589.1100000000001,2011-12-10 12:50:00
17223,At-risk established,310,3,803.53,2011-12-10 12:50:00
17224,Lapsed low-value,501,1,100.86,2011-12-10 12:50:00
17225,Lapsed low-value,582,1,131.15,2011-12-10 12:50:00
17226,At-risk established,309,3,900.12,2011-12-10 12:50:00
17227,Champions,19,12,2022.03,2011-12-10 12:50:00
17228,Champions,16,13,3177.24,2011-12-10 12:50:00
17229,Lapsed low-value,96,2,318.76,2011-12-10 12:50:00
17230,Champions,264,18,9695.59,2011-12-10 12:50:00
17231,Champions,12,25,7091.07,2011-12-10 12:50:00
17232,Recent developing,3,2,421.52,2011-12-10 12:50:00
17233,Recent developing,35,3,560.86,2011-12-10 12:50:00
17234,Lapsed low-value,183,1,149.89000000000001,2011-12-10 12:50:00
17235,Champions,25,8,1904.8799999999999,2011-12-10 12:50:00
17236,Champions,13,12,1929.26,2011-12-10 12:50:00
17237,Recent developing,11,4,1002.08,2011-12-10 12:50:00
17238,Champions,3,32,7782.6,2011-12-10 12:50:00
17239,At-risk established,313,4,1186.9,2011-12-10 12:50:00
17240,Lapsed low-value,596,1,130.6,2011-12-10 12:50:00
17241,At-risk established,385,12,2744.14,2011-12-10 12:50:00
17242,At-risk established,108,5,2889.28,2011-12-10 12:50:00
17243,Champions,1,69,20713.71,2011-12-10 12:50:00
17244,At-risk established,53,5,1826.04,2011-12-10 12:50:00
17245,Lapsed low-value,205,2,371.63,2011-12-10 12:50:00
17246,Lapsed low-value,547,2,38.92,2011-12-10 12:50:00
17247,Recent developing,15,1,282.19,2011-12-10 12:50:00
17248,Lapsed low-value,120,2,546.16,2011-12-10 12:50:00
17249,Lapsed low-value,429,1,68.03,2011-12-10 12:50:00
17250,Recent developing,4,2,384.52,2011-12-10 12:50:00
17251,At-risk established,363,3,803.73,2011-12-10 12:50:00
17252,Lapsed low-value,117,2,353.86,2011-12-10 12:50:00
17253,Recent developing,18,1,178.26,2011-12-10 12:50:00
17254,Recent developing,5,3,470.73,2011-12-10 12:50:00
17255,Recent developing,41,4,799.13,2011-12-10 12:50:00
17256,At-risk established,107,5,498.93,2011-12-10 12:50:00
17257,Lapsed low-value,436,2,192.73,2011-12-10 12:50:00
17258,Lapsed low-value,397,2,417.3,2011-12-10 12:50:00
17259,At-risk established,148,6,1889.34,2011-12-10 12:50:00
17260,Lapsed low-value,411,1,120.95,2011-12-10 12:50:00
17261,Lapsed low-value,510,1,230.44,2011-12-10 12:50:00
17262,Champions,52,11,2757.62,2011-12-10 12:50:00
17263,Lapsed low-value,208,1,63.440000000000005,2011-12-10 12:50:00
17264,Lapsed low-value,424,1,279.59,2011-12-10 12:50:00
17265,Lapsed low-value,139,2,562.9,2011-12-10 12:50:00
17266,Recent developing,2,5,517.73,2011-12-10 12:50:00
17267,Lapsed low-value,127,2,317.62,2011-12-10 12:50:00
17268,At-risk established,108,11,1733.8899999999999,2011-12-10 12:50:00
17269,Lapsed low-value,386,1,537.46,2011-12-10 12:50:00
17270,Lapsed low-value,469,2,604.4,2011-12-10 12:50:00
17271,Lapsed low-value,736,1,210.39,2011-12-10 12:50:00
17272,At-risk established,42,4,2144.83,2011-12-10 12:50:00
17273,Lapsed low-value,424,1,141.12,2011-12-10 12:50:00
17274,Recent developing,35,2,577.38,2011-12-10 12:50:00
17275,Lapsed low-value,383,1,114.52,2011-12-10 12:50:00
17276,Lapsed low-value,402,1,450.09,2011-12-10 12:50:00
17277,At-risk established,228,2,1065.3500000000001,2011-12-10 12:50:00
17278,Lapsed low-value,241,2,271.24,2011-12-10 12:50:00
17279,Lapsed low-value,58,1,187.82999999999998,2011-12-10 12:50:00
17280,Lapsed low-value,438,1,118.85999999999999,2011-12-10 12:50:00
17281,At-risk established,374,6,797.8499999999999,2011-12-10 12:50:00
17282,At-risk established,130,5,2339.66,2011-12-10 12:50:00
17283,Lapsed low-value,379,1,188.46,2011-12-10 12:50:00
17284,At-risk established,60,7,2552.8,2011-12-10 12:50:00
17285,Lapsed low-value,628,2,420.84,2011-12-10 12:50:00
17286,Recent developing,22,3,395.48,2011-12-10 12:50:00
17287,Champions,26,21,4095.71,2011-12-10 12:50:00
17288,Champions,9,11,2499.98,2011-12-10 12:50:00
17289,Champions,32,9,2069.89,2011-12-10 12:50:00
17290,Champions,4,8,1440.96,2011-12-10 12:50:00
17291,Lapsed low-value,308,1,550.8000000000001,2011-12-10 12:50:00
17292,Lapsed low-value,472,2,271.75,2011-12-10 12:50:00
17293,Champions,8,17,3774.23,2011-12-10 12:50:00
17294,Lapsed low-value,669,2,467.78999999999996,2011-12-10 12:50:00
17295,Recent developing,29,3,556.95,2011-12-10 12:50:00
17296,Lapsed low-value,730,1,338.13,2011-12-10 12:50:00
17297,Recent developing,17,1,131.78,2011-12-10 12:50:00
17298,At-risk established,101,5,936.62,2011-12-10 12:50:00
17299,Recent developing,12,6,1016.08,2011-12-10 12:50:00
17300,Lapsed low-value,391,2,393.64,2011-12-10 12:50:00
17301,Recent developing,21,2,330.43,2011-12-10 12:50:00
17302,Recent developing,15,5,1119.93,2011-12-10 12:50:00
17303,Lapsed low-value,361,1,250.04,2011-12-10 12:50:00
17304,Lapsed low-value,534,1,111.5,2011-12-10 12:50:00
17305,At-risk established,649,1,2135.46,2011-12-10 12:50:00
17306,Champions,11,21,9751.77,2011-12-10 12:50:00
17307,At-risk established,395,8,3541.9700000000003,2011-12-10 12:50:00
17308,At-risk established,393,2,4511.76,2011-12-10 12:50:00
17309,Recent developing,95,3,330.59000000000003,2011-12-10 12:50:00
17310,At-risk established,387,2,1025.1,2011-12-10 12:50:00
17311,At-risk established,78,6,3490.66,2011-12-10 12:50:00
17312,At-risk established,139,3,644.3,2011-12-10 12:50:00
17313,Recent developing,31,1,2291.81,2011-12-10 12:50:00
17314,Champions,25,17,4513.0,2011-12-10 12:50:00
17315,Champions,2,41,9517.47,2011-12-10 12:50:00
17316,Lapsed low-value,420,1,124.45,2011-12-10 12:50:00
17317,At-risk established,46,3,2562.18,2011-12-10 12:50:00
17318,Lapsed low-value,725,1,164.28,2011-12-10 12:50:00
17319,Lapsed low-value,669,1,29.1,2011-12-10 12:50:00
17320,At-risk established,100,6,2895.77,2011-12-10 12:50:00
17321,Recent developing,8,6,1741.18,2011-12-10 12:50:00
17322,At-risk established,376,5,900.64,2011-12-10 12:50:00
17323,Champions,15,12,1550.11,2011-12-10 12:50:00
17324,Champions,18,12,2148.87,2011-12-10 12:50:00
17325,At-risk established,280,3,609.5699999999999,2011-12-10 12:50:00
17326,Lapsed low-value,408,2,321.95,2011-12-10 12:50:00
17327,Lapsed low-value,410,2,152.35,2011-12-10 12:50:00
17328,Lapsed low-value,673,1,104.7,2011-12-10 12:50:00
17329,Recent developing,14,5,1004.4300000000001,2011-12-10 12:50:00
17330,Recent developing,23,4,423.8,2011-12-10 12:50:00
17331,Lapsed low-value,124,1,175.2,2011-12-10 12:50:00
17332,At-risk established,528,5,827.77,2011-12-10 12:50:00
17333,Lapsed low-value,86,1,494.25,2011-12-10 12:50:00
17334,At-risk established,302,3,634.73,2011-12-10 12:50:00
17335,Lapsed low-value,384,2,508.0,2011-12-10 12:50:00
17336,Lapsed low-value,472,1,81.12,2011-12-10 12:50:00
17337,At-risk established,151,4,1975.32,2011-12-10 12:50:00
17338,Champions,17,17,12071.23,2011-12-10 12:50:00
17339,Lapsed low-value,94,2,303.36,2011-12-10 12:50:00
17340,Champions,30,18,22045.22,2011-12-10 12:50:00
17341,At-risk established,157,5,1889.83,2011-12-10 12:50:00
17342,At-risk established,380,4,1155.8400000000001,2011-12-10 12:50:00
17343,At-risk established,355,6,1259.94,2011-12-10 12:50:00
17344,Recent developing,46,2,468.11,2011-12-10 12:50:00
17345,Champions,15,10,1558.98,2011-12-10 12:50:00
17346,Champions,4,26,5250.82,2011-12-10 12:50:00
17347,Lapsed low-value,86,1,228.96,2011-12-10 12:50:00
17348,Champions,15,9,2464.31,2011-12-10 12:50:00
17349,At-risk established,179,5,852.25,2011-12-10 12:50:00
17350,Champions,8,7,1876.161,2011-12-10 12:50:00
17351,Champions,36,12,1964.38,2011-12-10 12:50:00
17352,Lapsed low-value,696,1,36.25,2011-12-10 12:50:00
17353,At-risk established,129,4,3164.05,2011-12-10 12:50:00
17354,At-risk established,51,4,3143.46,2011-12-10 12:50:00
17355,Lapsed low-value,386,1,285.11,2011-12-10 12:50:00
17356,At-risk established,312,5,946.47,2011-12-10 12:50:00
17357,Recent developing,24,2,388.14,2011-12-10 12:50:00
17358,At-risk established,303,5,866.05,2011-12-10 12:50:00
17359,Recent developing,11,2,284.46,2011-12-10 12:50:00
17360,Recent developing,17,6,1201.43,2011-12-10 12:50:00
17361,Recent developing,49,5,880.64,2011-12-10 12:50:00
17362,At-risk established,239,7,1010.54,2011-12-10 12:50:00
17363,At-risk established,395,3,940.86,2011-12-10 12:50:00
17364,Champions,1,27,11684.55,2011-12-10 12:50:00
17365,Champions,13,15,8219.94,2011-12-10 12:50:00
17366,At-risk established,432,2,1094.59,2011-12-10 12:50:00
17367,Lapsed low-value,238,1,168.4,2011-12-10 12:50:00
17368,Champions,23,14,2213.24,2011-12-10 12:50:00
17369,Lapsed low-value,456,1,979.1999999999999,2011-12-10 12:50:00
17370,Recent developing,73,4,446.18,2011-12-10 12:50:00
17371,Recent developing,17,6,658.55,2011-12-10 12:50:00
17372,Champions,41,26,4294.58,2011-12-10 12:50:00
17373,At-risk established,40,7,1167.5,2011-12-10 12:50:00
17374,At-risk established,219,3,711.21,2011-12-10 12:50:00
17375,At-risk established,199,4,632.95,2011-12-10 12:50:00
17376,Recent developing,71,4,453.64,2011-12-10 12:50:00
17378,Lapsed low-value,374,1,10.95,2011-12-10 12:50:00
17379,Recent developing,11,1,404.66,2011-12-10 12:50:00
17380,At-risk established,434,3,643.75,2011-12-10 12:50:00
17381,Champions,9,38,39999.19,2011-12-10 12:50:00
17382,At-risk established,65,8,902.28,2011-12-10 12:50:00
17383,Recent developing,4,2,309.99,2011-12-10 12:50:00
17384,Recent developing,19,3,507.55,2011-12-10 12:50:00
17385,Recent developing,15,1,261.11,2011-12-10 12:50:00
17386,Champions,8,7,2812.77,2011-12-10 12:50:00
17387,Recent developing,20,2,784.11,2011-12-10 12:50:00
17388,Champions,78,11,2691.57,2011-12-10 12:50:00
17389,Champions,1,61,54931.34,2011-12-10 12:50:00
17390,Lapsed low-value,421,1,149.3,2011-12-10 12:50:00
17391,Lapsed low-value,164,2,508.8,2011-12-10 12:50:00
17392,At-risk established,307,3,620.56,2011-12-10 12:50:00
17393,Lapsed low-value,411,2,381.15,2011-12-10 12:50:00
17394,Lapsed low-value,219,1,203.86999999999998,2011-12-10 12:50:00
17395,Lapsed low-value,508,1,97.5,2011-12-10 12:50:00
17396,Champions,39,13,8511.6,2011-12-10 12:50:00
17397,Recent developing,22,3,1233.18,2011-12-10 12:50:00
17398,At-risk established,115,3,653.38,2011-12-10 12:50:00
17400,At-risk established,126,8,4677.05,2011-12-10 12:50:00
17401,Lapsed low-value,541,1,114.85,2011-12-10 12:50:00
17402,Champions,5,22,5012.08,2011-12-10 12:50:00
17403,Recent developing,36,2,400.57,2011-12-10 12:50:00
17405,Recent developing,1,3,967.22,2011-12-10 12:50:00
17406,At-risk established,333,13,4573.85,2011-12-10 12:50:00
17407,Lapsed low-value,412,1,552.9,2011-12-10 12:50:00
17408,Lapsed low-value,163,3,164.89000000000001,2011-12-10 12:50:00
17409,At-risk established,185,10,7793.51,2011-12-10 12:50:00
17410,Recent developing,16,5,1214.72,2011-12-10 12:50:00
17411,Recent developing,12,5,1350.28,2011-12-10 12:50:00
17412,Champions,3,16,4392.47,2011-12-10 12:50:00
17413,Lapsed low-value,405,2,560.14,2011-12-10 12:50:00
17414,At-risk established,44,6,2249.52,2011-12-10 12:50:00
17415,Lapsed low-value,80,1,507.84,2011-12-10 12:50:00
17416,Champions,30,22,17221.47,2011-12-10 12:50:00
17417,Lapsed low-value,549,1,164.18,2011-12-10 12:50:00
17418,Recent developing,42,3,670.0600000000001,2011-12-10 12:50:00
17419,Champions,11,18,6474.92,2011-12-10 12:50:00
17420,At-risk established,50,6,1074.53,2011-12-10 12:50:00
17421,At-risk established,386,3,1059.41,2011-12-10 12:50:00
17422,Champions,16,11,3346.1,2011-12-10 12:50:00
17423,Recent developing,46,3,1084.17,2011-12-10 12:50:00
17425,Recent developing,19,2,759.17,2011-12-10 12:50:00
17426,Champions,8,13,8004.72,2011-12-10 12:50:00
17427,Lapsed low-value,72,1,100.8,2011-12-10 12:50:00
17428,Champions,1,45,31250.36,2011-12-10 12:50:00
17429,At-risk established,128,5,1342.16,2011-12-10 12:50:00
17430,Recent developing,33,4,735.17,2011-12-10 12:50:00
17431,Lapsed low-value,313,1,403.3,2011-12-10 12:50:00
17432,Champions,18,9,1751.39,2011-12-10 12:50:00
17433,Recent developing,88,2,569.96,2011-12-10 12:50:00
17434,Champions,2,7,2333.42,2011-12-10 12:50:00
17435,Lapsed low-value,411,1,331.35,2011-12-10 12:50:00
17436,Recent developing,2,5,521.31,2011-12-10 12:50:00
17437,Lapsed low-value,530,1,373.17,2011-12-10 12:50:00
17438,At-risk established,254,5,1412.6200000000001,2011-12-10 12:50:00
17439,Lapsed low-value,656,1,325.74,2011-12-10 12:50:00
17440,Lapsed low-value,157,4,314.26,2011-12-10 12:50:00
17441,Lapsed low-value,732,1,293.35,2011-12-10 12:50:00
17442,Champions,37,15,4526.2,2011-12-10 12:50:00
17443,Lapsed low-value,220,1,534.24,2011-12-10 12:50:00
17444,At-risk established,152,2,2389.1,2011-12-10 12:50:00
17446,Lapsed low-value,177,2,120.9,2011-12-10 12:50:00
17447,Recent developing,40,2,541.53,2011-12-10 12:50:00
17449,Champions,2,13,4932.15,2011-12-10 12:50:00
17451,Champions,1,7,1648.95,2011-12-10 12:50:00
17453,Recent developing,18,2,486.71999999999997,2011-12-10 12:50:00
17454,At-risk established,192,10,1532.64,2011-12-10 12:50:00
17455,Lapsed low-value,204,1,131.7,2011-12-10 12:50:00
17456,At-risk established,365,2,1225.42,2011-12-10 12:50:00
17457,Champions,127,14,5806.37,2011-12-10 12:50:00
17458,Recent developing,15,2,529.58,2011-12-10 12:50:00
17459,Recent developing,43,2,657.3,2011-12-10 12:50:00
17460,Champions,94,16,2024.4,2011-12-10 12:50:00
17461,Recent developing,23,3,757.46,2011-12-10 12:50:00
17462,Recent developing,60,2,662.94,2011-12-10 12:50:00
17463,Champions,16,7,2537.91,2011-12-10 12:50:00
17464,At-risk established,158,3,879.74,2011-12-10 12:50:00
17465,At-risk established,426,7,2533.64,2011-12-10 12:50:00
17466,Recent developing,10,2,763.28,2011-12-10 12:50:00
17467,Lapsed low-value,395,1,102.6,2011-12-10 12:50:00
17468,Recent developing,10,3,194.8,2011-12-10 12:50:00
17469,Champions,16,17,4963.14,2011-12-10 12:50:00
17470,Champions,45,11,2804.87,2011-12-10 12:50:00
17471,Lapsed low-value,475,1,321.65000000000003,2011-12-10 12:50:00
17472,At-risk established,191,4,935.1,2011-12-10 12:50:00
17473,Lapsed low-value,409,2,592.15,2011-12-10 12:50:00
17474,Lapsed low-value,600,1,1047.0,2011-12-10 12:50:00
17475,Lapsed low-value,79,1,194.37,2011-12-10 12:50:00
17476,Lapsed low-value,396,2,446.51,2011-12-10 12:50:00
17477,At-risk established,613,2,1079.0,2011-12-10 12:50:00
17478,At-risk established,408,2,1272.8,2011-12-10 12:50:00
17479,Lapsed low-value,633,1,389.26000000000005,2011-12-10 12:50:00
17480,Recent developing,78,2,896.53,2011-12-10 12:50:00
17481,Recent developing,4,4,1249.34,2011-12-10 12:50:00
17482,Lapsed low-value,487,2,778.19,2011-12-10 12:50:00
17483,Recent developing,65,4,591.73,2011-12-10 12:50:00
17484,Lapsed low-value,576,2,209.57,2011-12-10 12:50:00
17486,Lapsed low-value,261,1,396.87,2011-12-10 12:50:00
17487,Lapsed low-value,728,1,160.55,2011-12-10 12:50:00
17488,Lapsed low-value,641,1,336.5,2011-12-10 12:50:00
17489,Recent developing,59,2,376.64,2011-12-10 12:50:00
17490,Champions,1,9,2597.16,2011-12-10 12:50:00
17491,Champions,1,17,5964.12,2011-12-10 12:50:00
17492,At-risk established,248,3,1122.42,2011-12-10 12:50:00
17493,Lapsed low-value,385,1,100.91000000000001,2011-12-10 12:50:00
17494,Lapsed low-value,502,1,54.699999999999996,2011-12-10 12:50:00
17495,Recent developing,8,3,759.07,2011-12-10 12:50:00
17496,At-risk established,359,4,1399.39,2011-12-10 12:50:00
17497,Lapsed low-value,390,2,287.25,2011-12-10 12:50:00
17498,Lapsed low-value,76,1,272.22,2011-12-10 12:50:00
17499,At-risk established,290,2,1296.84,2011-12-10 12:50:00
17500,Recent developing,17,3,1138.0,2011-12-10 12:50:00
17501,Lapsed low-value,221,2,288.6,2011-12-10 12:50:00
17502,Recent developing,9,4,689.1,2011-12-10 12:50:00
17503,Recent developing,3,2,558.96,2011-12-10 12:50:00
17504,Champions,206,18,9313.37,2011-12-10 12:50:00
17505,At-risk established,162,5,2435.48,2011-12-10 12:50:00
17506,Lapsed low-value,76,1,294.29,2011-12-10 12:50:00
17507,Lapsed low-value,262,2,605.58,2011-12-10 12:50:00
17508,At-risk established,281,8,4546.78,2011-12-10 12:50:00
17509,Champions,58,8,6100.74,2011-12-10 12:50:00
17510,Recent developing,25,2,514.56,2011-12-10 12:50:00
17512,Champions,29,17,5432.27,2011-12-10 12:50:00
17513,At-risk established,72,3,1158.8,2011-12-10 12:50:00
17514,Lapsed low-value,128,2,542.83,2011-12-10 12:50:00
17515,Champions,31,9,1617.46,2011-12-10 12:50:00
17516,Recent developing,15,6,957.55,2011-12-10 12:50:00
17517,Lapsed low-value,309,1,153.94,2011-12-10 12:50:00
17518,Lapsed low-value,426,2,329.42,2011-12-10 12:50:00
17519,Champions,17,15,5104.52,2011-12-10 12:50:00
17520,Recent developing,54,1,546.81,2011-12-10 12:50:00
17521,Recent developing,30,5,1276.81,2011-12-10 12:50:00
17522,Recent developing,2,5,1066.15,2011-12-10 12:50:00
17523,Recent developing,11,4,652.74,2011-12-10 12:50:00
17524,Lapsed low-value,361,3,508.9,2011-12-10 12:50:00
17525,At-risk established,360,3,1161.9,2011-12-10 12:50:00
17526,Champions,5,12,3673.24,2011-12-10 12:50:00
17527,Recent developing,54,4,888.86,2011-12-10 12:50:00
17528,Champions,1,8,3539.5,2011-12-10 12:50:00
17529,At-risk established,610,2,1240.25,2011-12-10 12:50:00
17530,Champions,1,12,3135.97,2011-12-10 12:50:00
17531,At-risk established,190,3,1229.32,2011-12-10 12:50:00
17532,Lapsed low-value,386,1,65.34,2011-12-10 12:50:00
17533,Lapsed low-value,435,1,34.8,2011-12-10 12:50:00
17534,At-risk established,54,5,1668.83,2011-12-10 12:50:00
17535,Lapsed low-value,280,1,164.4,2011-12-10 12:50:00
17536,Lapsed low-value,177,3,364.83,2011-12-10 12:50:00
17537,Recent developing,30,2,897.62,2011-12-10 12:50:00
17538,Recent developing,26,1,98.42,2011-12-10 12:50:00
17539,At-risk established,628,3,1172.07,2011-12-10 12:50:00
17540,Recent developing,25,6,1582.1000000000001,2011-12-10 12:50:00
17541,Lapsed low-value,510,1,124.46,2011-12-10 12:50:00
17542,Lapsed low-value,270,3,341.7,2011-12-10 12:50:00
17543,Lapsed low-value,550,1,120.05,2011-12-10 12:50:00
17544,At-risk established,390,3,960.69,2011-12-10 12:50:00
17545,At-risk established,43,6,1448.54,2011-12-10 12:50:00
17547,Lapsed low-value,376,2,680.5500000000001,2011-12-10 12:50:00
17548,Lapsed low-value,378,3,384.6,2011-12-10 12:50:00
17549,Recent developing,24,2,148.86,2011-12-10 12:50:00
17550,At-risk established,197,9,2206.54,2011-12-10 12:50:00
17551,Lapsed low-value,359,1,306.84,2011-12-10 12:50:00
17552,Champions,60,12,3057.81,2011-12-10 12:50:00
17553,At-risk established,130,4,3757.6,2011-12-10 12:50:00
17554,Recent developing,1,5,1952.45,2011-12-10 12:50:00
17555,Recent developing,20,5,1057.74,2011-12-10 12:50:00
17556,Lapsed low-value,206,2,300.67,2011-12-10 12:50:00
17557,Recent developing,14,4,575.46,2011-12-10 12:50:00
17558,Lapsed low-value,393,1,259.17,2011-12-10 12:50:00
17559,Lapsed low-value,513,1,167.62,2011-12-10 12:50:00
17560,At-risk established,95,9,1895.8,2011-12-10 12:50:00
17561,Recent developing,19,4,722.34,2011-12-10 12:50:00
17562,Recent developing,14,7,1107.38,2011-12-10 12:50:00
17563,Lapsed low-value,578,2,318.73,2011-12-10 12:50:00
17564,Recent developing,24,3,454.01,2011-12-10 12:50:00
17565,Lapsed low-value,587,1,131.83,2011-12-10 12:50:00
17566,Recent developing,8,2,901.21,2011-12-10 12:50:00
17567,Champions,7,9,5063.76,2011-12-10 12:50:00
17568,Lapsed low-value,633,1,382.79,2011-12-10 12:50:00
17569,Lapsed low-value,332,1,344.14,2011-12-10 12:50:00
17571,At-risk established,50,5,1702.5,2011-12-10 12:50:00
17572,At-risk established,71,10,723.01,2011-12-10 12:50:00
17573,Recent developing,29,3,362.9,2011-12-10 12:50:00
17574,Lapsed low-value,243,1,185.65,2011-12-10 12:50:00
17575,Lapsed low-value,667,1,171.7,2011-12-10 12:50:00
17576,Champions,8,41,8885.56,2011-12-10 12:50:00
17577,Lapsed low-value,645,2,348.75,2011-12-10 12:50:00
17578,At-risk established,218,7,1003.73,2011-12-10 12:50:00
17579,Recent developing,5,4,744.58,2011-12-10 12:50:00
17580,At-risk established,253,5,542.32,2011-12-10 12:50:00
17581,Champions,1,43,18378.87,2011-12-10 12:50:00
17582,At-risk established,236,5,1433.7,2011-12-10 12:50:00
17583,Lapsed low-value,560,1,135.95,2011-12-10 12:50:00
17584,Champions,7,6,5294.42,2011-12-10 12:50:00
17585,At-risk established,109,7,2093.3,2011-12-10 12:50:00
17586,Lapsed low-value,619,1,167.4,2011-12-10 12:50:00
17587,Lapsed low-value,628,1,178.71,2011-12-10 12:50:00
17588,At-risk established,100,7,2913.05,2011-12-10 12:50:00
17589,Champions,60,18,13873.15,2011-12-10 12:50:00
17590,Recent developing,2,3,1477.97,2011-12-10 12:50:00
17591,At-risk established,73,8,2765.7200000000003,2011-12-10 12:50:00
17592,Lapsed low-value,739,1,148.3,2011-12-10 12:50:00
17593,Champions,4,11,8045.6,2011-12-10 12:50:00
17594,At-risk established,85,4,2497.88,2011-12-10 12:50:00
17595,Recent developing,12,2,388.79,2011-12-10 12:50:00
17596,Champions,23,13,4920.67,2011-12-10 12:50:00
17597,At-risk established,214,5,3442.63,2011-12-10 12:50:00
17598,Lapsed low-value,381,1,409.98,2011-12-10 12:50:00
17599,Lapsed low-value,478,1,44.55,2011-12-10 12:50:00
17600,Recent developing,18,1,161.67000000000002,2011-12-10 12:50:00
17601,Lapsed low-value,239,2,421.06,2011-12-10 12:50:00
17602,Champions,2,14,7337.43,2011-12-10 12:50:00
17603,At-risk established,78,4,1783.13,2011-12-10 12:50:00
17604,At-risk established,217,6,945.9300000000001,2011-12-10 12:50:00
17605,Lapsed low-value,590,1,160.75,2011-12-10 12:50:00
17606,Lapsed low-value,737,1,87.30000000000001,2011-12-10 12:50:00
17607,Lapsed low-value,376,1,333.81,2011-12-10 12:50:00
17608,Recent developing,33,4,498.53,2011-12-10 12:50:00
17609,Champions,41,11,1748.25,2011-12-10 12:50:00
17610,At-risk established,540,5,1490.79,2011-12-10 12:50:00
17611,Champions,7,28,8286.43,2011-12-10 12:50:00
17612,Champions,53,18,5185.03,2011-12-10 12:50:00
17613,Champions,23,14,4509.37,2011-12-10 12:50:00
17614,Recent developing,57,1,390.07,2011-12-10 12:50:00
17615,At-risk established,130,6,725.7,2011-12-10 12:50:00
17616,At-risk established,174,4,1060.8,2011-12-10 12:50:00
17617,Lapsed low-value,559,1,395.33,2011-12-10 12:50:00
17618,Champions,6,11,4047.94,2011-12-10 12:50:00
17619,Lapsed low-value,312,1,218.52,2011-12-10 12:50:00
17620,Lapsed low-value,60,1,81.44,2011-12-10 12:50:00
17621,Champions,21,6,3029.32,2011-12-10 12:50:00
17622,At-risk established,598,2,1125.17,2011-12-10 12:50:00
17623,Champions,33,7,2383.67,2011-12-10 12:50:00
17624,Recent developing,15,4,1568.63,2011-12-10 12:50:00
17625,Champions,18,8,6067.8,2011-12-10 12:50:00
17626,Lapsed low-value,603,1,254.0,2011-12-10 12:50:00
17627,Lapsed low-value,479,1,296.36,2011-12-10 12:50:00
17628,Lapsed low-value,81,1,75.75,2011-12-10 12:50:00
17629,Champions,6,10,2425.52,2011-12-10 12:50:00
17630,Lapsed low-value,170,2,503.59999999999997,2011-12-10 12:50:00
17631,Recent developing,2,7,998.49,2011-12-10 12:50:00
17633,Champions,31,7,1974.89,2011-12-10 12:50:00
17634,Champions,36,9,2361.9700000000003,2011-12-10 12:50:00
17635,At-risk established,424,3,1256.83,2011-12-10 12:50:00
17636,Recent developing,19,1,265.93,2011-12-10 12:50:00
17637,Recent developing,31,2,547.0600000000001,2011-12-10 12:50:00
17638,Lapsed low-value,647,2,842.4,2011-12-10 12:50:00
17639,At-risk established,276,6,615.17,2011-12-10 12:50:00
17640,At-risk established,87,6,3107.59,2011-12-10 12:50:00
17642,At-risk established,120,5,1824.49,2011-12-10 12:50:00
17643,Lapsed low-value,373,2,541.25,2011-12-10 12:50:00
17644,Champions,1,20,5896.24,2011-12-10 12:50:00
17646,At-risk established,219,12,4099.64,2011-12-10 12:50:00
17647,Recent developing,65,3,331.65999999999997,2011-12-10 12:50:00
17648,At-risk established,61,5,2208.42,2011-12-10 12:50:00
17649,At-risk established,138,3,1542.44,2011-12-10 12:50:00
17650,Recent developing,21,1,166.08,2011-12-10 12:50:00
17651,Champions,12,16,5632.59,2011-12-10 12:50:00
17652,Champions,25,12,4737.13,2011-12-10 12:50:00
17653,Recent developing,37,4,1175.88,2011-12-10 12:50:00
17654,Lapsed low-value,277,1,117.55,2011-12-10 12:50:00
17655,Champions,11,9,3585.28,2011-12-10 12:50:00
17656,At-risk established,73,5,1674.69,2011-12-10 12:50:00
17657,Lapsed low-value,430,1,126.0,2011-12-10 12:50:00
17658,Recent developing,26,2,485.88,2011-12-10 12:50:00
17659,Champions,17,14,3784.71,2011-12-10 12:50:00
17660,Lapsed low-value,141,2,359.47,2011-12-10 12:50:00
17662,Lapsed low-value,662,2,412.92,2011-12-10 12:50:00
17663,Champions,26,17,5096.04,2011-12-10 12:50:00
17664,Recent developing,19,4,1166.23,2011-12-10 12:50:00
17665,Lapsed low-value,493,1,563.1,2011-12-10 12:50:00
17666,Recent developing,4,5,2047.8,2011-12-10 12:50:00
17667,Champions,66,9,3910.8,2011-12-10 12:50:00
17668,Recent developing,1,2,347.75,2011-12-10 12:50:00
17669,Champions,43,10,6142.35,2011-12-10 12:50:00
17670,Lapsed low-value,228,1,205.7,2011-12-10 12:50:00
17671,Recent developing,16,5,2116.71,2011-12-10 12:50:00
17672,Champions,50,6,5592.1900000000005,2011-12-10 12:50:00
17673,Champions,2,13,4226.68,2011-12-10 12:50:00
17674,Recent developing,74,2,851.7,2011-12-10 12:50:00
17675,Champions,1,70,37702.32,2011-12-10 12:50:00
17676,Champions,4,10,2726.93,2011-12-10 12:50:00
17677,Champions,2,54,36038.51,2011-12-10 12:50:00
17678,Lapsed low-value,264,2,579.81,2011-12-10 12:50:00
17679,At-risk established,53,7,3166.56,2011-12-10 12:50:00
17680,Recent developing,24,3,462.5,2011-12-10 12:50:00
17681,At-risk established,597,5,731.2,2011-12-10 12:50:00
17682,Champions,10,11,4441.78,2011-12-10 12:50:00
17683,At-risk established,386,3,819.01,2011-12-10 12:50:00
17684,Recent developing,44,1,239.41,2011-12-10 12:50:00
17685,Champions,17,12,5928.17,2011-12-10 12:50:00
17686,Champions,7,9,8296.81,2011-12-10 12:50:00
17687,Lapsed low-value,421,1,432.68,2011-12-10 12:50:00
17688,Lapsed low-value,394,1,286.5,2011-12-10 12:50:00
17689,Lapsed low-value,388,2,317.08,2011-12-10 12:50:00
17690,Champions,30,20,7438.6,2011-12-10 12:50:00
17691,At-risk established,358,4,769.85,2011-12-10 12:50:00
17692,At-risk established,127,12,2947.04,2011-12-10 12:50:00
17693,Lapsed low-value,137,1,187.01999999999998,2011-12-10 12:50:00
17694,At-risk established,142,3,1695.97,2011-12-10 12:50:00
17695,At-risk established,132,5,1716.34,2011-12-10 12:50:00
17696,Champions,38,27,7399.89,2011-12-10 12:50:00
17697,Lapsed low-value,236,1,338.95,2011-12-10 12:50:00
17698,Lapsed low-value,261,1,154.95,2011-12-10 12:50:00
17699,Lapsed low-value,477,2,442.0,2011-12-10 12:50:00
17700,Champions,17,14,6630.87,2011-12-10 12:50:00
17701,Lapsed low-value,253,1,417.95,2011-12-10 12:50:00
17702,Champions,30,6,2930.94,2011-12-10 12:50:00
17703,Recent developing,35,4,1094.84,2011-12-10 12:50:00
17704,At-risk established,169,2,885.19,2011-12-10 12:50:00
17705,Champions,3,11,2041.5,2011-12-10 12:50:00
17706,Champions,4,31,20053.55,2011-12-10 12:50:00
17707,At-risk established,185,8,609.3000000000001,2011-12-10 12:50:00
17708,At-risk established,188,4,887.9300000000001,2011-12-10 12:50:00
17709,At-risk established,170,5,671.01,2011-12-10 12:50:00
17710,Lapsed low-value,424,1,293.5,2011-12-10 12:50:00
17711,Recent developing,11,2,385.1,2011-12-10 12:50:00
17712,Recent developing,45,1,522.91,2011-12-10 12:50:00
17713,At-risk established,382,4,1198.09,2011-12-10 12:50:00
17714,At-risk established,321,5,1375.78,2011-12-10 12:50:00
17715,Lapsed low-value,201,2,489.59999999999997,2011-12-10 12:50:00
17716,Champions,23,24,15711.52,2011-12-10 12:50:00
17717,Lapsed low-value,421,1,376.92,2011-12-10 12:50:00
17718,Lapsed low-value,232,2,386.98,2011-12-10 12:50:00
17719,Champions,38,15,5367.8,2011-12-10 12:50:00
17720,Champions,26,10,2715.06,2011-12-10 12:50:00
17721,Lapsed low-value,659,1,307.21000000000004,2011-12-10 12:50:00
17722,At-risk established,96,5,4386.77,2011-12-10 12:50:00
17723,At-risk established,127,7,3378.4000000000005,2011-12-10 12:50:00
17724,At-risk established,71,3,995.6500000000001,2011-12-10 12:50:00
17725,Champions,16,11,3371.13,2011-12-10 12:50:00
17726,At-risk established,395,7,1089.56,2011-12-10 12:50:00
17727,Recent developing,15,1,1042.55,2011-12-10 12:50:00
17728,Champions,4,5,4206.16,2011-12-10 12:50:00
17729,Lapsed low-value,596,1,438.65000000000003,2011-12-10 12:50:00
17730,Champions,3,20,7764.150000000001,2011-12-10 12:50:00
17731,At-risk established,79,6,1347.08,2011-12-10 12:50:00
17732,At-risk established,373,8,2448.14,2011-12-10 12:50:00
17733,Recent developing,39,2,692.19,2011-12-10 12:50:00
17734,At-risk established,54,6,1442.32,2011-12-10 12:50:00
17735,Champions,2,26,17166.18,2011-12-10 12:50:00
17736,Recent developing,9,2,337.49,2011-12-10 12:50:00
17737,Recent developing,9,2,168.24,2011-12-10 12:50:00
17738,Champions,19,13,4145.36,2011-12-10 12:50:00
17739,Champions,12,18,7717.1900000000005,2011-12-10 12:50:00
17740,At-risk established,389,6,426.9,2011-12-10 12:50:00
17741,Lapsed low-value,407,2,101.1,2011-12-10 12:50:00
17742,At-risk established,113,11,2098.48,2011-12-10 12:50:00
17743,Lapsed low-value,448,1,208.85000000000002,2011-12-10 12:50:00
17744,Champions,4,7,2649.14,2011-12-10 12:50:00
17745,Lapsed low-value,478,2,600.34,2011-12-10 12:50:00
17746,At-risk established,240,4,873.4300000000001,2011-12-10 12:50:00
17747,Lapsed low-value,113,1,65.45,2011-12-10 12:50:00
17748,Lapsed low-value,527,1,358.15,2011-12-10 12:50:00
17749,At-risk established,178,3,1026.18,2011-12-10 12:50:00
17750,Champions,5,9,1781.28,2011-12-10 12:50:00
17751,Lapsed low-value,421,1,157.85999999999999,2011-12-10 12:50:00
17752,Lapsed low-value,359,1,80.64,2011-12-10 12:50:00
17753,Lapsed low-value,464,4,389.31,2011-12-10 12:50:00
17754,Champions,1,13,4500.08,2011-12-10 12:50:00
17756,At-risk established,376,3,733.7,2011-12-10 12:50:00
17757,Champions,1,56,9338.89,2011-12-10 12:50:00
17758,Champions,19,12,5012.53,2011-12-10 12:50:00
17759,Recent developing,17,5,1275.66,2011-12-10 12:50:00
17760,Recent developing,22,6,911.68,2011-12-10 12:50:00
17761,Recent developing,33,1,712.78,2011-12-10 12:50:00
17762,Lapsed low-value,456,1,129.75,2011-12-10 12:50:00
17764,At-risk established,51,5,1623.64,2011-12-10 12:50:00
17765,At-risk established,159,4,530.8,2011-12-10 12:50:00
17766,Lapsed low-value,381,2,299.61,2011-12-10 12:50:00
17767,Recent developing,15,2,413.05,2011-12-10 12:50:00
17768,Champions,8,7,3504.56,2011-12-10 12:50:00
17769,Champions,13,17,7004.02,2011-12-10 12:50:00
17770,At-risk established,199,5,1143.27,2011-12-10 12:50:00
17771,Recent developing,57,4,386.93,2011-12-10 12:50:00
17772,Recent developing,11,3,384.77,2011-12-10 12:50:00
17773,Lapsed low-value,514,2,585.27,2011-12-10 12:50:00
17774,At-risk established,97,9,3313.61,2011-12-10 12:50:00
17775,Lapsed low-value,255,1,56.4,2011-12-10 12:50:00
17776,Lapsed low-value,387,2,330.55,2011-12-10 12:50:00
17777,Recent developing,25,3,665.86,2011-12-10 12:50:00
17778,Lapsed low-value,662,1,197.70000000000002,2011-12-10 12:50:00
17779,Recent developing,21,3,642.17,2011-12-10 12:50:00
17780,Lapsed low-value,667,3,352.91,2011-12-10 12:50:00
17781,Lapsed low-value,159,2,188.02,2011-12-10 12:50:00
17782,Lapsed low-value,383,2,679.02,2011-12-10 12:50:00
17783,Recent developing,72,3,379.91,2011-12-10 12:50:00
17784,Lapsed low-value,550,1,112.86,2011-12-10 12:50:00
17785,Recent developing,53,3,403.38,2011-12-10 12:50:00
17786,Lapsed low-value,85,2,278.74,2011-12-10 12:50:00
17787,At-risk established,153,4,2601.4700000000003,2011-12-10 12:50:00
17788,Recent developing,74,2,1112.95,2011-12-10 12:50:00
17789,Lapsed low-value,281,2,397.15,2011-12-10 12:50:00
17790,Champions,27,20,2783.61,2011-12-10 12:50:00
17791,Recent developing,30,1,106.1,2011-12-10 12:50:00
17792,Lapsed low-value,467,2,370.05,2011-12-10 12:50:00
17793,Recent developing,25,1,323.04,2011-12-10 12:50:00
17794,Lapsed low-value,687,2,147.3,2011-12-10 12:50:00
17795,Lapsed low-value,180,2,350.39,2011-12-10 12:50:00
17796,At-risk established,40,7,1361.99,2011-12-10 12:50:00
17797,Champions,22,8,1985.87,2011-12-10 12:50:00
17798,Lapsed low-value,582,1,177.19,2011-12-10 12:50:00
17799,Champions,22,20,6216.74,2011-12-10 12:50:00
17800,At-risk established,37,9,1198.01,2011-12-10 12:50:00
17801,At-risk established,451,3,798.3299999999999,2011-12-10 12:50:00
17802,Champions,82,10,4941.87,2011-12-10 12:50:00
17803,Lapsed low-value,392,1,184.66,2011-12-10 12:50:00
17804,Lapsed low-value,376,3,385.23,2011-12-10 12:50:00
17805,Recent developing,74,2,927.03,2011-12-10 12:50:00
17806,Recent developing,11,1,546.04,2011-12-10 12:50:00
17807,Lapsed low-value,395,3,437.87,2011-12-10 12:50:00
17808,Lapsed low-value,549,4,262.64,2011-12-10 12:50:00
17809,Champions,16,20,11272.69,2011-12-10 12:50:00
17810,Lapsed low-value,669,2,344.86,2011-12-10 12:50:00
17811,Champions,4,47,9441.2,2011-12-10 12:50:00
17812,Recent developing,13,7,1165.8899999999999,2011-12-10 12:50:00
17813,Recent developing,14,5,1714.6,2011-12-10 12:50:00
17814,At-risk established,375,2,1617.32,2011-12-10 12:50:00
17815,Lapsed low-value,393,1,591.96,2011-12-10 12:50:00
17817,Recent developing,4,6,801.15,2011-12-10 12:50:00
17818,Lapsed low-value,738,1,130.18,2011-12-10 12:50:00
17819,Champions,72,12,6561.5199999999995,2011-12-10 12:50:00
17820,Lapsed low-value,374,1,183.56,2011-12-10 12:50:00
17821,Lapsed low-value,406,1,334.62,2011-12-10 12:50:00
17822,At-risk established,420,5,2179.65,2011-12-10 12:50:00
17823,Lapsed low-value,421,2,494.25,2011-12-10 12:50:00
17824,Recent developing,51,1,298.4,2011-12-10 12:50:00
17825,At-risk established,599,4,731.96,2011-12-10 12:50:00
17826,Lapsed low-value,374,1,134.59,2011-12-10 12:50:00
17827,Champions,5,6,2381.3,2011-12-10 12:50:00
17828,Recent developing,23,4,1084.92,2011-12-10 12:50:00
17829,At-risk established,299,5,4680.42,2011-12-10 12:50:00
17830,Recent developing,2,3,398.7,2011-12-10 12:50:00
17831,Lapsed low-value,33,1,35.400000000000006,2011-12-10 12:50:00
17832,Lapsed low-value,50,1,155.37,2011-12-10 12:50:00
17833,Lapsed low-value,723,1,342.36,2011-12-10 12:50:00
17834,Lapsed low-value,415,2,730.47,2011-12-10 12:50:00
17835,Recent developing,3,3,350.64,2011-12-10 12:50:00
17836,Lapsed low-value,47,1,109.83,2011-12-10 12:50:00
17837,At-risk established,42,8,1554.63,2011-12-10 12:50:00
17838,Champions,27,13,6244.35,2011-12-10 12:50:00
17839,Recent developing,42,1,338.8,2011-12-10 12:50:00
17840,Lapsed low-value,444,1,185.72,2011-12-10 12:50:00
17842,Lapsed low-value,602,1,430.69,2011-12-10 12:50:00
17843,Lapsed low-value,303,2,318.48,2011-12-10 12:50:00
17844,Lapsed low-value,107,1,51.559999999999995,2011-12-10 12:50:00
17845,At-risk established,555,4,598.19,2011-12-10 12:50:00
17847,Lapsed low-value,516,2,125.74000000000001,2011-12-10 12:50:00
17848,Champions,81,30,3619.75,2011-12-10 12:50:00
17849,At-risk established,218,8,1063.76,2011-12-10 12:50:00
17851,At-risk established,422,6,1563.34,2011-12-10 12:50:00
17852,Recent developing,12,5,663.21,2011-12-10 12:50:00
17853,At-risk established,407,3,1608.19,2011-12-10 12:50:00
17854,At-risk established,185,6,1071.45,2011-12-10 12:50:00
17855,Lapsed low-value,373,1,417.94,2011-12-10 12:50:00
17856,Recent developing,2,4,1393.79,2011-12-10 12:50:00
17857,Champions,4,23,26989.04,2011-12-10 12:50:00
17858,Champions,6,30,12737.65,2011-12-10 12:50:00
17859,Lapsed low-value,305,1,148.21,2011-12-10 12:50:00
17860,At-risk established,369,4,1015.54,2011-12-10 12:50:00
17861,Champions,3,18,5072.09,2011-12-10 12:50:00
17862,At-risk established,324,4,1279.09,2011-12-10 12:50:00
17863,Champions,59,12,5745.2,2011-12-10 12:50:00
17864,Recent developing,13,5,924.32,2011-12-10 12:50:00
17865,Champions,31,46,25622.77,2011-12-10 12:50:00
17866,At-risk established,143,3,1122.2,2011-12-10 12:50:00
17867,Champions,30,14,926.35,2011-12-10 12:50:00
17868,Lapsed low-value,386,1,234.65,2011-12-10 12:50:00
17869,At-risk established,107,7,1036.16,2011-12-10 12:50:00
17870,Champions,2,13,3103.2,2011-12-10 12:50:00
17871,At-risk established,205,5,1118.99,2011-12-10 12:50:00
17872,Lapsed low-value,382,1,235.87,2011-12-10 12:50:00
17873,Champions,80,17,6094.18,2011-12-10 12:50:00
17874,At-risk established,185,6,658.26,2011-12-10 12:50:00
17875,Lapsed low-value,688,1,167.1,2011-12-10 12:50:00
17876,At-risk established,400,3,3424.02,2011-12-10 12:50:00
17877,Lapsed low-value,170,1,237.61,2011-12-10 12:50:00
17878,Recent developing,44,3,1412.33,2011-12-10 12:50:00
17879,Lapsed low-value,174,1,178.51999999999998,2011-12-10 12:50:00
17880,At-risk established,365,3,824.9200000000001,2011-12-10 12:50:00
17881,Lapsed low-value,304,1,133.35000000000002,2011-12-10 12:50:00
17882,Lapsed low-value,379,2,313.46,2011-12-10 12:50:00
17883,Recent developing,3,7,979.95,2011-12-10 12:50:00
17884,Champions,4,20,3048.64,2011-12-10 12:50:00
17885,Recent developing,12,1,190.19,2011-12-10 12:50:00
17886,At-risk established,32,6,1608.38,2011-12-10 12:50:00
17887,Lapsed low-value,129,1,111.35,2011-12-10 12:50:00
17889,At-risk established,212,7,774.87,2011-12-10 12:50:00
17890,Lapsed low-value,323,2,602.09,2011-12-10 12:50:00
17891,Lapsed low-value,162,1,203.85999999999999,2011-12-10 12:50:00
17892,Recent developing,56,3,244.1,2011-12-10 12:50:00
17893,Lapsed low-value,225,1,112.25,2011-12-10 12:50:00
17894,Champions,72,18,2407.2400000000002,2011-12-10 12:50:00
17895,Lapsed low-value,44,1,98.0,2011-12-10 12:50:00
17896,Recent developing,23,1,256.32,2011-12-10 12:50:00
17897,At-risk established,173,9,2487.15,2011-12-10 12:50:00
17898,Recent developing,85,4,299.18,2011-12-10 12:50:00
17899,Lapsed low-value,159,1,155.8,2011-12-10 12:50:00
17900,Lapsed low-value,190,1,15.0,2011-12-10 12:50:00
17901,Recent developing,29,3,260.08,2011-12-10 12:50:00
17902,Lapsed low-value,547,1,216.39999999999998,2011-12-10 12:50:00
17903,Lapsed low-value,394,1,381.09000000000003,2011-12-10 12:50:00
17904,Recent developing,21,1,178.92,2011-12-10 12:50:00
17905,Champions,71,13,2363.72,2011-12-10 12:50:00
17906,Lapsed low-value,247,1,72.9,2011-12-10 12:50:00
17907,Lapsed low-value,641,1,291.76,2011-12-10 12:50:00
17908,At-risk established,374,5,1357.89,2011-12-10 12:50:00
17909,Lapsed low-value,737,1,132.55,2011-12-10 12:50:00
17910,Lapsed low-value,726,1,261.7,2011-12-10 12:50:00
17911,Recent developing,9,1,366.23,2011-12-10 12:50:00
17912,At-risk established,310,6,357.15,2011-12-10 12:50:00
17913,Champions,59,14,3475.44,2011-12-10 12:50:00
17914,Recent developing,4,1,336.43,2011-12-10 12:50:00
17915,Lapsed low-value,551,1,242.13,2011-12-10 12:50:00
17916,Lapsed low-value,629,2,43.87,2011-12-10 12:50:00
17917,Recent developing,45,3,341.28,2011-12-10 12:50:00
17918,Lapsed low-value,501,3,388.44,2011-12-10 12:50:00
17919,At-risk established,88,2,1840.32,2011-12-10 12:50:00
17920,Champions,4,54,24486.11,2011-12-10 12:50:00
17921,Champions,64,10,2383.35,2011-12-10 12:50:00
17922,Lapsed low-value,543,1,170.4,2011-12-10 12:50:00
17923,Lapsed low-value,282,3,497.0,2011-12-10 12:50:00
17924,Champions,12,8,3448.7400000000002,2011-12-10 12:50:00
17925,Lapsed low-value,373,1,488.16,2011-12-10 12:50:00
17926,At-risk established,133,5,1035.49,2011-12-10 12:50:00
17927,Lapsed low-value,722,1,294.0,2011-12-10 12:50:00
17928,Recent developing,45,3,313.16,2011-12-10 12:50:00
17929,Champions,11,12,3073.6,2011-12-10 12:50:00
17930,Champions,36,13,4239.37,2011-12-10 12:50:00
17931,Champions,134,14,3306.84,2011-12-10 12:50:00
17932,Recent developing,29,3,1331.57,2011-12-10 12:50:00
17933,Lapsed low-value,632,1,105.99,2011-12-10 12:50:00
17934,Recent developing,52,3,1049.15,2011-12-10 12:50:00
17935,At-risk established,138,7,652.64,2011-12-10 12:50:00
17936,Recent developing,5,1,389.84,2011-12-10 12:50:00
17937,Champions,9,7,4301.22,2011-12-10 12:50:00
17938,Lapsed low-value,420,1,144.29,2011-12-10 12:50:00
17939,Lapsed low-value,160,1,99.14,2011-12-10 12:50:00
17940,Champions,49,14,28475.98,2011-12-10 12:50:00
17941,At-risk established,131,4,1433.28,2011-12-10 12:50:00
17942,Recent developing,8,1,77.50000000000001,2011-12-10 12:50:00
17944,Lapsed low-value,423,1,75.41,2011-12-10 12:50:00
17945,Lapsed low-value,697,3,359.5,2011-12-10 12:50:00
17946,Lapsed low-value,233,2,149.57999999999998,2011-12-10 12:50:00
17947,Recent developing,37,1,176.68,2011-12-10 12:50:00
17948,Lapsed low-value,147,1,358.56000000000006,2011-12-10 12:50:00
17950,At-risk established,72,7,1412.65,2011-12-10 12:50:00
17951,Recent developing,40,4,1618.38,2011-12-10 12:50:00
17952,At-risk established,378,4,819.61,2011-12-10 12:50:00
17953,Lapsed low-value,540,1,150.32,2011-12-10 12:50:00
17954,Champions,5,19,3841.55,2011-12-10 12:50:00
17955,At-risk established,199,6,949.9,2011-12-10 12:50:00
17956,Lapsed low-value,249,1,12.75,2011-12-10 12:50:00
17957,Lapsed low-value,66,1,110.72,2011-12-10 12:50:00
17958,At-risk established,117,2,973.88,2011-12-10 12:50:00
17959,Lapsed low-value,592,1,140.75,2011-12-10 12:50:00
17960,Lapsed low-value,171,3,135.08,2011-12-10 12:50:00
17962,At-risk established,142,4,671.97,2011-12-10 12:50:00
17963,At-risk established,471,4,651.51,2011-12-10 12:50:00
17964,Recent developing,32,2,733.46,2011-12-10 12:50:00
17965,Champions,38,29,7122.7300000000005,2011-12-10 12:50:00
17966,Champions,38,10,1974.42,2011-12-10 12:50:00
17967,Lapsed low-value,372,2,357.28999999999996,2011-12-10 12:50:00
17968,At-risk established,374,4,888.04,2011-12-10 12:50:00
17969,Champions,166,20,2257.54,2011-12-10 12:50:00
17970,Lapsed low-value,211,1,582.59,2011-12-10 12:50:00
17971,Lapsed low-value,548,1,161.94,2011-12-10 12:50:00
17972,Lapsed low-value,242,1,136.04,2011-12-10 12:50:00
17973,Recent developing,52,1,337.04,2011-12-10 12:50:00
17974,Recent developing,25,6,1858.06,2011-12-10 12:50:00
17975,Champions,15,24,6925.38,2011-12-10 12:50:00
17976,Lapsed low-value,372,1,706.38,2011-12-10 12:50:00
17977,Recent developing,29,2,1507.73,2011-12-10 12:50:00
17978,At-risk established,365,4,1461.76,2011-12-10 12:50:00
17979,Recent developing,36,4,734.41,2011-12-10 12:50:00
17980,At-risk established,166,4,1033.42,2011-12-10 12:50:00
17981,Lapsed low-value,411,1,239.12,2011-12-10 12:50:00
17982,Lapsed low-value,681,1,138.18,2011-12-10 12:50:00
17983,Lapsed low-value,395,1,171.71,2011-12-10 12:50:00
17984,At-risk established,145,5,1187.77,2011-12-10 12:50:00
17985,Recent developing,22,1,634.95,2011-12-10 12:50:00
17987,At-risk established,185,5,928.12,2011-12-10 12:50:00
17989,Lapsed low-value,379,1,228.82999999999998,2011-12-10 12:50:00
17990,At-risk established,237,6,1522.5700000000002,2011-12-10 12:50:00
17991,Lapsed low-value,225,3,318.9,2011-12-10 12:50:00
17992,Lapsed low-value,389,1,254.13,2011-12-10 12:50:00
17993,Lapsed low-value,617,1,235.19,2011-12-10 12:50:00
17994,At-risk established,122,11,2256.87,2011-12-10 12:50:00
17995,Lapsed low-value,282,3,495.48,2011-12-10 12:50:00
17996,Lapsed low-value,380,3,469.73,2011-12-10 12:50:00
17997,At-risk established,74,8,1545.8799999999999,2011-12-10 12:50:00
17998,At-risk established,380,3,601.74,2011-12-10 12:50:00
17999,Recent developing,37,3,730.9,2011-12-10 12:50:00
18000,Lapsed low-value,564,1,124.25,2011-12-10 12:50:00
18001,Recent developing,12,6,953.84,2011-12-10 12:50:00
18002,Lapsed low-value,376,4,243.17,2011-12-10 12:50:00
18003,Lapsed low-value,376,1,358.61,2011-12-10 12:50:00
18004,Lapsed low-value,362,1,169.47,2011-12-10 12:50:00
18005,Recent developing,4,2,249.72,2011-12-10 12:50:00
18006,Recent developing,23,4,997.86,2011-12-10 12:50:00
18007,Lapsed low-value,393,1,220.32,2011-12-10 12:50:00
18008,Champions,70,23,19787.13,2011-12-10 12:50:00
18009,At-risk established,235,8,2085.58,2011-12-10 12:50:00
18010,Lapsed low-value,257,1,174.8,2011-12-10 12:50:00
18011,Lapsed low-value,373,2,527.03,2011-12-10 12:50:00
18012,Lapsed low-value,723,1,115.3,2011-12-10 12:50:00
18013,Lapsed low-value,155,2,187.29,2011-12-10 12:50:00
18014,Recent developing,28,1,158.47,2011-12-10 12:50:00
18015,Recent developing,4,1,120.03,2011-12-10 12:50:00
18016,Champions,32,7,1960.46,2011-12-10 12:50:00
18017,At-risk established,81,4,688.0,2011-12-10 12:50:00
18018,Lapsed low-value,108,3,156.69,2011-12-10 12:50:00
18019,Lapsed low-value,52,1,38.45,2011-12-10 12:50:00
18020,Lapsed low-value,544,1,129.28,2011-12-10 12:50:00
18021,Lapsed low-value,510,2,227.06,2011-12-10 12:50:00
18022,At-risk established,36,5,1651.16,2011-12-10 12:50:00
18024,Lapsed low-value,153,2,236.77999999999997,2011-12-10 12:50:00
18025,At-risk established,380,6,1177.72,2011-12-10 12:50:00
18026,At-risk established,501,2,2074.07,2011-12-10 12:50:00
18027,Lapsed low-value,99,1,115.31,2011-12-10 12:50:00
18028,Lapsed low-value,583,1,192.05,2011-12-10 12:50:00
18029,Lapsed low-value,642,1,433.77,2011-12-10 12:50:00
18030,Recent developing,4,2,220.7,2011-12-10 12:50:00
18031,Lapsed low-value,379,1,462.09999999999997,2011-12-10 12:50:00
18032,Lapsed low-value,334,1,73.5,2011-12-10 12:50:00
18033,Lapsed low-value,65,1,97.97,2011-12-10 12:50:00
18034,Recent developing,22,3,792.85,2011-12-10 12:50:00
18035,Recent developing,36,5,1276.74,2011-12-10 12:50:00
18036,Champions,32,11,1563.6399999999999,2011-12-10 12:50:00
18038,Lapsed low-value,556,1,149.41,2011-12-10 12:50:00
18039,At-risk established,374,4,579.17,2011-12-10 12:50:00
18040,Recent developing,19,2,357.20000000000005,2011-12-10 12:50:00
18041,Champions,12,38,8730.13,2011-12-10 12:50:00
18042,Recent developing,54,2,281.15,2011-12-10 12:50:00
18043,Recent developing,25,3,875.97,2011-12-10 12:50:00
18044,Champions,4,18,3502.66,2011-12-10 12:50:00
18045,Recent developing,45,1,189.4,2011-12-10 12:50:00
18046,Lapsed low-value,650,1,189.63,2011-12-10 12:50:00
18047,Lapsed low-value,381,2,342.69,2011-12-10 12:50:00
18048,Lapsed low-value,203,3,401.73,2011-12-10 12:50:00
18049,Lapsed low-value,437,2,556.1,2011-12-10 12:50:00
18050,Lapsed low-value,359,2,412.06,2011-12-10 12:50:00
18051,At-risk established,634,7,2276.7400000000002,2011-12-10 12:50:00
18053,Recent developing,71,3,553.27,2011-12-10 12:50:00
18054,Lapsed low-value,393,1,176.5,2011-12-10 12:50:00
18055,Champions,7,14,11163.52,2011-12-10 12:50:00
18056,Lapsed low-value,288,2,539.75,2011-12-10 12:50:00
18057,At-risk established,393,3,1182.39,2011-12-10 12:50:00
18058,Recent developing,10,3,774.06,2011-12-10 12:50:00
18059,Recent developing,23,3,296.71,2011-12-10 12:50:00
18060,At-risk established,408,2,1185.46,2011-12-10 12:50:00
18061,Champions,22,28,6480.47,2011-12-10 12:50:00
18062,At-risk established,173,6,1523.3700000000001,2011-12-10 12:50:00
18063,Lapsed low-value,391,2,186.60000000000002,2011-12-10 12:50:00
18064,At-risk established,133,11,4441.18,2011-12-10 12:50:00
18065,Champions,6,28,5816.88,2011-12-10 12:50:00
18066,At-risk established,75,3,1440.4,2011-12-10 12:50:00
18067,Recent developing,40,1,396.33,2011-12-10 12:50:00
18068,Lapsed low-value,289,1,101.69999999999999,2011-12-10 12:50:00
18069,Champions,26,11,4509.81,2011-12-10 12:50:00
18070,Lapsed low-value,669,1,314.1,2011-12-10 12:50:00
18071,At-risk established,258,6,1428.63,2011-12-10 12:50:00
18072,Lapsed low-value,186,1,20.04,2011-12-10 12:50:00
18073,Champions,114,12,3862.92,2011-12-10 12:50:00
18074,At-risk established,374,2,1509.04,2011-12-10 12:50:00
18075,Champions,23,20,5584.62,2011-12-10 12:50:00
18076,Lapsed low-value,380,1,151.49,2011-12-10 12:50:00
18077,Champions,8,18,4338.56,2011-12-10 12:50:00
18078,At-risk established,217,4,844.6,2011-12-10 12:50:00
18079,At-risk established,45,5,4242.75,2011-12-10 12:50:00
18080,Recent developing,19,2,1231.5,2011-12-10 12:50:00
18081,Recent developing,36,3,343.45,2011-12-10 12:50:00
18082,Recent developing,26,1,703.37,2011-12-10 12:50:00
18083,Lapsed low-value,398,1,470.72999999999996,2011-12-10 12:50:00
18084,Recent developing,16,2,196.68,2011-12-10 12:50:00
18085,At-risk established,330,4,1645.75,2011-12-10 12:50:00
18086,Lapsed low-value,274,1,101.34,2011-12-10 12:50:00
18087,Champions,291,15,13569.86,2011-12-10 12:50:00
18088,Lapsed low-value,61,1,167.67000000000002,2011-12-10 12:50:00
18089,Lapsed low-value,447,1,428.45,2011-12-10 12:50:00
18090,Lapsed low-value,422,1,349.4,2011-12-10 12:50:00
18091,Lapsed low-value,593,1,360.85,2011-12-10 12:50:00
18092,Champions,2,18,16173.550000000001,2011-12-10 12:50:00
18093,At-risk established,93,8,4429.61,2011-12-10 12:50:00
18094,Champions,82,13,6370.09,2011-12-10 12:50:00
18095,At-risk established,313,5,2303.09,2011-12-10 12:50:00
18096,Recent developing,12,6,1785.57,2011-12-10 12:50:00
18097,Champions,8,11,4651.27,2011-12-10 12:50:00
18098,Lapsed low-value,396,1,550.84,2011-12-10 12:50:00
18099,Lapsed low-value,127,1,168.31,2011-12-10 12:50:00
18100,Lapsed low-value,550,1,451.56,2011-12-10 12:50:00
18101,Recent developing,11,5,629.16,2011-12-10 12:50:00
18103,Lapsed low-value,549,1,105.8,2011-12-10 12:50:00
18104,Recent developing,37,1,754.64,2011-12-10 12:50:00
18105,Lapsed low-value,38,1,113.48000000000002,2011-12-10 12:50:00
18106,At-risk established,330,6,1461.46,2011-12-10 12:50:00
18107,Lapsed low-value,442,1,167.13,2011-12-10 12:50:00
18108,At-risk established,254,3,842.46,2011-12-10 12:50:00
18109,Champions,2,38,9754.66,2011-12-10 12:50:00
18110,Recent developing,20,2,405.18,2011-12-10 12:50:00
18111,Lapsed low-value,589,1,398.9,2011-12-10 12:50:00
18112,Recent developing,12,4,775.96,2011-12-10 12:50:00
18113,Lapsed low-value,369,1,152.64000000000001,2011-12-10 12:50:00
18114,Lapsed low-value,290,1,220.1,2011-12-10 12:50:00
18115,Lapsed low-value,698,1,9.700000000000001,2011-12-10 12:50:00
18116,Champions,68,13,2150.7,2011-12-10 12:50:00
18117,Recent developing,26,1,319.47,2011-12-10 12:50:00
18118,Champions,11,29,6667.67,2011-12-10 12:50:00
18119,Lapsed low-value,368,1,362.24,2011-12-10 12:50:00
18120,Lapsed low-value,214,1,111.15,2011-12-10 12:50:00
18121,Lapsed low-value,149,2,673.1,2011-12-10 12:50:00
18122,Champions,8,6,1824.99,2011-12-10 12:50:00
18123,Recent developing,24,3,684.59,2011-12-10 12:50:00
18124,Lapsed low-value,472,1,111.53,2011-12-10 12:50:00
18125,Recent developing,30,4,1141.34,2011-12-10 12:50:00
18126,Lapsed low-value,61,1,204.49,2011-12-10 12:50:00
18127,Recent developing,19,4,561.53,2011-12-10 12:50:00
18128,Lapsed low-value,537,1,420.04,2011-12-10 12:50:00
18129,Lapsed low-value,243,1,112.55000000000001,2011-12-10 12:50:00
18130,Recent developing,15,3,1045.74,2011-12-10 12:50:00
18131,Lapsed low-value,632,1,222.95999999999998,2011-12-10 12:50:00
18132,Lapsed low-value,504,1,226.9,2011-12-10 12:50:00
18133,Lapsed low-value,212,1,931.4999999999999,2011-12-10 12:50:00
18134,Lapsed low-value,598,2,445.0,2011-12-10 12:50:00
18135,Champions,29,10,1236.8700000000001,2011-12-10 12:50:00
18136,At-risk established,63,5,1531.71,2011-12-10 12:50:00
18137,Lapsed low-value,551,2,145.99,2011-12-10 12:50:00
18138,Lapsed low-value,295,1,152.65,2011-12-10 12:50:00
18139,Champions,18,6,8438.34,2011-12-10 12:50:00
18140,Lapsed low-value,474,1,536.41,2011-12-10 12:50:00
18141,Lapsed low-value,402,2,838.57,2011-12-10 12:50:00
18142,At-risk established,157,2,1014.9000000000001,2011-12-10 12:50:00
18143,At-risk established,117,2,1000.16,2011-12-10 12:50:00
18144,Champions,8,19,5058.0,2011-12-10 12:50:00
18145,Champions,13,11,5600.09,2011-12-10 12:50:00
18146,Lapsed low-value,141,2,160.35000000000002,2011-12-10 12:50:00
18147,Recent developing,46,2,179.33999999999997,2011-12-10 12:50:00
18148,Lapsed low-value,647,1,114.10000000000001,2011-12-10 12:50:00
18149,At-risk established,51,7,1624.71,2011-12-10 12:50:00
18150,Recent developing,32,3,566.58,2011-12-10 12:50:00
18151,At-risk established,135,6,1853.94,2011-12-10 12:50:00
18152,Lapsed low-value,646,1,426.69,2011-12-10 12:50:00
18153,Lapsed low-value,659,1,246.22,2011-12-10 12:50:00
18154,Recent developing,3,5,932.6,2011-12-10 12:50:00
18155,Recent developing,75,3,347.82,2011-12-10 12:50:00
18156,Recent developing,13,2,941.1700000000001,2011-12-10 12:50:00
18157,Lapsed low-value,571,1,215.35,2011-12-10 12:50:00
18158,Recent developing,9,2,451.75,2011-12-10 12:50:00
18159,Lapsed low-value,301,1,530.15,2011-12-10 12:50:00
18160,Recent developing,57,3,1003.88,2011-12-10 12:50:00
18161,Recent developing,15,6,1797.2,2011-12-10 12:50:00
18162,Lapsed low-value,732,1,379.16,2011-12-10 12:50:00
18163,Lapsed low-value,584,1,639.34,2011-12-10 12:50:00
18164,Recent developing,37,1,394.7,2011-12-10 12:50:00
18165,Lapsed low-value,177,1,302.46000000000004,2011-12-10 12:50:00
18166,Lapsed low-value,624,1,175.5,2011-12-10 12:50:00
18167,Recent developing,23,3,1285.01,2011-12-10 12:50:00
18168,Champions,176,16,3680.87,2011-12-10 12:50:00
18169,Lapsed low-value,61,1,202.65,2011-12-10 12:50:00
18170,Champions,33,9,2878.0,2011-12-10 12:50:00
18171,At-risk established,59,9,2414.51,2011-12-10 12:50:00
18172,Champions,15,52,17301.83,2011-12-10 12:50:00
18173,At-risk established,87,5,2696.36,2011-12-10 12:50:00
18174,Recent developing,7,2,162.5,2011-12-10 12:50:00
18175,Lapsed low-value,676,1,176.1,2011-12-10 12:50:00
18176,Lapsed low-value,358,1,448.65,2011-12-10 12:50:00
18177,Champions,31,9,2189.62,2011-12-10 12:50:00
18178,Champions,129,11,6054.49,2011-12-10 12:50:00
18179,Champions,9,8,2547.55,2011-12-10 12:50:00
18180,Champions,5,6,1843.75,2011-12-10 12:50:00
18181,Recent developing,24,5,1184.21,2011-12-10 12:50:00
18182,Lapsed low-value,463,1,291.13,2011-12-10 12:50:00
18183,Lapsed low-value,227,2,600.52,2011-12-10 12:50:00
18184,Recent developing,15,1,49.8,2011-12-10 12:50:00
18185,Lapsed low-value,249,1,304.25,2011-12-10 12:50:00
18186,Lapsed low-value,723,1,329.58,2011-12-10 12:50:00
18187,Lapsed low-value,632,1,682.19,2011-12-10 12:50:00
18188,Champions,15,6,3263.19,2011-12-10 12:50:00
18189,At-risk established,78,3,1396.58,2011-12-10 12:50:00
18190,At-risk established,192,5,735.6700000000001,2011-12-10 12:50:00
18191,Lapsed low-value,262,2,529.4,2011-12-10 12:50:00
18192,Recent developing,72,1,957.97,2011-12-10 12:50:00
18193,At-risk established,165,3,1155.7,2011-12-10 12:50:00
18194,At-risk established,82,6,4084.2000000000003,2011-12-10 12:50:00
18195,Lapsed low-value,387,1,101.16,2011-12-10 12:50:00
18196,At-risk established,95,4,1462.3899999999999,2011-12-10 12:50:00
18197,Lapsed low-value,576,1,221.4,2011-12-10 12:50:00
18198,Champions,4,17,5163.46,2011-12-10 12:50:00
18199,Lapsed low-value,684,1,342.2,2011-12-10 12:50:00
18200,Lapsed low-value,106,1,163.8,2011-12-10 12:50:00
18201,Lapsed low-value,723,1,447.53000000000003,2011-12-10 12:50:00
18202,At-risk established,200,3,1396.99,2011-12-10 12:50:00
18203,At-risk established,157,4,494.42,2011-12-10 12:50:00
18204,At-risk established,71,3,1979.3,2011-12-10 12:50:00
18205,Recent developing,36,2,517.36,2011-12-10 12:50:00
18206,Lapsed low-value,553,1,314.65999999999997,2011-12-10 12:50:00
18207,Lapsed low-value,499,1,515.32,2011-12-10 12:50:00
18208,Lapsed low-value,566,1,360.08,2011-12-10 12:50:00
18209,Recent developing,29,1,139.10000000000002,2011-12-10 12:50:00
18210,Champions,2,7,2768.83,2011-12-10 12:50:00
18211,Recent developing,26,5,600.07,2011-12-10 12:50:00
18212,Lapsed low-value,326,2,546.72,2011-12-10 12:50:00
18213,Lapsed low-value,237,1,232.48000000000002,2011-12-10 12:50:00
18214,At-risk established,531,4,1480.99,2011-12-10 12:50:00
18215,At-risk established,89,5,2238.9900000000002,2011-12-10 12:50:00
18216,Recent developing,31,1,481.75,2011-12-10 12:50:00
18217,Recent developing,29,4,905.46,2011-12-10 12:50:00
18218,At-risk established,211,4,1106.3,2011-12-10 12:50:00
18219,Champions,3,17,3507.39,2011-12-10 12:50:00
18220,At-risk established,227,6,1792.4,2011-12-10 12:50:00
18221,Recent developing,22,6,1370.34,2011-12-10 12:50:00
18222,Lapsed low-value,93,1,443.0,2011-12-10 12:50:00
18223,Champions,5,26,13546.58,2011-12-10 12:50:00
18224,Lapsed low-value,264,1,158.95000000000002,2011-12-10 12:50:00
18225,Champions,3,26,12798.56,2011-12-10 12:50:00
18226,Champions,44,26,11749.58,2011-12-10 12:50:00
18227,Lapsed low-value,218,1,93.75,2011-12-10 12:50:00
18228,Recent developing,57,2,769.2,2011-12-10 12:50:00
18229,Champions,12,28,10803.710000000001,2011-12-10 12:50:00
18230,Champions,9,9,4197.46,2011-12-10 12:50:00
18231,Champions,192,28,6842.27,2011-12-10 12:50:00
18232,At-risk established,82,4,582.47,2011-12-10 12:50:00
18233,Lapsed low-value,326,1,440.0,2011-12-10 12:50:00
18234,Lapsed low-value,552,1,179.6,2011-12-10 12:50:00
18235,At-risk established,72,3,1796.48,2011-12-10 12:50:00
18236,Champions,30,12,1795.3500000000001,2011-12-10 12:50:00
18237,Recent developing,3,5,987.1,2011-12-10 12:50:00
18238,Lapsed low-value,515,1,270.92,2011-12-10 12:50:00
18239,At-risk established,219,6,2150.36,2011-12-10 12:50:00
18240,Recent developing,46,1,422.58,2011-12-10 12:50:00
18241,Champions,10,21,2954.09,2011-12-10 12:50:00
18242,At-risk established,72,8,3605.21,2011-12-10 12:50:00
18243,Lapsed low-value,414,1,515.78,2011-12-10 12:50:00
18244,Lapsed low-value,431,2,568.64,2011-12-10 12:50:00
18245,Champions,7,20,6236.2300000000005,2011-12-10 12:50:00
18246,Recent developing,24,3,758.8199999999999,2011-12-10 12:50:00
18247,At-risk established,415,3,733.33,2011-12-10 12:50:00
18248,At-risk established,123,2,787.22,2011-12-10 12:50:00
18249,Recent developing,17,1,95.34,2011-12-10 12:50:00
18250,Lapsed low-value,310,1,342.92,2011-12-10 12:50:00
18252,At-risk established,51,7,1542.09,2011-12-10 12:50:00
18253,Lapsed low-value,643,1,317.88,2011-12-10 12:50:00
18254,Lapsed low-value,581,1,267.9,2011-12-10 12:50:00
18255,Lapsed low-value,89,2,303.15,2011-12-10 12:50:00
18256,Lapsed low-value,388,1,60.599999999999994,2011-12-10 12:50:00
18257,Champions,39,11,4490.45,2011-12-10 12:50:00
18258,At-risk established,464,6,2040.97,2011-12-10 12:50:00
18259,Champions,25,7,4318.200000000001,2011-12-10 12:50:00
18260,Champions,173,23,9744.97,2011-12-10 12:50:00
18261,Recent developing,43,2,324.24,2011-12-10 12:50:00
18262,At-risk established,140,3,577.54,2011-12-10 12:50:00
18263,Recent developing,26,3,1211.08,2011-12-10 12:50:00
18264,Lapsed low-value,499,1,603.25,2011-12-10 12:50:00
18265,Recent developing,72,2,801.51,2011-12-10 12:50:00
18266,Lapsed low-value,434,1,251.1,2011-12-10 12:50:00
18267,Lapsed low-value,673,1,255.82,2011-12-10 12:50:00
18268,At-risk established,134,6,1451.22,2011-12-10 12:50:00
18269,Lapsed low-value,366,1,307.5,2011-12-10 12:50:00
18270,Recent developing,38,3,406.3,2011-12-10 12:50:00
18271,Lapsed low-value,610,2,680.85,2011-12-10 12:50:00
18272,Champions,3,9,4346.53,2011-12-10 12:50:00
18273,Recent developing,2,4,357.0,2011-12-10 12:50:00
18275,Lapsed low-value,578,2,741.85,2011-12-10 12:50:00
18276,At-risk established,44,6,1620.67,2011-12-10 12:50:00
18277,At-risk established,58,5,1159.3500000000001,2011-12-10 12:50:00
18278,Recent developing,74,2,414.20000000000005,2011-12-10 12:50:00
18279,Lapsed low-value,519,1,231.33999999999997,2011-12-10 12:50:00
18280,Lapsed low-value,278,2,472.45,2011-12-10 12:50:00
18281,Lapsed low-value,181,2,201.14,2011-12-10 12:50:00
18282,Recent developing,8,2,176.6,2011-12-10 12:50:00
18283,Champions,4,22,2730.7,2011-12-10 12:50:00
18284,Lapsed low-value,432,1,411.68,2011-12-10 12:50:00
18285,Lapsed low-value,661,1,377.0,2011-12-10 12:50:00
18286,At-risk established,477,2,1165.43,2011-12-10 12:50:00
18287,Champions,43,7,4132.99,2011-12-10 12:50:00
