Customer ID,SnapshotDate,Segment,CustomerValue,SegmentFrequency,ChurnProbability,AboveModelThreshold,ProbabilityThreshold,CampaignPriorityBand,CampaignRecommendedAction,CustomerValueCap,ValueAtRiskScore,ProbabilityRank,ValueAtRiskRank,ValueProtectionPriorityBand,ValueProtectionRecommendedAction,ModelVersion
12347,2011-12-10,Champions,5633.32,8,0.2875284983310346,0,0.4,Standard monitoring,Normal low-cost engagement; no paid retention incentive,38851.33209999985,1619.7400402181838,2739,424,Priority 2 - Targeted,Personalized retention offer for a high-value account,churn-logistic-1.0.0
12348,2011-12-10,At-risk established,1658.4,5,0.689088881997862,1,0.4,Priority 3 - Nurture,Automated email nurture or product reminder,38851.33209999985,1142.7850019052544,1295,853,Priority 3 - Nurture,Low-cost relationship nurture for value protection,churn-logistic-1.0.0
12349,2011-12-10,Recent developing,3678.69,3,0.7817146670782306,1,0.4,Priority 3 - Nurture,Automated email nurture or product reminder,38851.33209999985,2875.685928634016,938,107,Priority 1 - Immediate,Account-manager outreach; prioritize the highest exposed customer value,churn-logistic-1.0.0
12352,2011-12-10,Champions,1609.21,9,0.4278290265538897,1,0.4,Standard monitoring,Normal low-cost engagement; no paid retention incentive,38851.33209999985,688.4667478207849,2321,1648,Priority 3 - Nurture,Low-cost relationship nurture for value protection,churn-logistic-1.0.0
12356,2011-12-10,Champions,5613.68,6,0.5811768431650215,1,0.4,Standard monitoring,Normal low-cost engagement; no paid retention incentive,38851.33209999985,3262.5408209386183,1780,69,Priority 1 - Immediate,Account-manager outreach; prioritize the highest exposed customer value,churn-logistic-1.0.0
12357,2011-12-10,Exceptional high-value,17437.66,2,0.4467177433850505,1,0.4,Standard monitoring,Normal low-cost engagement; no paid retention incentive,38851.33209999985,7789.71212511576,2262,6,Priority 1 - Immediate,Account-manager outreach; prioritize the highest exposed customer value,churn-logistic-1.0.0
12358,2011-12-10,Champions,3447.07,5,0.4865074581927207,1,0.4,Standard monitoring,Normal low-cost engagement; no paid retention incentive,38851.33209999985,1677.0252639123817,2141,391,Priority 2 - Targeted,Personalized retention offer for a high-value account,churn-logistic-1.0.0
12359,2011-12-10,Champions,8672.39,10,0.3394219982346714,0,0.4,Standard monitoring,Normal low-cost engagement; no paid retention incentive,38851.33209999985,2943.5999432703816,2594,99,Priority 1 - Immediate,Account-manager outreach; prioritize the highest exposed customer value,churn-logistic-1.0.0
12360,2011-12-10,At-risk established,3612.89,6,0.4319245077036364,1,0.4,Standard monitoring,Normal low-cost engagement; no paid retention incentive,38851.33209999985,1560.4957346373908,2304,464,Priority 2 - Targeted,Personalized retention offer for a high-value account,churn-logistic-1.0.0
12362,2011-12-10,Champions,4665.58,10,0.0630981233530032,0,0.4,Standard monitoring,Normal low-cost engagement; no paid retention incentive,38851.33209999985,294.3893423533047,3240,2747,Standard monitoring,Monitor customer value and churn risk; no paid intervention,churn-logistic-1.0.0
12363,2011-12-10,Lapsed low-value,552.0,2,0.7982521969924772,1,0.4,Priority 3 - Nurture,Automated email nurture or product reminder,38851.33209999985,440.6352127398474,785,2309,Standard monitoring,Monitor customer value and churn risk; no paid intervention,churn-logistic-1.0.0
12364,2011-12-10,Recent developing,1208.1,4,0.3719771505009292,0,0.4,Standard monitoring,Normal low-cost engagement; no paid retention incentive,38851.33209999985,449.38559552017256,2505,2287,Standard monitoring,Monitor customer value and churn risk; no paid intervention,churn-logistic-1.0.0
12367,2011-12-10,Recent developing,150.9,1,0.7937625255407874,1,0.4,Priority 3 - Nurture,Automated email nurture or product reminder,38851.33209999985,119.77876510410482,830,3249,Standard monitoring,Monitor customer value and churn risk; no paid intervention,churn-logistic-1.0.0
12370,2011-12-10,Champions,3960.31,7,0.5739783493949083,1,0.4,Standard monitoring,Normal low-cost engagement; no paid retention incentive,38851.33209999985,2273.1321968921493,1810,199,Priority 1 - Immediate,Account-manager outreach; prioritize the highest exposed customer value,churn-logistic-1.0.0
12371,2011-12-10,At-risk established,3347.38,4,0.7699235547899212,1,0.4,Priority 3 - Nurture,Automated email nurture or product reminder,38851.33209999985,2577.2267088326867,999,139,Priority 1 - Immediate,Account-manager outreach; prioritize the highest exposed customer value,churn-logistic-1.0.0
12372,2011-12-10,At-risk established,1196.04,3,0.7418914430891769,1,0.4,Priority 3 - Nurture,Automated email nurture or product reminder,38851.33209999985,887.3318415923791,1105,1231,Priority 3 - Nurture,Low-cost relationship nurture for value protection,churn-logistic-1.0.0
12374,2011-12-10,Recent developing,2669.22,3,0.8238540745332533,1,0.4,Priority 2 - Targeted,Targeted retention message for the next-ranked 10%,38851.33209999985,2199.04777282565,536,213,Priority 1 - Immediate,Account-manager outreach; prioritize the highest exposed customer value,churn-logistic-1.0.0
12375,2011-12-10,Recent developing,375.42,2,0.6386232233065461,1,0.4,Priority 3 - Nurture,Automated email nurture or product reminder,38851.33209999985,239.75193049374354,1505,2927,Standard monitoring,Monitor customer value and churn risk; no paid intervention,churn-logistic-1.0.0
12378,2011-12-10,At-risk established,5416.32,2,0.8408585225496578,1,0.4,Priority 2 - Targeted,Targeted retention message for the next-ranked 10%,38851.33209999985,4554.358832856162,395,31,Priority 1 - Immediate,Account-manager outreach; prioritize the highest exposed customer value,churn-logistic-1.0.0
12379,2011-12-10,At-risk established,1468.27,4,0.650821680699216,1,0.4,Priority 3 - Nurture,Automated email nurture or product reminder,38851.33209999985,955.5819491202378,1441,1108,Priority 3 - Nurture,Low-cost relationship nurture for value protection,churn-logistic-1.0.0
12380,2011-12-10,Champions,7171.0,8,0.3483957936294644,0,0.4,Standard monitoring,Normal low-cost engagement; no paid retention incentive,38851.33209999985,2498.346236116889,2572,152,Priority 1 - Immediate,Account-manager outreach; prioritize the highest exposed customer value,churn-logistic-1.0.0
12381,2011-12-10,Recent developing,1433.46,3,0.4752423914744935,1,0.4,Standard monitoring,Normal low-cost engagement; no paid retention incentive,38851.33209999985,681.2409584830275,2176,1665,Priority 3 - Nurture,Low-cost relationship nurture for value protection,churn-logistic-1.0.0
12384,2011-12-10,Recent developing,406.16,2,0.6427972726583655,1,0.4,Priority 3 - Nurture,Automated email nurture or product reminder,38851.33209999985,261.07854026292176,1480,2865,Standard monitoring,Monitor customer value and churn risk; no paid intervention,churn-logistic-1.0.0
12388,2011-12-10,Champions,3901.11,8,0.3460107854244441,0,0.4,Standard monitoring,Normal low-cost engagement; no paid retention incentive,38851.33209999985,1349.826135127153,2580,643,Priority 2 - Targeted,Personalized retention offer for a high-value account,churn-logistic-1.0.0
12390,2011-12-10,Lapsed low-value,504.84,1,0.8242166766569956,1,0.4,Priority 2 - Targeted,Targeted retention message for the next-ranked 10%,38851.33209999985,416.09754704351764,531,2382,Standard monitoring,Monitor customer value and churn risk; no paid intervention,churn-logistic-1.0.0
12391,2011-12-10,Champions,2747.82,6,0.6601591550372766,1,0.4,Priority 3 - Nurture,Automated email nurture or product reminder,38851.33209999985,1813.9985293945297,1399,336,Priority 1 - Immediate,Account-manager outreach; prioritize the highest exposed customer value,churn-logistic-1.0.0
12393,2011-12-10,At-risk established,2376.75,6,0.6510073375815582,1,0.4,Priority 3 - Nurture,Automated email nurture or product reminder,38851.33209999985,1547.2816895969684,1440,475,Priority 2 - Targeted,Personalized retention offer for a high-value account,churn-logistic-1.0.0
12394,2011-12-10,Recent developing,1080.48,2,0.7685114965825187,1,0.4,Priority 3 - Nurture,Automated email nurture or product reminder,38851.33209999985,830.3613018274798,1007,1322,Priority 3 - Nurture,Low-cost relationship nurture for value protection,churn-logistic-1.0.0
12395,2011-12-10,Champions,4530.92,15,0.1513154923405388,0,0.4,Standard monitoring,Normal low-cost engagement; no paid retention incentive,38851.33209999985,685.598390555594,3070,1653,Priority 3 - Nurture,Low-cost relationship nurture for value protection,churn-logistic-1.0.0
12397,2011-12-10,Recent developing,2214.9,2,0.5775462761350566,1,0.4,Standard monitoring,Normal low-cost engagement; no paid retention incentive,38851.33209999985,1279.207247011537,1797,704,Priority 3 - Nurture,Low-cost relationship nurture for value protection,churn-logistic-1.0.0
12398,2011-12-10,Recent developing,1435.66,1,0.7512139211412435,1,0.4,Priority 3 - Nurture,Automated email nurture or product reminder,38851.33209999985,1078.4877780256377,1080,931,Priority 3 - Nurture,Low-cost relationship nurture for value protection,churn-logistic-1.0.0
12399,2011-12-10,At-risk established,1842.3,7,0.6477981145770929,1,0.4,Priority 3 - Nurture,Automated email nurture or product reminder,38851.33209999985,1193.4384664853783,1455,792,Priority 3 - Nurture,Low-cost relationship nurture for value protection,churn-logistic-1.0.0
12403,2011-12-10,Recent developing,947.36,2,0.9072345469466884,1,0.4,Priority 1 - Immediate,Personalized outreach for the highest-ranked 10%; use segment and value,38851.33209999985,859.4777203954147,77,1271,Priority 3 - Nurture,Low-cost relationship nurture for value protection,churn-logistic-1.0.0
12405,2011-12-10,At-risk established,1390.39,1,0.8380905759853149,1,0.4,Priority 2 - Targeted,Targeted retention message for the next-ranked 10%,38851.33209999985,1165.2727559442221,414,819,Priority 3 - Nurture,Low-cost relationship nurture for value protection,churn-logistic-1.0.0
12406,2011-12-10,Champions,6072.21,5,0.5444233636560964,1,0.4,Standard monitoring,Normal low-cost engagement; no paid retention incentive,38851.33209999985,3305.8529930261852,1936,67,Priority 1 - Immediate,Account-manager outreach; prioritize the highest exposed customer value,churn-logistic-1.0.0
12407,2011-12-10,At-risk established,1507.12,5,0.5515368398206979,1,0.4,Standard monitoring,Normal low-cost engagement; no paid retention incentive,38851.33209999985,831.2322020305702,1906,1319,Priority 3 - Nurture,Low-cost relationship nurture for value protection,churn-logistic-1.0.0
12408,2011-12-10,Champions,3859.77,8,0.4029564910587408,1,0.4,Standard monitoring,Normal low-cost engagement; no paid retention incentive,38851.33209999985,1555.319375493796,2405,469,Priority 2 - Targeted,Personalized retention offer for a high-value account,churn-logistic-1.0.0
12409,2011-12-10,Champions,23091.27,7,0.3477197942689886,0,0.4,Standard monitoring,Normal low-cost engagement; no paid retention incentive,38851.33209999985,8029.291653809668,2576,4,Priority 1 - Immediate,Account-manager outreach; prioritize the highest exposed customer value,churn-logistic-1.0.0
12412,2011-12-10,At-risk established,2389.03,6,0.5336273838155062,1,0.4,Standard monitoring,Normal low-cost engagement; no paid retention incentive,38851.33209999985,1274.851828756759,1964,715,Priority 3 - Nurture,Low-cost relationship nurture for value protection,churn-logistic-1.0.0
12413,2011-12-10,At-risk established,861.5,4,0.7157729969170538,1,0.4,Priority 3 - Nurture,Automated email nurture or product reminder,38851.33209999985,616.6384368440418,1198,1812,Standard monitoring,Monitor customer value and churn risk; no paid intervention,churn-logistic-1.0.0
12415,2011-12-10,Exceptional high-value,143104.49,24,0.0011281811491683,0,0.4,Standard monitoring,Normal low-cost engagement; no paid retention incentive,38851.33209999985,43.831340495297084,3432,3407,Standard monitoring,Monitor customer value and churn risk; no paid intervention,churn-logistic-1.0.0
12417,2011-12-10,Champions,5909.21,20,0.1122296320412744,0,0.4,Standard monitoring,Normal low-cost engagement; no paid retention incentive,38851.33209999985,663.1884639546191,3140,1705,Priority 3 - Nurture,Low-cost relationship nurture for value protection,churn-logistic-1.0.0
12418,2011-12-10,At-risk established,2016.25,4,0.799129626531789,1,0.4,Priority 3 - Nurture,Automated email nurture or product reminder,38851.33209999985,1611.2451094947196,779,428,Priority 2 - Targeted,Personalized retention offer for a high-value account,churn-logistic-1.0.0
12420,2011-12-10,Recent developing,600.39,1,0.8147968653415594,1,0.4,Priority 2 - Targeted,Targeted retention message for the next-ranked 10%,38851.33209999985,489.1958899824188,608,2164,Standard monitoring,Monitor customer value and churn risk; no paid intervention,churn-logistic-1.0.0
12421,2011-12-10,Recent developing,869.6,6,0.4816203820810447,1,0.4,Standard monitoring,Normal low-cost engagement; no paid retention incentive,38851.33209999985,418.81708425767647,2158,2372,Standard monitoring,Monitor customer value and churn risk; no paid intervention,churn-logistic-1.0.0
12422,2011-12-10,Champions,3639.35,12,0.4540776257564388,1,0.4,Standard monitoring,Normal low-cost engagement; no paid retention incentive,38851.33209999985,1652.5474072966954,2242,408,Priority 2 - Targeted,Personalized retention offer for a high-value account,churn-logistic-1.0.0
12423,2011-12-10,Champions,2291.19,10,0.3870067280396212,0,0.4,Standard monitoring,Normal low-cost engagement; no paid retention incentive,38851.33209999985,886.7059452170997,2463,1236,Priority 3 - Nurture,Low-cost relationship nurture for value protection,churn-logistic-1.0.0
12424,2011-12-10,At-risk established,3340.03,4,0.8449870086813571,1,0.4,Priority 2 - Targeted,Targeted retention message for the next-ranked 10%,38851.33209999985,2822.281958605993,368,111,Priority 1 - Immediate,Account-manager outreach; prioritize the highest exposed customer value,churn-logistic-1.0.0
12425,2011-12-10,At-risk established,1680.81,2,0.8663072642719044,1,0.4,Priority 1 - Immediate,Personalized outreach for the highest-ranked 10%; use segment and value,38851.33209999985,1456.0979128608597,230,548,Priority 2 - Targeted,Personalized retention offer for a high-value account,churn-logistic-1.0.0
12427,2011-12-10,Recent developing,831.87,3,0.7702496073956011,1,0.4,Priority 3 - Nurture,Automated email nurture or product reminder,38851.33209999985,640.7475409041787,998,1764,Standard monitoring,Monitor customer value and churn risk; no paid intervention,churn-logistic-1.0.0
12428,2011-12-10,Champions,6362.88,8,0.3695744047850082,0,0.4,Standard monitoring,Normal low-cost engagement; no paid retention incentive,38851.33209999985,2351.557588718433,2510,178,Priority 1 - Immediate,Account-manager outreach; prioritize the highest exposed customer value,churn-logistic-1.0.0
12429,2011-12-10,Champions,6979.91,8,0.4471210646141841,1,0.4,Standard monitoring,Normal low-cost engagement; no paid retention incentive,38851.33209999985,3120.86479011119,2261,81,Priority 1 - Immediate,Account-manager outreach; prioritize the highest exposed customer value,churn-logistic-1.0.0
12430,2011-12-10,Recent developing,216.4,1,0.8107898113321345,1,0.4,Priority 2 - Targeted,Targeted retention message for the next-ranked 10%,38851.33209999985,175.4549151722739,638,3087,Standard monitoring,Monitor customer value and churn risk; no paid intervention,churn-logistic-1.0.0
12431,2011-12-10,Champions,10382.57,25,0.0674827378806922,0,0.4,Standard monitoring,Normal low-cost engagement; no paid retention incentive,38851.33209999985,700.6442498379384,3230,1614,Priority 3 - Nurture,Low-cost relationship nurture for value protection,churn-logistic-1.0.0
12432,2011-12-10,At-risk established,4359.32,4,0.6085595072890575,1,0.4,Priority 3 - Nurture,Automated email nurture or product reminder,38851.33209999985,2652.905631315334,1658,132,Priority 1 - Immediate,Account-manager outreach; prioritize the highest exposed customer value,churn-logistic-1.0.0
12433,2011-12-10,Exceptional high-value,20581.26,10,0.1139833219360554,0,0.4,Standard monitoring,Normal low-cost engagement; no paid retention incentive,38851.33209999985,2345.9203844296594,3135,179,Priority 1 - Immediate,Account-manager outreach; prioritize the highest exposed customer value,churn-logistic-1.0.0
12434,2011-12-10,At-risk established,1062.48,3,0.7556519811063498,1,0.4,Priority 3 - Nurture,Automated email nurture or product reminder,38851.33209999985,802.8651168858745,1066,1373,Priority 3 - Nurture,Low-cost relationship nurture for value protection,churn-logistic-1.0.0
12435,2011-12-10,Champions,13925.93,6,0.5071425913320001,1,0.4,Standard monitoring,Normal low-cost engagement; no paid retention incentive,38851.33209999985,7062.43222690804,2073,8,Priority 1 - Immediate,Account-manager outreach; prioritize the highest exposed customer value,churn-logistic-1.0.0
12436,2011-12-10,Lapsed low-value,429.0100000000001,1,0.8469485919173219,1,0.4,Priority 2 - Targeted,Targeted retention message for the next-ranked 10%,38851.33209999985,363.34941541845035,353,2531,Standard monitoring,Monitor customer value and churn risk; no paid intervention,churn-logistic-1.0.0
12437,2011-12-10,Champions,11041.55,38,0.0157961984287137,0,0.4,Standard monitoring,Normal low-cost engagement; no paid retention incentive,38851.33209999985,174.41451476056375,3366,3094,Standard monitoring,Monitor customer value and churn risk; no paid intervention,churn-logistic-1.0.0
12438,2011-12-10,Recent developing,2466.85,2,0.5822798100160117,1,0.4,Standard monitoring,Normal low-cost engagement; no paid retention incentive,38851.33209999985,1436.3969493379984,1772,566,Priority 2 - Targeted,Personalized retention offer for a high-value account,churn-logistic-1.0.0
12442,2011-12-10,Recent developing,144.06,1,0.7932173427817997,1,0.4,Priority 3 - Nurture,Automated email nurture or product reminder,38851.33209999985,114.27089040114606,839,3266,Standard monitoring,Monitor customer value and churn risk; no paid intervention,churn-logistic-1.0.0
12444,2011-12-10,Champions,4085.46,5,0.2593299460781813,0,0.4,Standard monitoring,Normal low-cost engagement; no paid retention incentive,38851.33209999985,1059.4821215045665,2800,959,Priority 3 - Nurture,Low-cost relationship nurture for value protection,churn-logistic-1.0.0
12445,2011-12-10,Recent developing,370.48,2,0.8761819711501306,1,0.4,Priority 1 - Immediate,Personalized outreach for the highest-ranked 10%; use segment and value,38851.33209999985,324.6078966717004,159,2643,Standard monitoring,Monitor customer value and churn risk; no paid intervention,churn-logistic-1.0.0
12446,2011-12-10,Recent developing,1002.31,1,0.77769128703014,1,0.4,Priority 3 - Nurture,Automated email nurture or product reminder,38851.33209999985,779.4877539031796,955,1419,Priority 3 - Nurture,Low-cost relationship nurture for value protection,churn-logistic-1.0.0
12448,2011-12-10,Recent developing,365.45,1,0.8038083902876637,1,0.4,Priority 3 - Nurture,Automated email nurture or product reminder,38851.33209999985,293.7517762306267,721,2751,Standard monitoring,Monitor customer value and churn risk; no paid intervention,churn-logistic-1.0.0
12449,2011-12-10,Champions,4274.89,5,0.4609879598745464,1,0.4,Standard monitoring,Normal low-cost engagement; no paid retention incentive,38851.33209999985,1970.6728197880998,2215,282,Priority 1 - Immediate,Account-manager outreach; prioritize the highest exposed customer value,churn-logistic-1.0.0
12450,2011-12-10,At-risk established,666.95,5,0.7328536511911348,1,0.4,Priority 3 - Nurture,Automated email nurture or product reminder,38851.33209999985,488.77674266192736,1139,2165,Standard monitoring,Monitor customer value and churn risk; no paid intervention,churn-logistic-1.0.0
12451,2011-12-10,Champions,12445.33,8,0.2371131349350105,0,0.4,Standard monitoring,Normal low-cost engagement; no paid retention incentive,38851.33209999985,2950.951211600734,2855,98,Priority 1 - Immediate,Account-manager outreach; prioritize the highest exposed customer value,churn-logistic-1.0.0
12452,2011-12-10,Recent developing,348.57,1,0.7904571895938531,1,0.4,Priority 3 - Nurture,Automated email nurture or product reminder,38851.33209999985,275.5296625767294,866,2818,Standard monitoring,Monitor customer value and churn risk; no paid intervention,churn-logistic-1.0.0
12453,2011-12-10,Lapsed low-value,707.09,1,0.849122181755828,1,0.4,Priority 1 - Immediate,Personalized outreach for the highest-ranked 10%; use segment and value,38851.33209999985,600.4058034977285,344,1860,Standard monitoring,Monitor customer value and churn risk; no paid intervention,churn-logistic-1.0.0
12455,2011-12-10,Champions,5722.95,9,0.3630748407637009,0,0.4,Standard monitoring,Normal low-cost engagement; no paid retention incentive,38851.33209999985,2077.859159948622,2533,245,Priority 1 - Immediate,Account-manager outreach; prioritize the highest exposed customer value,churn-logistic-1.0.0
12456,2011-12-10,At-risk established,2553.89,3,0.5691440807561616,1,0.4,Standard monitoring,Normal low-cost engagement; no paid retention incentive,38851.33209999985,1453.5313764023535,1839,550,Priority 2 - Targeted,Personalized retention offer for a high-value account,churn-logistic-1.0.0
12457,2011-12-10,At-risk established,2033.16,5,0.6367029911764711,1,0.4,Priority 3 - Nurture,Automated email nurture or product reminder,38851.33209999985,1294.519053540354,1516,691,Priority 2 - Targeted,Personalized retention offer for a high-value account,churn-logistic-1.0.0
12458,2011-12-10,At-risk established,1502.49,4,0.7399410141481003,1,0.4,Priority 3 - Nurture,Automated email nurture or product reminder,38851.33209999985,1111.7539743473792,1111,893,Priority 3 - Nurture,Low-cost relationship nurture for value protection,churn-logistic-1.0.0
12461,2011-12-10,Lapsed low-value,626.88,1,0.85986151522213,1,0.4,Priority 1 - Immediate,Personalized outreach for the highest-ranked 10%; use segment and value,38851.33209999985,539.0299866624488,282,2019,Standard monitoring,Monitor customer value and churn risk; no paid intervention,churn-logistic-1.0.0
12462,2011-12-10,Recent developing,872.01,2,0.7949459181113767,1,0.4,Priority 3 - Nurture,Automated email nurture or product reminder,38851.33209999985,693.2007900523016,818,1635,Priority 3 - Nurture,Low-cost relationship nurture for value protection,churn-logistic-1.0.0
12463,2011-12-10,At-risk established,1175.58,4,0.5952217125803443,1,0.4,Priority 3 - Nurture,Automated email nurture or product reminder,38851.33209999985,699.7307408752011,1717,1620,Priority 3 - Nurture,Low-cost relationship nurture for value protection,churn-logistic-1.0.0
12464,2011-12-10,Recent developing,957.05,8,0.3928979682419277,0,0.4,Standard monitoring,Normal low-cost engagement; no paid retention incentive,38851.33209999985,376.02300050593686,2443,2491,Standard monitoring,Monitor customer value and churn risk; no paid intervention,churn-logistic-1.0.0
12465,2011-12-10,Recent developing,673.89,2,0.6659979652750726,1,0.4,Priority 3 - Nurture,Automated email nurture or product reminder,38851.33209999985,448.80936881921866,1378,2292,Standard monitoring,Monitor customer value and churn risk; no paid intervention,churn-logistic-1.0.0
12471,2011-12-10,Champions,33372.17,71,0.0029801838671033,0,0.4,Standard monitoring,Normal low-cost engagement; no paid retention incentive,38851.33209999985,99.45520264422873,3417,3303,Standard monitoring,Monitor customer value and churn risk; no paid intervention,churn-logistic-1.0.0
12472,2011-12-10,Champions,15711.23,19,0.0729570462739485,0,0.4,Standard monitoring,Normal low-cost engagement; no paid retention incentive,38851.33209999985,1146.2449341306478,3220,846,Priority 3 - Nurture,Low-cost relationship nurture for value protection,churn-logistic-1.0.0
12473,2011-12-10,At-risk established,2555.77,3,0.5342889267966516,1,0.4,Standard monitoring,Normal low-cost engagement; no paid retention incentive,38851.33209999985,1365.5196104390784,1962,627,Priority 2 - Targeted,Personalized retention offer for a high-value account,churn-logistic-1.0.0
12474,2011-12-10,Champions,10964.65,29,0.0152852369792236,0,0.4,Standard monitoring,Normal low-cost engagement; no paid retention incentive,38851.33209999985,167.59727364424404,3367,3108,Standard monitoring,Monitor customer value and churn risk; no paid intervention,churn-logistic-1.0.0
12475,2011-12-10,Recent developing,1065.64,2,0.8547630560849289,1,0.4,Priority 1 - Immediate,Personalized outreach for the highest-ranked 10%; use segment and value,38851.33209999985,910.8697030863436,315,1191,Priority 3 - Nurture,Low-cost relationship nurture for value protection,churn-logistic-1.0.0
12476,2011-12-10,Champions,11949.88,18,0.0567517247544717,0,0.4,Standard monitoring,Normal low-cost engagement; no paid retention incentive,38851.33209999985,678.1763006089662,3257,1672,Priority 3 - Nurture,Low-cost relationship nurture for value protection,churn-logistic-1.0.0
12477,2011-12-10,Champions,20184.64,9,0.1085305071637438,0,0.4,Standard monitoring,Normal low-cost engagement; no paid retention incentive,38851.33209999985,2190.6492161175893,3154,216,Priority 1 - Immediate,Account-manager outreach; prioritize the highest exposed customer value,churn-logistic-1.0.0
12478,2011-12-10,Recent developing,545.99,1,0.7725061999903046,1,0.4,Priority 3 - Nurture,Automated email nurture or product reminder,38851.33209999985,421.7806601327064,983,2363,Standard monitoring,Monitor customer value and churn risk; no paid intervention,churn-logistic-1.0.0
12479,2011-12-10,Recent developing,423.3,1,0.7745127021362829,1,0.4,Priority 3 - Nurture,Automated email nurture or product reminder,38851.33209999985,327.85122681428857,967,2636,Standard monitoring,Monitor customer value and churn risk; no paid intervention,churn-logistic-1.0.0
12480,2011-12-10,Champions,4805.1,7,0.4072055820465605,1,0.4,Standard monitoring,Normal low-cost engagement; no paid retention incentive,38851.33209999985,1956.663542291928,2390,285,Priority 1 - Immediate,Account-manager outreach; prioritize the highest exposed customer value,churn-logistic-1.0.0
12481,2011-12-10,Champions,11047.03,14,0.2170579815630172,0,0.4,Standard monitoring,Normal low-cost engagement; no paid retention incentive,38851.33209999985,2397.846034066098,2903,167,Priority 1 - Immediate,Account-manager outreach; prioritize the highest exposed customer value,churn-logistic-1.0.0
12483,2011-12-10,Champions,4031.33,19,0.208455353798161,0,0.4,Standard monitoring,Normal low-cost engagement; no paid retention incentive,38851.33209999985,840.3523214271403,2925,1304,Priority 3 - Nurture,Low-cost relationship nurture for value protection,churn-logistic-1.0.0
12484,2011-12-10,Champions,5510.2,9,0.2755935148018629,0,0.4,Standard monitoring,Normal low-cost engagement; no paid retention incentive,38851.33209999985,1518.575385261225,2759,507,Priority 2 - Targeted,Personalized retention offer for a high-value account,churn-logistic-1.0.0
12488,2011-12-10,Recent developing,1244.66,3,0.4849919671089394,1,0.4,Standard monitoring,Normal low-cost engagement; no paid retention incentive,38851.33209999985,603.6501017818125,2148,1851,Standard monitoring,Monitor customer value and churn risk; no paid intervention,churn-logistic-1.0.0
12490,2011-12-10,Champions,8759.64,20,0.0471605589207352,0,0.4,Standard monitoring,Normal low-cost engagement; no paid retention incentive,38851.33209999985,413.10951834442886,3282,2395,Standard monitoring,Monitor customer value and churn risk; no paid intervention,churn-logistic-1.0.0
12491,2011-12-10,Recent developing,424.4,1,0.7980683402056233,1,0.4,Priority 3 - Nurture,Automated email nurture or product reminder,38851.33209999985,338.7002035832665,787,2615,Standard monitoring,Monitor customer value and churn risk; no paid intervention,churn-logistic-1.0.0
12492,2011-12-10,Recent developing,607.21,3,0.7930143862056798,1,0.4,Priority 3 - Nurture,Automated email nurture or product reminder,38851.33209999985,481.52626544795083,840,2184,Standard monitoring,Monitor customer value and churn risk; no paid intervention,churn-logistic-1.0.0
12493,2011-12-10,Lapsed low-value,362.79,2,0.7706089076548874,1,0.4,Priority 3 - Nurture,Automated email nurture or product reminder,38851.33209999985,279.56920560811665,995,2802,Standard monitoring,Monitor customer value and churn risk; no paid intervention,churn-logistic-1.0.0
12494,2011-12-10,Champions,1496.47,9,0.3337896997032529,0,0.4,Standard monitoring,Normal low-cost engagement; no paid retention incentive,38851.33209999985,499.50627191492686,2607,2133,Standard monitoring,Monitor customer value and churn risk; no paid intervention,churn-logistic-1.0.0
12497,2011-12-10,At-risk established,5996.5,3,0.7742766865889003,1,0.4,Priority 3 - Nurture,Automated email nurture or product reminder,38851.33209999985,4642.950151130341,968,29,Priority 1 - Immediate,Account-manager outreach; prioritize the highest exposed customer value,churn-logistic-1.0.0
12498,2011-12-10,Recent developing,349.70000000000005,3,0.6290334433150868,1,0.4,Priority 3 - Nurture,Automated email nurture or product reminder,38851.33209999985,219.97299512728588,1554,2980,Standard monitoring,Monitor customer value and churn risk; no paid intervention,churn-logistic-1.0.0
12500,2011-12-10,Champions,5502.11,18,0.0899125948538981,0,0.4,Standard monitoring,Normal low-cost engagement; no paid retention incentive,38851.33209999985,494.70898727158124,3184,2151,Standard monitoring,Monitor customer value and churn risk; no paid intervention,churn-logistic-1.0.0
12502,2011-12-10,At-risk established,2995.87,5,0.6166862805016102,1,0.4,Priority 3 - Nurture,Automated email nurture or product reminder,38851.33209999985,1847.5119271663589,1624,327,Priority 1 - Immediate,Account-manager outreach; prioritize the highest exposed customer value,churn-logistic-1.0.0
12504,2011-12-10,Recent developing,353.65,4,0.720362013105433,1,0.4,Priority 3 - Nurture,Automated email nurture or product reminder,38851.33209999985,254.75602593473636,1176,2883,Standard monitoring,Monitor customer value and churn risk; no paid intervention,churn-logistic-1.0.0
12507,2011-12-10,At-risk established,1466.81,4,0.7838736250312852,1,0.4,Priority 3 - Nurture,Automated email nurture or product reminder,38851.33209999985,1149.7936719321394,925,840,Priority 3 - Nurture,Low-cost relationship nurture for value protection,churn-logistic-1.0.0
12508,2011-12-10,Recent developing,398.27,2,0.5494334929656338,1,0.4,Standard monitoring,Normal low-cost engagement; no paid retention incentive,38851.33209999985,218.82287724342297,1914,2981,Standard monitoring,Monitor customer value and churn risk; no paid intervention,churn-logistic-1.0.0
12510,2011-12-10,At-risk established,2989.33,7,0.669585610629468,1,0.4,Priority 3 - Nurture,Automated email nurture or product reminder,38851.33209999985,2001.6123534229876,1365,267,Priority 1 - Immediate,Account-manager outreach; prioritize the highest exposed customer value,churn-logistic-1.0.0
12512,2011-12-10,Lapsed low-value,138.03,2,0.8376101544278827,1,0.4,Priority 2 - Targeted,Targeted retention message for the next-ranked 10%,38851.33209999985,115.61532961568065,418,3264,Standard monitoring,Monitor customer value and churn risk; no paid intervention,churn-logistic-1.0.0
12513,2011-12-10,Lapsed low-value,532.79,1,0.8452968776949658,1,0.4,Priority 2 - Targeted,Targeted retention message for the next-ranked 10%,38851.33209999985,450.3657234671008,364,2281,Standard monitoring,Monitor customer value and churn risk; no paid intervention,churn-logistic-1.0.0
12516,2011-12-10,At-risk established,2288.62,4,0.7186089455998785,1,0.4,Priority 3 - Nurture,Automated email nurture or product reminder,38851.33209999985,1644.622805078794,1185,416,Priority 2 - Targeted,Personalized retention offer for a high-value account,churn-logistic-1.0.0
12517,2011-12-10,Recent developing,2284.89,4,0.386171450125538,0,0.4,Standard monitoring,Normal low-cost engagement; no paid retention incentive,38851.33209999985,882.3592846773405,2465,1242,Priority 3 - Nurture,Low-cost relationship nurture for value protection,churn-logistic-1.0.0
12518,2011-12-10,Recent developing,1840.89,5,0.2607266499803715,0,0.4,Standard monitoring,Normal low-cost engagement; no paid retention incentive,38851.33209999985,479.9690826823661,2799,2190,Standard monitoring,Monitor customer value and churn risk; no paid intervention,churn-logistic-1.0.0
12519,2011-12-10,Recent developing,605.19,2,0.8967191754650692,1,0.4,Priority 1 - Immediate,Personalized outreach for the highest-ranked 10%; use segment and value,38851.33209999985,542.6854777997053,97,2001,Standard monitoring,Monitor customer value and churn risk; no paid intervention,churn-logistic-1.0.0
12520,2011-12-10,At-risk established,2307.26,5,0.5802736173289997,1,0.4,Standard monitoring,Normal low-cost engagement; no paid retention incentive,38851.33209999985,1338.842106318508,1786,652,Priority 2 - Targeted,Personalized retention offer for a high-value account,churn-logistic-1.0.0
12521,2011-12-10,Lapsed low-value,545.68,1,0.856517867356535,1,0.4,Priority 1 - Immediate,Personalized outreach for the highest-ranked 10%; use segment and value,38851.33209999985,467.38466985911396,300,2219,Standard monitoring,Monitor customer value and churn risk; no paid intervention,churn-logistic-1.0.0
12522,2011-12-10,Recent developing,156.72,2,0.5961903044926135,1,0.4,Priority 3 - Nurture,Automated email nurture or product reminder,38851.33209999985,93.43494452008238,1715,3325,Standard monitoring,Monitor customer value and churn risk; no paid intervention,churn-logistic-1.0.0
12523,2011-12-10,Champions,3907.8,23,0.0628528529522179,0,0.4,Standard monitoring,Normal low-cost engagement; no paid retention incentive,38851.33209999985,245.61637876667714,3241,2909,Standard monitoring,Monitor customer value and churn risk; no paid intervention,churn-logistic-1.0.0
12524,2011-12-10,Champions,9759.36,17,0.1986445229690253,0,0.4,Standard monitoring,Normal low-cost engagement; no paid retention incentive,38851.33209999985,1938.6434116829869,2951,294,Priority 1 - Immediate,Account-manager outreach; prioritize the highest exposed customer value,churn-logistic-1.0.0
12526,2011-12-10,Recent developing,1172.66,3,0.4605281647321356,1,0.4,Standard monitoring,Normal low-cost engagement; no paid retention incentive,38851.33209999985,540.0429576547862,2217,2012,Standard monitoring,Monitor customer value and churn risk; no paid intervention,churn-logistic-1.0.0
12527,2011-12-10,At-risk established,717.51,5,0.7387741683735839,1,0.4,Priority 3 - Nurture,Automated email nurture or product reminder,38851.33209999985,530.0778535497302,1115,2043,Standard monitoring,Monitor customer value and churn risk; no paid intervention,churn-logistic-1.0.0
12528,2011-12-10,Recent developing,1634.28,6,0.3992098688088381,0,0.4,Standard monitoring,Normal low-cost engagement; no paid retention incentive,38851.33209999985,652.4207043969079,2421,1736,Standard monitoring,Monitor customer value and churn risk; no paid intervention,churn-logistic-1.0.0
12530,2011-12-10,Champions,3329.86,9,0.4222099036062242,1,0.4,Standard monitoring,Normal low-cost engagement; no paid retention incentive,38851.33209999985,1405.8998696222218,2334,585,Priority 2 - Targeted,Personalized retention offer for a high-value account,churn-logistic-1.0.0
12531,2011-12-10,Recent developing,1737.05,2,0.93271010842421,1,0.4,Priority 1 - Immediate,Personalized outreach for the highest-ranked 10%; use segment and value,38851.33209999985,1620.1640938382739,30,423,Priority 2 - Targeted,Personalized retention offer for a high-value account,churn-logistic-1.0.0
12532,2011-12-10,Recent developing,313.83000000000004,1,0.7999889536260015,1,0.4,Priority 3 - Nurture,Automated email nurture or product reminder,38851.33209999985,251.0605333164481,772,2892,Standard monitoring,Monitor customer value and churn risk; no paid intervention,churn-logistic-1.0.0
12534,2011-12-10,Lapsed low-value,981.18,1,0.8373378704267933,1,0.4,Priority 2 - Targeted,Targeted retention message for the next-ranked 10%,38851.33209999985,821.579171705361,421,1342,Priority 3 - Nurture,Low-cost relationship nurture for value protection,churn-logistic-1.0.0
12535,2011-12-10,Recent developing,716.35,2,0.7614018103145761,1,0.4,Priority 3 - Nurture,Automated email nurture or product reminder,38851.33209999985,545.4301868188466,1042,1995,Standard monitoring,Monitor customer value and churn risk; no paid intervention,churn-logistic-1.0.0
12536,2011-12-10,Exceptional high-value,4151.26,1,0.5472872605200514,1,0.4,Standard monitoring,Normal low-cost engagement; no paid retention incentive,38851.33209999985,2271.9317131064686,1926,200,Priority 1 - Immediate,Account-manager outreach; prioritize the highest exposed customer value,churn-logistic-1.0.0
12538,2011-12-10,Recent developing,640.45,2,0.8521447761700666,1,0.4,Priority 1 - Immediate,Personalized outreach for the highest-ranked 10%; use segment and value,38851.33209999985,545.7561218981192,329,1994,Standard monitoring,Monitor customer value and churn risk; no paid intervention,churn-logistic-1.0.0
12539,2011-12-10,Champions,11186.75,7,0.4683119983684852,1,0.4,Standard monitoring,Normal low-cost engagement; no paid retention incentive,38851.33209999985,5238.8892477486515,2195,20,Priority 1 - Immediate,Account-manager outreach; prioritize the highest exposed customer value,churn-logistic-1.0.0
12540,2011-12-10,Champions,19172.04,32,0.0112146185396683,0,0.4,Standard monitoring,Normal low-cost engagement; no paid retention incentive,38851.33209999985,215.00711522726226,3385,2992,Standard monitoring,Monitor customer value and churn risk; no paid intervention,churn-logistic-1.0.0
12541,2011-12-10,Recent developing,841.18,3,0.6444853408098146,1,0.4,Priority 3 - Nurture,Automated email nurture or product reminder,38851.33209999985,542.1281789823997,1475,2003,Standard monitoring,Monitor customer value and churn risk; no paid intervention,churn-logistic-1.0.0
12544,2011-12-10,Recent developing,299.7,1,0.8006187368787754,1,0.4,Priority 3 - Nurture,Automated email nurture or product reminder,38851.33209999985,239.94543544256896,758,2925,Standard monitoring,Monitor customer value and churn risk; no paid intervention,churn-logistic-1.0.0
12545,2011-12-10,Recent developing,832.39,2,0.7921631967640328,1,0.4,Priority 3 - Nurture,Automated email nurture or product reminder,38851.33209999985,659.3887233544133,855,1716,Priority 3 - Nurture,Low-cost relationship nurture for value protection,churn-logistic-1.0.0
12546,2011-12-10,Recent developing,1001.5,2,0.5876262808996674,1,0.4,Standard monitoring,Normal low-cost engagement; no paid retention incentive,38851.33209999985,588.5077203210169,1744,1894,Standard monitoring,Monitor customer value and churn risk; no paid intervention,churn-logistic-1.0.0
12548,2011-12-10,Lapsed low-value,67.19999999999999,1,0.8803389170309581,1,0.4,Priority 1 - Immediate,Personalized outreach for the highest-ranked 10%; use segment and value,38851.33209999985,59.15877522448037,136,3387,Standard monitoring,Monitor customer value and churn risk; no paid intervention,churn-logistic-1.0.0
12550,2011-12-10,Recent developing,824.83,1,0.8095418459948357,1,0.4,Priority 2 - Targeted,Targeted retention message for the next-ranked 10%,38851.33209999985,667.7344008319203,654,1692,Priority 3 - Nurture,Low-cost relationship nurture for value protection,churn-logistic-1.0.0
12552,2011-12-10,Recent developing,317.82,1,0.8028210372655616,1,0.4,Priority 3 - Nurture,Automated email nurture or product reminder,38851.33209999985,255.1525820637408,731,2881,Standard monitoring,Monitor customer value and churn risk; no paid intervention,churn-logistic-1.0.0
12553,2011-12-10,Champions,4044.82,12,0.1763179258075964,0,0.4,Standard monitoring,Normal low-cost engagement; no paid retention incentive,38851.33209999985,713.1742726650821,3004,1582,Priority 3 - Nurture,Low-cost relationship nurture for value protection,churn-logistic-1.0.0
12556,2011-12-10,Recent developing,603.71,2,0.6403701179228477,1,0.4,Priority 3 - Nurture,Automated email nurture or product reminder,38851.33209999985,386.5978438912024,1490,2465,Standard monitoring,Monitor customer value and churn risk; no paid intervention,churn-logistic-1.0.0
12557,2011-12-10,Champions,18716.14,8,0.3125757995576245,0,0.4,Standard monitoring,Normal low-cost engagement; no paid retention incentive,38851.33209999985,5850.212425132438,2666,11,Priority 1 - Immediate,Account-manager outreach; prioritize the highest exposed customer value,churn-logistic-1.0.0
12560,2011-12-10,Recent developing,1894.31,2,0.5908160277638949,1,0.4,Standard monitoring,Normal low-cost engagement; no paid retention incentive,38851.33209999985,1119.1887095534237,1733,881,Priority 3 - Nurture,Low-cost relationship nurture for value protection,churn-logistic-1.0.0
12562,2011-12-10,Champions,4426.92,9,0.1627319706803508,0,0.4,Standard monitoring,Normal low-cost engagement; no paid retention incentive,38851.33209999985,720.4014156442586,3043,1568,Priority 3 - Nurture,Low-cost relationship nurture for value protection,churn-logistic-1.0.0
12566,2011-12-10,Lapsed low-value,292.7,1,0.8336707861984198,1,0.4,Priority 2 - Targeted,Targeted retention message for the next-ranked 10%,38851.33209999985,244.01543912027748,447,2914,Standard monitoring,Monitor customer value and churn risk; no paid intervention,churn-logistic-1.0.0
12567,2011-12-10,Champions,12151.82,15,0.1675178397748148,0,0.4,Standard monitoring,Normal low-cost engagement; no paid retention incentive,38851.33209999985,2035.64663573239,3029,257,Priority 1 - Immediate,Account-manager outreach; prioritize the highest exposed customer value,churn-logistic-1.0.0
12569,2011-12-10,Champions,3128.99,32,0.0017585091592905,0,0.4,Standard monitoring,Normal low-cost engagement; no paid retention incentive,38851.33209999985,5.502357574328381,3425,3441,Standard monitoring,Monitor customer value and churn risk; no paid intervention,churn-logistic-1.0.0
12571,2011-12-10,Recent developing,519.61,2,0.6483165258375936,1,0.4,Priority 3 - Nurture,Automated email nurture or product reminder,38851.33209999985,336.871749990472,1452,2619,Standard monitoring,Monitor customer value and churn risk; no paid intervention,churn-logistic-1.0.0
12572,2011-12-10,Recent developing,896.72,2,0.5517159415029591,1,0.4,Standard monitoring,Normal low-cost engagement; no paid retention incentive,38851.33209999985,494.7347190645335,1905,2150,Standard monitoring,Monitor customer value and churn risk; no paid intervention,churn-logistic-1.0.0
12576,2011-12-10,Champions,2003.87,8,0.3838858352185797,0,0.4,Standard monitoring,Normal low-cost engagement; no paid retention incentive,38851.33209999985,769.2573086194553,2478,1448,Priority 3 - Nurture,Low-cost relationship nurture for value protection,churn-logistic-1.0.0
12577,2011-12-10,Champions,1587.4,8,0.7070988834860592,1,0.4,Priority 3 - Nurture,Automated email nurture or product reminder,38851.33209999985,1122.4487676457704,1234,878,Priority 3 - Nurture,Low-cost relationship nurture for value protection,churn-logistic-1.0.0
12578,2011-12-10,Champions,3967.7,4,0.6312990984983259,1,0.4,Priority 3 - Nurture,Automated email nurture or product reminder,38851.33209999985,2504.8054331118074,1542,150,Priority 1 - Immediate,Account-manager outreach; prioritize the highest exposed customer value,churn-logistic-1.0.0
12579,2011-12-10,Lapsed low-value,374.72,1,0.8260979181042096,1,0.4,Priority 2 - Targeted,Targeted retention message for the next-ranked 10%,38851.33209999985,309.5554118720095,521,2693,Standard monitoring,Monitor customer value and churn risk; no paid intervention,churn-logistic-1.0.0
12581,2011-12-10,Recent developing,179.71,1,0.8092257971612569,1,0.4,Priority 2 - Targeted,Targeted retention message for the next-ranked 10%,38851.33209999985,145.4259680078495,661,3175,Standard monitoring,Monitor customer value and churn risk; no paid intervention,churn-logistic-1.0.0
12583,2011-12-10,Champions,13211.75,27,0.0207854551719603,0,0.4,Standard monitoring,Normal low-cost engagement; no paid retention incentive,38851.33209999985,274.6122373681465,3343,2821,Standard monitoring,Monitor customer value and churn risk; no paid intervention,churn-logistic-1.0.0
12584,2011-12-10,Champions,1824.7,9,0.1056455818049012,0,0.4,Standard monitoring,Normal low-cost engagement; no paid retention incentive,38851.33209999985,192.77149311940323,3158,3042,Standard monitoring,Monitor customer value and churn risk; no paid intervention,churn-logistic-1.0.0
12586,2011-12-10,Recent developing,2045.67,4,0.8281716163448043,1,0.4,Priority 2 - Targeted,Targeted retention message for the next-ranked 10%,38851.33209999985,1694.1658304080759,498,383,Priority 2 - Targeted,Personalized retention offer for a high-value account,churn-logistic-1.0.0
12587,2011-12-10,Recent developing,104.0,1,0.7984441586975566,1,0.4,Priority 3 - Nurture,Automated email nurture or product reminder,38851.33209999985,83.03819250454589,784,3349,Standard monitoring,Monitor customer value and churn risk; no paid intervention,churn-logistic-1.0.0
12588,2011-12-10,Recent developing,698.98,3,0.8314985443454518,1,0.4,Priority 2 - Targeted,Targeted retention message for the next-ranked 10%,38851.33209999985,581.200852526584,462,1913,Standard monitoring,Monitor customer value and churn risk; no paid intervention,churn-logistic-1.0.0
12589,2011-12-10,Champions,2752.17,6,0.582108242424405,1,0.4,Standard monitoring,Normal low-cost engagement; no paid retention incentive,38851.33209999985,1602.0608415531747,1773,436,Priority 2 - Targeted,Personalized retention offer for a high-value account,churn-logistic-1.0.0
12592,2011-12-10,At-risk established,1723.64,4,0.8346112932890797,1,0.4,Priority 2 - Targeted,Targeted retention message for the next-ranked 10%,38851.33209999985,1438.5694095647893,441,564,Priority 2 - Targeted,Personalized retention offer for a high-value account,churn-logistic-1.0.0
12593,2011-12-10,Lapsed low-value,382.1,3,0.7438771545329187,1,0.4,Priority 3 - Nurture,Automated email nurture or product reminder,38851.33209999985,284.23546074702824,1102,2784,Standard monitoring,Monitor customer value and churn risk; no paid intervention,churn-logistic-1.0.0
12594,2011-12-10,Champions,4862.51,14,0.2517009150564679,0,0.4,Standard monitoring,Normal low-cost engagement; no paid retention incentive,38851.33209999985,1223.8982164712259,2820,756,Priority 3 - Nurture,Low-cost relationship nurture for value protection,churn-logistic-1.0.0
12596,2011-12-10,Recent developing,450.27,2,0.784404209999754,1,0.4,Priority 3 - Nurture,Automated email nurture or product reminder,38851.33209999985,353.19368363658924,917,2559,Standard monitoring,Monitor customer value and churn risk; no paid intervention,churn-logistic-1.0.0
12597,2011-12-10,Recent developing,3067.13,4,0.4780194685472283,1,0.4,Standard monitoring,Normal low-cost engagement; no paid retention incentive,38851.33209999985,1466.1478525652606,2168,544,Priority 2 - Targeted,Personalized retention offer for a high-value account,churn-logistic-1.0.0
12598,2011-12-10,Champions,4072.67,10,0.1709086395011565,0,0.4,Standard monitoring,Normal low-cost engagement; no paid retention incentive,38851.33209999985,696.0544888371751,3020,1630,Priority 3 - Nurture,Low-cost relationship nurture for value protection,churn-logistic-1.0.0
12599,2011-12-10,Champions,2026.72,13,0.3318489798574295,0,0.4,Standard monitoring,Normal low-cost engagement; no paid retention incentive,38851.33209999985,672.5649644566496,2613,1683,Priority 3 - Nurture,Low-cost relationship nurture for value protection,churn-logistic-1.0.0
12600,2011-12-10,Champions,4402.1,20,0.1910922256571591,0,0.4,Standard monitoring,Normal low-cost engagement; no paid retention incentive,38851.33209999985,841.2070865653802,2969,1302,Priority 3 - Nurture,Low-cost relationship nurture for value protection,churn-logistic-1.0.0
12602,2011-12-10,Lapsed low-value,153.12,1,0.8194900288884734,1,0.4,Priority 2 - Targeted,Targeted retention message for the next-ranked 10%,38851.33209999985,125.48031322340306,567,3236,Standard monitoring,Monitor customer value and churn risk; no paid intervention,churn-logistic-1.0.0
12603,2011-12-10,Recent developing,613.1999999999999,1,0.7894588083097188,1,0.4,Priority 3 - Nurture,Automated email nurture or product reminder,38851.33209999985,484.0961412555195,874,2179,Standard monitoring,Monitor customer value and churn risk; no paid intervention,churn-logistic-1.0.0
12604,2011-12-10,Lapsed low-value,236.18,2,0.8087778416743405,1,0.4,Priority 2 - Targeted,Targeted retention message for the next-ranked 10%,38851.33209999985,191.01715064664575,668,3048,Standard monitoring,Monitor customer value and churn risk; no paid intervention,churn-logistic-1.0.0
12609,2011-12-10,At-risk established,3021.86,9,0.4778562931325689,1,0.4,Standard monitoring,Normal low-cost engagement; no paid retention incentive,38851.33209999985,1444.0148179655846,2169,560,Priority 2 - Targeted,Personalized retention offer for a high-value account,churn-logistic-1.0.0
12610,2011-12-10,Recent developing,1705.99,4,0.3875933174585891,0,0.4,Standard monitoring,Normal low-cost engagement; no paid retention incentive,38851.33209999985,661.2303236511784,2459,1712,Priority 3 - Nurture,Low-cost relationship nurture for value protection,churn-logistic-1.0.0
12611,2011-12-10,Recent developing,1193.32,1,0.7678716762537181,1,0.4,Priority 3 - Nurture,Automated email nurture or product reminder,38851.33209999985,916.3166287070868,1010,1184,Priority 3 - Nurture,Low-cost relationship nurture for value protection,churn-logistic-1.0.0
12612,2011-12-10,Recent developing,607.59,1,0.8197960837418986,1,0.4,Priority 2 - Targeted,Targeted retention message for the next-ranked 10%,38851.33209999985,498.0999025207402,565,2143,Standard monitoring,Monitor customer value and churn risk; no paid intervention,churn-logistic-1.0.0
12613,2011-12-10,Champions,6062.02,9,0.3823438152405672,0,0.4,Standard monitoring,Normal low-cost engagement; no paid retention incentive,38851.33209999985,2317.7758548646234,2483,190,Priority 1 - Immediate,Account-manager outreach; prioritize the highest exposed customer value,churn-logistic-1.0.0
12615,2011-12-10,Champions,5192.83,8,0.2460215776550556,0,0.4,Standard monitoring,Normal low-cost engagement; no paid retention incentive,38851.33209999985,1277.5482290945024,2833,708,Priority 3 - Nurture,Low-cost relationship nurture for value protection,churn-logistic-1.0.0
12616,2011-12-10,At-risk established,937.35,3,0.8075210304361794,1,0.4,Priority 2 - Targeted,Targeted retention message for the next-ranked 10%,38851.33209999985,756.9298378793528,678,1478,Priority 3 - Nurture,Low-cost relationship nurture for value protection,churn-logistic-1.0.0
12617,2011-12-10,Recent developing,355.53,1,0.7913782248554928,1,0.4,Priority 3 - Nurture,Automated email nurture or product reminder,38851.33209999985,281.3587002828733,861,2796,Standard monitoring,Monitor customer value and churn risk; no paid intervention,churn-logistic-1.0.0
12618,2011-12-10,Recent developing,137.31,1,0.8024199762443883,1,0.4,Priority 3 - Nurture,Automated email nurture or product reminder,38851.33209999985,110.18028693811696,735,3273,Standard monitoring,Monitor customer value and churn risk; no paid intervention,churn-logistic-1.0.0
12619,2011-12-10,Champions,3048.95,9,0.2005643993696658,0,0.4,Standard monitoring,Normal low-cost engagement; no paid retention incentive,38851.33209999985,611.5108254581426,2949,1828,Standard monitoring,Monitor customer value and churn risk; no paid intervention,churn-logistic-1.0.0
12620,2011-12-10,Recent developing,1303.41,3,0.6032923255353815,1,0.4,Priority 3 - Nurture,Automated email nurture or product reminder,38851.33209999985,786.3372500260716,1684,1399,Priority 3 - Nurture,Low-cost relationship nurture for value protection,churn-logistic-1.0.0
12621,2011-12-10,Champions,22329.31,35,0.020333689997103,0,0.4,Standard monitoring,Normal low-cost engagement; no paid retention incentive,38851.33209999985,454.037267389212,3347,2268,Standard monitoring,Monitor customer value and churn risk; no paid intervention,churn-logistic-1.0.0
12624,2011-12-10,Lapsed low-value,569.13,2,0.7342203522830006,1,0.4,Priority 3 - Nurture,Automated email nurture or product reminder,38851.33209999985,417.86682909482414,1133,2375,Standard monitoring,Monitor customer value and churn risk; no paid intervention,churn-logistic-1.0.0
12626,2011-12-10,Champions,5721.9,9,0.1621141256913238,0,0.4,Standard monitoring,Normal low-cost engagement; no paid retention incentive,38851.33209999985,927.6008157931856,3045,1162,Priority 3 - Nurture,Low-cost relationship nurture for value protection,churn-logistic-1.0.0
12627,2011-12-10,Champions,4082.53,6,0.2859230505466748,0,0.4,Standard monitoring,Normal low-cost engagement; no paid retention incentive,38851.33209999985,1167.2894315483163,2743,817,Priority 3 - Nurture,Low-cost relationship nurture for value protection,churn-logistic-1.0.0
12628,2011-12-10,Recent developing,715.61,3,0.4878810900801406,1,0.4,Standard monitoring,Normal low-cost engagement; no paid retention incentive,38851.33209999985,349.1325868722494,2139,2576,Standard monitoring,Monitor customer value and churn risk; no paid intervention,churn-logistic-1.0.0
12630,2011-12-10,Recent developing,1030.88,2,0.5441860804596513,1,0.4,Standard monitoring,Normal low-cost engagement; no paid retention incentive,38851.33209999985,560.9905466242454,1937,1955,Standard monitoring,Monitor customer value and churn risk; no paid intervention,churn-logistic-1.0.0
12631,2011-12-10,At-risk established,3292.27,6,0.6818733522863469,1,0.4,Priority 3 - Nurture,Automated email nurture or product reminder,38851.33209999985,2244.9111815317715,1324,201,Priority 1 - Immediate,Account-manager outreach; prioritize the highest exposed customer value,churn-logistic-1.0.0
12633,2011-12-10,Champions,5073.21,7,0.4160504773656589,1,0.4,Standard monitoring,Normal low-cost engagement; no paid retention incentive,38851.33209999985,2110.7114422762347,2365,237,Priority 1 - Immediate,Account-manager outreach; prioritize the highest exposed customer value,churn-logistic-1.0.0
12635,2011-12-10,At-risk established,2624.41,4,0.5904101619915241,1,0.4,Standard monitoring,Normal low-cost engagement; no paid retention incentive,38851.33209999985,1549.4783332321756,1735,473,Priority 2 - Targeted,Personalized retention offer for a high-value account,churn-logistic-1.0.0
12637,2011-12-10,Champions,8127.66,12,0.2875910163416632,0,0.4,Standard monitoring,Normal low-cost engagement; no paid retention incentive,38851.33209999985,2337.441999879482,2738,184,Priority 1 - Immediate,Account-manager outreach; prioritize the highest exposed customer value,churn-logistic-1.0.0
12638,2011-12-10,Recent developing,681.49,2,0.935030289323502,1,0.4,Priority 1 - Immediate,Personalized outreach for the highest-ranked 10%; use segment and value,38851.33209999985,637.2137918710733,24,1771,Standard monitoring,Monitor customer value and churn risk; no paid intervention,churn-logistic-1.0.0
12640,2011-12-10,Recent developing,994.58,3,0.5251440327868961,1,0.4,Standard monitoring,Normal low-cost engagement; no paid retention incentive,38851.33209999985,522.2977521291912,1993,2064,Standard monitoring,Monitor customer value and churn risk; no paid intervention,churn-logistic-1.0.0
12641,2011-12-10,Lapsed low-value,145.9,1,0.8601438862534979,1,0.4,Priority 1 - Immediate,Personalized outreach for the highest-ranked 10%; use segment and value,38851.33209999985,125.49499300438535,276,3235,Standard monitoring,Monitor customer value and churn risk; no paid intervention,churn-logistic-1.0.0
12642,2011-12-10,Recent developing,905.26,3,0.502577487233366,1,0.4,Standard monitoring,Normal low-cost engagement; no paid retention incentive,38851.33209999985,454.96329609287693,2090,2265,Standard monitoring,Monitor customer value and churn risk; no paid intervention,churn-logistic-1.0.0
12643,2011-12-10,Champions,7393.42,11,0.562938548308756,1,0.4,Standard monitoring,Normal low-cost engagement; no paid retention incentive,38851.33209999985,4162.041121836923,1858,40,Priority 1 - Immediate,Account-manager outreach; prioritize the highest exposed customer value,churn-logistic-1.0.0
12644,2011-12-10,At-risk established,1797.54,4,0.8547548842205893,1,0.4,Priority 1 - Immediate,Personalized outreach for the highest-ranked 10%; use segment and value,38851.33209999985,1536.456094581878,316,491,Priority 2 - Targeted,Personalized retention offer for a high-value account,churn-logistic-1.0.0
12645,2011-12-10,Champions,3175.1,8,0.4283010699126875,1,0.4,Standard monitoring,Normal low-cost engagement; no paid retention incentive,38851.33209999985,1359.898727079774,2317,631,Priority 2 - Targeted,Personalized retention offer for a high-value account,churn-logistic-1.0.0
12646,2011-12-10,Recent developing,1346.97,2,0.5490176324478999,1,0.4,Standard monitoring,Normal low-cost engagement; no paid retention incentive,38851.33209999985,739.5102803783477,1918,1516,Priority 3 - Nurture,Low-cost relationship nurture for value protection,churn-logistic-1.0.0
12647,2011-12-10,Champions,14731.64,35,0.0712150740405514,0,0.4,Standard monitoring,Normal low-cost engagement; no paid retention incentive,38851.33209999985,1049.1148333387487,3223,973,Priority 3 - Nurture,Low-cost relationship nurture for value protection,churn-logistic-1.0.0
12648,2011-12-10,At-risk established,1024.0,4,0.8478310247270852,1,0.4,Priority 2 - Targeted,Targeted retention message for the next-ranked 10%,38851.33209999985,868.1789693205352,347,1256,Priority 3 - Nurture,Low-cost relationship nurture for value protection,churn-logistic-1.0.0
12649,2011-12-10,At-risk established,2060.5,8,0.6676079750539374,1,0.4,Priority 3 - Nurture,Automated email nurture or product reminder,38851.33209999985,1375.6062325986381,1375,616,Priority 2 - Targeted,Personalized retention offer for a high-value account,churn-logistic-1.0.0
12650,2011-12-10,Recent developing,242.44000000000003,1,0.7878187561022647,1,0.4,Priority 3 - Nurture,Automated email nurture or product reminder,38851.33209999985,190.99877922943307,891,3049,Standard monitoring,Monitor customer value and churn risk; no paid intervention,churn-logistic-1.0.0
12653,2011-12-10,At-risk established,4160.83,3,0.7850252571640457,1,0.4,Priority 3 - Nurture,Automated email nurture or product reminder,38851.33209999985,3266.3566407658764,911,68,Priority 1 - Immediate,Account-manager outreach; prioritize the highest exposed customer value,churn-logistic-1.0.0
12654,2011-12-10,Recent developing,529.98,5,0.6135756135967527,1,0.4,Priority 3 - Nurture,Automated email nurture or product reminder,38851.33209999985,325.182803694007,1637,2642,Standard monitoring,Monitor customer value and churn risk; no paid intervention,churn-logistic-1.0.0
12656,2011-12-10,Champions,5636.78,8,0.2964889117933426,0,0.4,Standard monitoring,Normal low-cost engagement; no paid retention incentive,38851.33209999985,1671.2427682184775,2712,393,Priority 2 - Targeted,Personalized retention offer for a high-value account,churn-logistic-1.0.0
12657,2011-12-10,Recent developing,1008.06,4,0.5325903023685757,1,0.4,Standard monitoring,Normal low-cost engagement; no paid retention incentive,38851.33209999985,536.8829802056664,1967,2027,Standard monitoring,Monitor customer value and churn risk; no paid intervention,churn-logistic-1.0.0
12658,2011-12-10,Recent developing,632.05,1,0.7778282452767519,1,0.4,Priority 3 - Nurture,Automated email nurture or product reminder,38851.33209999985,491.626342427171,954,2160,Standard monitoring,Monitor customer value and churn risk; no paid intervention,churn-logistic-1.0.0
12659,2011-12-10,Lapsed low-value,73.68,1,0.8099450270192287,1,0.4,Priority 2 - Targeted,Targeted retention message for the next-ranked 10%,38851.33209999985,59.67674959077677,649,3386,Standard monitoring,Monitor customer value and churn risk; no paid intervention,churn-logistic-1.0.0
12660,2011-12-10,Recent developing,227.1,1,0.7940868955074516,1,0.4,Priority 3 - Nurture,Automated email nurture or product reminder,38851.33209999985,180.33713396974224,824,3074,Standard monitoring,Monitor customer value and churn risk; no paid intervention,churn-logistic-1.0.0
12662,2011-12-10,Champions,6335.17,20,0.1107857193004475,0,0.4,Standard monitoring,Normal low-cost engagement; no paid retention incentive,38851.33209999985,701.846365340616,3147,1612,Priority 3 - Nurture,Low-cost relationship nurture for value protection,churn-logistic-1.0.0
12664,2011-12-10,Champions,5420.04,11,0.0893221826202735,0,0.4,Standard monitoring,Normal low-cost engagement; no paid retention incentive,38851.33209999985,484.12980268918716,3186,2178,Standard monitoring,Monitor customer value and churn risk; no paid intervention,churn-logistic-1.0.0
12667,2011-12-10,Recent developing,460.13,1,0.8050272696856936,1,0.4,Priority 3 - Nurture,Automated email nurture or product reminder,38851.33209999985,370.4171976004782,711,2511,Standard monitoring,Monitor customer value and churn risk; no paid intervention,churn-logistic-1.0.0
12668,2011-12-10,Champions,9903.71,9,0.3542411654498674,0,0.4,Standard monitoring,Normal low-cost engagement; no paid retention incentive,38851.33209999985,3508.301772677506,2562,56,Priority 1 - Immediate,Account-manager outreach; prioritize the highest exposed customer value,churn-logistic-1.0.0
12669,2011-12-10,At-risk established,1427.73,2,0.7693891532985057,1,0.4,Priority 3 - Nurture,Automated email nurture or product reminder,38851.33209999985,1098.4799758388756,1001,911,Priority 3 - Nurture,Low-cost relationship nurture for value protection,churn-logistic-1.0.0
12670,2011-12-10,Champions,3426.39,7,0.3557387147124539,0,0.4,Standard monitoring,Normal low-cost engagement; no paid retention incentive,38851.33209999985,1218.899574703605,2555,764,Priority 3 - Nurture,Low-cost relationship nurture for value protection,churn-logistic-1.0.0
12673,2011-12-10,Recent developing,1140.02,3,0.810789361006639,1,0.4,Priority 2 - Targeted,Targeted retention message for the next-ranked 10%,38851.33209999985,924.3160873347886,639,1169,Priority 3 - Nurture,Low-cost relationship nurture for value protection,churn-logistic-1.0.0
12674,2011-12-10,Recent developing,1793.41,4,0.5067583333918978,1,0.4,Standard monitoring,Normal low-cost engagement; no paid retention incentive,38851.33209999985,908.8254626883635,2075,1198,Priority 3 - Nurture,Low-cost relationship nurture for value protection,churn-logistic-1.0.0
12676,2011-12-10,Champions,2333.09,10,0.3647412304134447,0,0.4,Standard monitoring,Normal low-cost engagement; no paid retention incentive,38851.33209999985,850.9741172653038,2528,1283,Priority 3 - Nurture,Low-cost relationship nurture for value protection,churn-logistic-1.0.0
12678,2011-12-10,Champions,32165.13,15,0.0759954257662356,0,0.4,Standard monitoring,Normal low-cost engagement; no paid retention incentive,38851.33209999985,2444.4027491763177,3212,160,Priority 1 - Immediate,Account-manager outreach; prioritize the highest exposed customer value,churn-logistic-1.0.0
12679,2011-12-10,At-risk established,908.47,4,0.614387941355057,1,0.4,Priority 3 - Nurture,Automated email nurture or product reminder,38851.33209999985,558.1530130828287,1634,1963,Standard monitoring,Monitor customer value and churn risk; no paid intervention,churn-logistic-1.0.0
12680,2011-12-10,Recent developing,790.81,4,0.4211964096259344,1,0.4,Standard monitoring,Normal low-cost engagement; no paid retention incentive,38851.33209999985,333.0863326962852,2340,2629,Standard monitoring,Monitor customer value and churn risk; no paid intervention,churn-logistic-1.0.0
12681,2011-12-10,Champions,27676.76,44,0.0105990390293836,0,0.4,Standard monitoring,Normal low-cost engagement; no paid retention incentive,38851.33209999985,293.34705944688284,3389,2752,Standard monitoring,Monitor customer value and churn risk; no paid intervention,churn-logistic-1.0.0
12682,2011-12-10,Champions,21605.81,51,0.001632702777823,0,0.4,Standard monitoring,Normal low-cost engagement; no paid retention incentive,38851.33209999985,35.275866004115954,3427,3412,Standard monitoring,Monitor customer value and churn risk; no paid intervention,churn-logistic-1.0.0
12683,2011-12-10,Champions,11134.05,20,0.1060771758216821,0,0.4,Standard monitoring,Normal low-cost engagement; no paid retention incentive,38851.33209999985,1181.0685794573994,3156,803,Priority 3 - Nurture,Low-cost relationship nurture for value protection,churn-logistic-1.0.0
12684,2011-12-10,Champions,2073.63,6,0.3479332611889805,0,0.4,Standard monitoring,Normal low-cost engagement; no paid retention incentive,38851.33209999985,721.4848483993056,2575,1565,Priority 3 - Nurture,Low-cost relationship nurture for value protection,churn-logistic-1.0.0
12685,2011-12-10,Champions,2575.08,6,0.228577967489044,0,0.4,Standard monitoring,Normal low-cost engagement; no paid retention incentive,38851.33209999985,588.6065525216874,2873,1892,Standard monitoring,Monitor customer value and churn risk; no paid intervention,churn-logistic-1.0.0
12688,2011-12-10,Exceptional high-value,4873.81,1,0.6852850992848629,1,0.4,Priority 3 - Nurture,Automated email nurture or product reminder,38851.33209999985,3339.949369745558,1315,64,Priority 1 - Immediate,Account-manager outreach; prioritize the highest exposed customer value,churn-logistic-1.0.0
12689,2011-12-10,Recent developing,1139.61,2,0.6248149283323984,1,0.4,Priority 3 - Nurture,Automated email nurture or product reminder,38851.33209999985,712.0453404768845,1583,1584,Priority 3 - Nurture,Low-cost relationship nurture for value protection,churn-logistic-1.0.0
12691,2011-12-10,Recent developing,1044.4,6,0.4560012941347269,1,0.4,Standard monitoring,Normal low-cost engagement; no paid retention incentive,38851.33209999985,476.2477515943088,2234,2199,Standard monitoring,Monitor customer value and churn risk; no paid intervention,churn-logistic-1.0.0
12693,2011-12-10,At-risk established,1352.42,7,0.6381188357851566,1,0.4,Priority 3 - Nurture,Automated email nurture or product reminder,38851.33209999985,863.0046758925615,1511,1267,Priority 3 - Nurture,Low-cost relationship nurture for value protection,churn-logistic-1.0.0
12694,2011-12-10,At-risk established,1659.45,3,0.7689960579614842,1,0.4,Priority 3 - Nurture,Automated email nurture or product reminder,38851.33209999985,1276.1105083841849,1005,713,Priority 3 - Nurture,Low-cost relationship nurture for value protection,churn-logistic-1.0.0
12695,2011-12-10,Champions,1371.12,7,0.4136928586480608,1,0.4,Standard monitoring,Normal low-cost engagement; no paid retention incentive,38851.33209999985,567.2225523495291,2368,1937,Standard monitoring,Monitor customer value and churn risk; no paid intervention,churn-logistic-1.0.0
12697,2011-12-10,Recent developing,739.02,3,0.6055414026659033,1,0.4,Priority 3 - Nurture,Automated email nurture or product reminder,38851.33209999985,447.50720739815586,1674,2294,Standard monitoring,Monitor customer value and churn risk; no paid intervention,churn-logistic-1.0.0
12700,2011-12-10,Champions,4525.99,4,0.3483936523416623,0,0.4,Standard monitoring,Normal low-cost engagement; no paid retention incentive,38851.33209999985,1576.8261865618401,2573,451,Priority 2 - Targeted,Personalized retention offer for a high-value account,churn-logistic-1.0.0
12701,2011-12-10,At-risk established,2248.41,6,0.6506547989387355,1,0.4,Priority 3 - Nurture,Automated email nurture or product reminder,38851.33209999985,1462.9387564818421,1444,545,Priority 2 - Targeted,Personalized retention offer for a high-value account,churn-logistic-1.0.0
12702,2011-12-10,Recent developing,201.0,1,0.7990004105457567,1,0.4,Priority 3 - Nurture,Automated email nurture or product reminder,38851.33209999985,160.59908251969708,781,3129,Standard monitoring,Monitor customer value and churn risk; no paid intervention,churn-logistic-1.0.0
12703,2011-12-10,At-risk established,802.1800000000001,4,0.835943417152028,1,0.4,Priority 2 - Targeted,Targeted retention message for the next-ranked 10%,38851.33209999985,670.5770903710139,433,1688,Priority 3 - Nurture,Low-cost relationship nurture for value protection,churn-logistic-1.0.0
12704,2011-12-10,Champions,1740.84,8,0.2055261786269631,0,0.4,Standard monitoring,Normal low-cost engagement; no paid retention incentive,38851.33209999985,357.7881928009624,2932,2549,Standard monitoring,Monitor customer value and churn risk; no paid intervention,churn-logistic-1.0.0
12705,2011-12-10,Champions,10949.3,13,0.0907107214867072,0,0.4,Standard monitoring,Normal low-cost engagement; no paid retention incentive,38851.33209999985,993.2189027744031,3183,1044,Priority 3 - Nurture,Low-cost relationship nurture for value protection,churn-logistic-1.0.0
12708,2011-12-10,Champions,4575.01,18,0.113586390664387,0,0.4,Standard monitoring,Normal low-cost engagement; no paid retention incentive,38851.33209999985,519.6588731534772,3137,2070,Standard monitoring,Monitor customer value and churn risk; no paid intervention,churn-logistic-1.0.0
12709,2011-12-10,Champions,29390.11,32,0.0240035118987307,0,0.4,Standard monitoring,Normal low-cost engagement; no paid retention incentive,38851.33209999985,705.4658550900041,3333,1603,Priority 3 - Nurture,Low-cost relationship nurture for value protection,churn-logistic-1.0.0
12710,2011-12-10,At-risk established,1004.57,3,0.6930335472771171,1,0.4,Priority 3 - Nurture,Automated email nurture or product reminder,38851.33209999985,696.2007105881736,1286,1629,Priority 3 - Nurture,Low-cost relationship nurture for value protection,churn-logistic-1.0.0
12712,2011-12-10,Champions,6210.66,21,0.1490489253880451,0,0.4,Standard monitoring,Normal low-cost engagement; no paid retention incentive,38851.33209999985,925.6921989505162,3081,1165,Priority 3 - Nurture,Low-cost relationship nurture for value protection,churn-logistic-1.0.0
12713,2011-12-10,Exceptional high-value,794.55,1,0.7622272794999893,1,0.4,Priority 3 - Nurture,Automated email nurture or product reminder,38851.33209999985,605.6276849267164,1039,1846,Standard monitoring,Monitor customer value and churn risk; no paid intervention,churn-logistic-1.0.0
12714,2011-12-10,Champions,12815.71,12,0.1504634926535948,0,0.4,Standard monitoring,Normal low-cost engagement; no paid retention incentive,38851.33209999985,1928.2964874356012,3074,297,Priority 1 - Immediate,Account-manager outreach; prioritize the highest exposed customer value,churn-logistic-1.0.0
12715,2011-12-10,Lapsed low-value,273.86,1,0.8522115339017251,1,0.4,Priority 1 - Immediate,Personalized outreach for the highest-ranked 10%; use segment and value,38851.33209999985,233.38665067432646,328,2947,Standard monitoring,Monitor customer value and churn risk; no paid intervention,churn-logistic-1.0.0
12716,2011-12-10,Recent developing,963.49,2,0.6407666048694468,1,0.4,Priority 3 - Nurture,Automated email nurture or product reminder,38851.33209999985,617.3722161256633,1488,1811,Standard monitoring,Monitor customer value and churn risk; no paid intervention,churn-logistic-1.0.0
12717,2011-12-10,At-risk established,1058.91,3,0.874008224831464,1,0.4,Priority 1 - Immediate,Personalized outreach for the highest-ranked 10%; use segment and value,38851.33209999985,925.4960493562857,169,1166,Priority 3 - Nurture,Low-cost relationship nurture for value protection,churn-logistic-1.0.0
12718,2011-12-10,Lapsed low-value,202.25,1,0.8314458946596831,1,0.4,Priority 2 - Targeted,Targeted retention message for the next-ranked 10%,38851.33209999985,168.1599321949209,463,3105,Standard monitoring,Monitor customer value and churn risk; no paid intervention,churn-logistic-1.0.0
12719,2011-12-10,Recent developing,536.1,2,0.5972277766727644,1,0.4,Priority 3 - Nurture,Automated email nurture or product reminder,38851.33209999985,320.173811074269,1708,2658,Standard monitoring,Monitor customer value and churn risk; no paid intervention,churn-logistic-1.0.0
12720,2011-12-10,Champions,7112.72,29,0.0168544709667248,0,0.4,Standard monitoring,Normal low-cost engagement; no paid retention incentive,38851.33209999985,119.88113273444283,3361,3248,Standard monitoring,Monitor customer value and churn risk; no paid intervention,churn-logistic-1.0.0
12721,2011-12-10,Champions,3538.63,8,0.3963094834003597,0,0.4,Standard monitoring,Normal low-cost engagement; no paid retention incentive,38851.33209999985,1402.3926272450149,2429,587,Priority 2 - Targeted,Personalized retention offer for a high-value account,churn-logistic-1.0.0
12722,2011-12-10,At-risk established,920.23,4,0.5705869282024172,1,0.4,Standard monitoring,Normal low-cost engagement; no paid retention incentive,38851.33209999985,525.0712089397103,1833,2051,Standard monitoring,Monitor customer value and churn risk; no paid intervention,churn-logistic-1.0.0
12723,2011-12-10,Recent developing,707.07,5,0.5599212359732963,1,0.4,Standard monitoring,Normal low-cost engagement; no paid retention incentive,38851.33209999985,395.90350831963866,1870,2443,Standard monitoring,Monitor customer value and churn risk; no paid intervention,churn-logistic-1.0.0
12724,2011-12-10,Champions,2083.52,7,0.3801137520824686,0,0.4,Standard monitoring,Normal low-cost engagement; no paid retention incentive,38851.33209999985,791.974604738865,2489,1390,Priority 3 - Nurture,Low-cost relationship nurture for value protection,churn-logistic-1.0.0
12726,2011-12-10,Champions,3690.6,11,0.3718751930743904,0,0.4,Standard monitoring,Normal low-cost engagement; no paid retention incentive,38851.33209999985,1372.4425875603451,2506,620,Priority 2 - Targeted,Personalized retention offer for a high-value account,churn-logistic-1.0.0
12727,2011-12-10,Champions,4890.53,10,0.377657952852206,0,0.4,Standard monitoring,Normal low-cost engagement; no paid retention incentive,38851.33209999985,1846.947548162299,2495,328,Priority 1 - Immediate,Account-manager outreach; prioritize the highest exposed customer value,churn-logistic-1.0.0
12728,2011-12-10,At-risk established,926.17,5,0.6948400871020237,1,0.4,Priority 3 - Nurture,Automated email nurture or product reminder,38851.33209999985,643.5400434712813,1282,1752,Standard monitoring,Monitor customer value and churn risk; no paid intervention,churn-logistic-1.0.0
12729,2011-12-10,Lapsed low-value,417.01,1,0.85055758685554,1,0.4,Priority 1 - Immediate,Personalized outreach for the highest-ranked 10%; use segment and value,38851.33209999985,354.6910192946287,337,2556,Standard monitoring,Monitor customer value and churn risk; no paid intervention,churn-logistic-1.0.0
12731,2011-12-10,Champions,25540.21,17,0.0540562130029097,0,0.4,Standard monitoring,Normal low-cost engagement; no paid retention incentive,38851.33209999985,1380.6070318990444,3262,610,Priority 2 - Targeted,Personalized retention offer for a high-value account,churn-logistic-1.0.0
12732,2011-12-10,Lapsed low-value,218.26,1,0.8806517026160763,1,0.4,Priority 1 - Immediate,Personalized outreach for the highest-ranked 10%; use segment and value,38851.33209999985,192.2110406129848,133,3046,Standard monitoring,Monitor customer value and churn risk; no paid intervention,churn-logistic-1.0.0
12739,2011-12-10,At-risk established,2421.23,2,0.8420313528879236,1,0.4,Priority 2 - Targeted,Targeted retention message for the next-ranked 10%,38851.33209999985,2038.7515725528274,384,256,Priority 1 - Immediate,Account-manager outreach; prioritize the highest exposed customer value,churn-logistic-1.0.0
12740,2011-12-10,Recent developing,427.6,1,0.8201152587777636,1,0.4,Priority 2 - Targeted,Targeted retention message for the next-ranked 10%,38851.33209999985,350.68128465337173,562,2572,Standard monitoring,Monitor customer value and churn risk; no paid intervention,churn-logistic-1.0.0
12743,2011-12-10,Lapsed low-value,546.43,2,0.8502072098344394,1,0.4,Priority 1 - Immediate,Personalized outreach for the highest-ranked 10%; use segment and value,38851.33209999985,464.5787256698327,340,2227,Standard monitoring,Monitor customer value and churn risk; no paid intervention,churn-logistic-1.0.0
12744,2011-12-10,Champions,13158.16,8,0.3606283443803118,0,0.4,Standard monitoring,Normal low-cost engagement; no paid retention incentive,38851.33209999985,4745.205455891244,2542,28,Priority 1 - Immediate,Account-manager outreach; prioritize the highest exposed customer value,churn-logistic-1.0.0
12747,2011-12-10,Champions,9196.69,26,0.0889620698115494,0,0.4,Standard monitoring,Normal low-cost engagement; no paid retention incentive,38851.33209999985,818.1565778151784,3187,1345,Priority 3 - Nurture,Low-cost relationship nurture for value protection,churn-logistic-1.0.0
12748,2011-12-10,Exceptional high-value,49482.13,318,8.147113110700906e-13,0,0.4,Standard monitoring,Normal low-cost engagement; no paid retention incentive,38851.33209999985,3.165261971201037e-08,3462,3461,Standard monitoring,Monitor customer value and churn risk; no paid intervention,churn-logistic-1.0.0
12749,2011-12-10,Champions,6288.44,9,0.2314688186092922,0,0.4,Standard monitoring,Normal low-cost engagement; no paid retention incentive,38851.33209999985,1455.5777776954174,2866,549,Priority 2 - Targeted,Personalized retention offer for a high-value account,churn-logistic-1.0.0
12750,2011-12-10,Lapsed low-value,275.88,1,0.8611673062606758,1,0.4,Priority 1 - Immediate,Personalized outreach for the highest-ranked 10%; use segment and value,38851.33209999985,237.57883645119526,266,2936,Standard monitoring,Monitor customer value and churn risk; no paid intervention,churn-logistic-1.0.0
12752,2011-12-10,Exceptional high-value,4366.78,1,0.6994328097846952,1,0.4,Priority 3 - Nurture,Automated email nurture or product reminder,38851.33209999985,3054.2692051116114,1264,87,Priority 1 - Immediate,Account-manager outreach; prioritize the highest exposed customer value,churn-logistic-1.0.0
12753,2011-12-10,Champions,21022.58,6,0.2445941980071876,0,0.4,Standard monitoring,Normal low-cost engagement; no paid retention incentive,38851.33209999985,5142.001095141943,2835,23,Priority 1 - Immediate,Account-manager outreach; prioritize the highest exposed customer value,churn-logistic-1.0.0
12756,2011-12-10,Lapsed low-value,112.07999999999998,1,0.8431973443705094,1,0.4,Priority 2 - Targeted,Targeted retention message for the next-ranked 10%,38851.33209999985,94.50555835704668,379,3321,Standard monitoring,Monitor customer value and churn risk; no paid intervention,churn-logistic-1.0.0
12757,2011-12-10,Champions,4184.2,9,0.134642828351664,0,0.4,Standard monitoring,Normal low-cost engagement; no paid retention incentive,38851.33209999985,563.3725223890325,3106,1945,Standard monitoring,Monitor customer value and churn risk; no paid intervention,churn-logistic-1.0.0
12758,2011-12-10,At-risk established,9779.0,7,0.5560960122455066,1,0.4,Standard monitoring,Normal low-cost engagement; no paid retention incentive,38851.33209999985,5438.06290374881,1889,18,Priority 1 - Immediate,Account-manager outreach; prioritize the highest exposed customer value,churn-logistic-1.0.0
12759,2011-12-10,Champions,4618.74,8,0.3903238142074618,0,0.4,Standard monitoring,Normal low-cost engagement; no paid retention incentive,38851.33209999985,1802.804213632572,2446,344,Priority 1 - Immediate,Account-manager outreach; prioritize the highest exposed customer value,churn-logistic-1.0.0
12762,2011-12-10,Recent developing,1702.52,2,0.510104313747651,1,0.4,Standard monitoring,Normal low-cost engagement; no paid retention incentive,38851.33209999985,868.4627962416507,2048,1255,Priority 3 - Nurture,Low-cost relationship nurture for value protection,churn-logistic-1.0.0
12763,2011-12-10,At-risk established,814.16,2,0.8596181108063488,1,0.4,Priority 1 - Immediate,Personalized outreach for the highest-ranked 10%; use segment and value,38851.33209999985,699.8666810940969,285,1617,Priority 3 - Nurture,Low-cost relationship nurture for value protection,churn-logistic-1.0.0
12766,2011-12-10,Champions,9074.43,9,0.2282975651081482,0,0.4,Standard monitoring,Normal low-cost engagement; no paid retention incentive,38851.33209999985,2071.6702737443334,2875,246,Priority 1 - Immediate,Account-manager outreach; prioritize the highest exposed customer value,churn-logistic-1.0.0
12772,2011-12-10,Recent developing,752.47,1,0.7898069200107634,1,0.4,Priority 3 - Nurture,Automated email nurture or product reminder,38851.33209999985,594.3060131004992,870,1873,Standard monitoring,Monitor customer value and churn risk; no paid intervention,churn-logistic-1.0.0
12775,2011-12-10,Champions,1516.32,7,0.5875505724942762,1,0.4,Standard monitoring,Normal low-cost engagement; no paid retention incentive,38851.33209999985,890.9146840845209,1746,1223,Priority 3 - Nurture,Low-cost relationship nurture for value protection,churn-logistic-1.0.0
12778,2011-12-10,Champions,1541.68,9,0.4242509923818218,1,0.4,Standard monitoring,Normal low-cost engagement; no paid retention incentive,38851.33209999985,654.059269935207,2329,1729,Priority 3 - Nurture,Low-cost relationship nurture for value protection,churn-logistic-1.0.0
12779,2011-12-10,Champions,6389.96,14,0.3505606163160176,0,0.4,Standard monitoring,Normal low-cost engagement; no paid retention incentive,38851.33209999985,2240.0683158346997,2570,202,Priority 1 - Immediate,Account-manager outreach; prioritize the highest exposed customer value,churn-logistic-1.0.0
12781,2011-12-10,Recent developing,707.48,2,0.8120890654641584,1,0.4,Priority 2 - Targeted,Targeted retention message for the next-ranked 10%,38851.33209999985,574.5367720345828,628,1924,Standard monitoring,Monitor customer value and churn risk; no paid intervention,churn-logistic-1.0.0
12782,2011-12-10,Champions,3776.79,11,0.3675999584869796,0,0.4,Standard monitoring,Normal low-cost engagement; no paid retention incentive,38851.33209999985,1388.3478472140398,2517,602,Priority 2 - Targeted,Personalized retention offer for a high-value account,churn-logistic-1.0.0
12783,2011-12-10,Recent developing,1295.87,4,0.3846309346357652,0,0.4,Standard monitoring,Normal low-cost engagement; no paid retention incentive,38851.33209999985,498.431689266449,2474,2141,Standard monitoring,Monitor customer value and churn risk; no paid intervention,churn-logistic-1.0.0
12784,2011-12-10,Recent developing,1552.75,2,0.888130113223575,1,0.4,Priority 1 - Immediate,Personalized outreach for the highest-ranked 10%; use segment and value,38851.33209999985,1379.0440333079061,113,611,Priority 2 - Targeted,Personalized retention offer for a high-value account,churn-logistic-1.0.0
12787,2011-12-10,Recent developing,799.18,4,0.6017054395848004,1,0.4,Priority 3 - Nurture,Automated email nurture or product reminder,38851.33209999985,480.87095320738075,1690,2186,Standard monitoring,Monitor customer value and churn risk; no paid intervention,churn-logistic-1.0.0
12789,2011-12-10,Recent developing,225.35,3,0.8991495949001951,1,0.4,Priority 1 - Immediate,Personalized outreach for the highest-ranked 10%; use segment and value,38851.33209999985,202.62336121075896,95,3023,Standard monitoring,Monitor customer value and churn risk; no paid intervention,churn-logistic-1.0.0
12794,2011-12-10,Recent developing,860.41,2,0.6099409995269894,1,0.4,Priority 3 - Nurture,Automated email nurture or product reminder,38851.33209999985,524.7993354030169,1649,2053,Standard monitoring,Monitor customer value and churn risk; no paid intervention,churn-logistic-1.0.0
12795,2011-12-10,Recent developing,318.48,1,0.7941582217102418,1,0.4,Priority 3 - Nurture,Automated email nurture or product reminder,38851.33209999985,252.9235104502778,823,2887,Standard monitoring,Monitor customer value and churn risk; no paid intervention,churn-logistic-1.0.0
12798,2011-12-10,Champions,8510.93,4,0.3937845570915821,0,0.4,Standard monitoring,Normal low-cost engagement; no paid retention incentive,38851.33209999985,3351.472800487459,2439,63,Priority 1 - Immediate,Account-manager outreach; prioritize the highest exposed customer value,churn-logistic-1.0.0
12808,2011-12-10,Recent developing,850.1,5,0.6711898918489715,1,0.4,Priority 3 - Nurture,Automated email nurture or product reminder,38851.33209999985,570.5785270608106,1357,1932,Standard monitoring,Monitor customer value and churn risk; no paid intervention,churn-logistic-1.0.0
12809,2011-12-10,At-risk established,1349.64,3,0.9116640494113212,1,0.4,Priority 1 - Immediate,Personalized outreach for the highest-ranked 10%; use segment and value,38851.33209999985,1230.4182676474957,72,753,Priority 3 - Nurture,Low-cost relationship nurture for value protection,churn-logistic-1.0.0
12812,2011-12-10,Recent developing,229.64,1,0.809683798057469,1,0.4,Priority 2 - Targeted,Targeted retention message for the next-ranked 10%,38851.33209999985,185.93578738591717,652,3060,Standard monitoring,Monitor customer value and churn risk; no paid intervention,churn-logistic-1.0.0
12814,2011-12-10,Lapsed low-value,85.92,1,0.8578276861893184,1,0.4,Priority 1 - Immediate,Personalized outreach for the highest-ranked 10%; use segment and value,38851.33209999985,73.70455479738624,295,3368,Standard monitoring,Monitor customer value and churn risk; no paid intervention,churn-logistic-1.0.0
12815,2011-12-10,At-risk established,863.46,2,0.7588946315212987,1,0.4,Priority 3 - Nurture,Automated email nurture or product reminder,38851.33209999985,655.2751585333806,1052,1726,Priority 3 - Nurture,Low-cost relationship nurture for value protection,churn-logistic-1.0.0
12816,2011-12-10,Lapsed low-value,452.2000000000001,2,0.7388153331138224,1,0.4,Priority 3 - Nurture,Automated email nurture or product reminder,38851.33209999985,334.0922936340706,1114,2626,Standard monitoring,Monitor customer value and churn risk; no paid intervention,churn-logistic-1.0.0
12820,2011-12-10,Champions,2647.94,11,0.272987343358638,0,0.4,Standard monitoring,Normal low-cost engagement; no paid retention incentive,38851.33209999985,722.8541059730719,2768,1560,Priority 3 - Nurture,Low-cost relationship nurture for value protection,churn-logistic-1.0.0
12822,2011-12-10,Recent developing,918.98,2,0.6191000891829097,1,0.4,Priority 3 - Nurture,Automated email nurture or product reminder,38851.33209999985,568.9405999573104,1613,1935,Standard monitoring,Monitor customer value and churn risk; no paid intervention,churn-logistic-1.0.0
12823,2011-12-10,Champions,6501.5,18,0.4049046915680443,1,0.4,Standard monitoring,Normal low-cost engagement; no paid retention incentive,38851.33209999985,2632.4878522296403,2396,135,Priority 1 - Immediate,Account-manager outreach; prioritize the highest exposed customer value,churn-logistic-1.0.0
12824,2011-12-10,Recent developing,397.12,1,0.8088143617930014,1,0.4,Priority 2 - Targeted,Targeted retention message for the next-ranked 10%,38851.33209999985,321.1963593552367,665,2657,Standard monitoring,Monitor customer value and churn risk; no paid intervention,churn-logistic-1.0.0
12826,2011-12-10,Champions,2945.2000000000003,12,0.1916830599374795,0,0.4,Standard monitoring,Normal low-cost engagement; no paid retention incentive,38851.33209999985,564.5449481278647,2967,1942,Standard monitoring,Monitor customer value and churn risk; no paid intervention,churn-logistic-1.0.0
12827,2011-12-10,Recent developing,430.15,3,0.495544908998502,1,0.4,Standard monitoring,Normal low-cost engagement; no paid retention incentive,38851.33209999985,213.15864260570564,2115,2997,Standard monitoring,Monitor customer value and churn risk; no paid intervention,churn-logistic-1.0.0
12828,2011-12-10,Recent developing,1018.71,6,0.2900740902484129,0,0.4,Standard monitoring,Normal low-cost engagement; no paid retention incentive,38851.33209999985,295.50137647696073,2734,2738,Standard monitoring,Monitor customer value and churn risk; no paid intervention,churn-logistic-1.0.0
12830,2011-12-10,Champions,6814.64,6,0.5078291699366638,1,0.4,Standard monitoring,Normal low-cost engagement; no paid retention incentive,38851.33209999985,3460.672974617187,2064,58,Priority 1 - Immediate,Account-manager outreach; prioritize the highest exposed customer value,churn-logistic-1.0.0
12832,2011-12-10,Recent developing,383.03,2,0.6353857796890392,1,0.4,Priority 3 - Nurture,Automated email nurture or product reminder,38851.33209999985,243.37181519429268,1525,2918,Standard monitoring,Monitor customer value and churn risk; no paid intervention,churn-logistic-1.0.0
12833,2011-12-10,Lapsed low-value,417.38,1,0.8626262528219292,1,0.4,Priority 1 - Immediate,Personalized outreach for the highest-ranked 10%; use segment and value,38851.33209999985,360.04294540281677,251,2540,Standard monitoring,Monitor customer value and churn risk; no paid intervention,churn-logistic-1.0.0
12836,2011-12-10,Champions,6546.47,15,0.2545238052715709,0,0.4,Standard monitoring,Normal low-cost engagement; no paid retention incentive,38851.33209999985,1666.232455496181,2812,396,Priority 2 - Targeted,Personalized retention offer for a high-value account,churn-logistic-1.0.0
12837,2011-12-10,Lapsed low-value,688.41,2,0.9172847936467268,1,0.4,Priority 1 - Immediate,Personalized outreach for the highest-ranked 10%; use segment and value,38851.33209999985,631.4680247943431,59,1784,Standard monitoring,Monitor customer value and churn risk; no paid intervention,churn-logistic-1.0.0
12838,2011-12-10,Champions,3376.03,10,0.4903737745375539,1,0.4,Standard monitoring,Normal low-cost engagement; no paid retention incentive,38851.33209999985,1655.516574052018,2131,405,Priority 2 - Targeted,Personalized retention offer for a high-value account,churn-logistic-1.0.0
12839,2011-12-10,Champions,9962.33,26,0.0267943606782229,0,0.4,Standard monitoring,Normal low-cost engagement; no paid retention incentive,38851.33209999985,266.93426321548037,3322,2851,Standard monitoring,Monitor customer value and churn risk; no paid intervention,churn-logistic-1.0.0
12840,2011-12-10,At-risk established,4013.87,7,0.6432813461203924,1,0.4,Priority 3 - Nurture,Automated email nurture or product reminder,38851.33209999985,2582.0476967522595,1479,138,Priority 1 - Immediate,Account-manager outreach; prioritize the highest exposed customer value,churn-logistic-1.0.0
12841,2011-12-10,Champions,7394.38,40,0.0077590888622917,0,0.4,Standard monitoring,Normal low-cost engagement; no paid retention incentive,38851.33209999985,57.3736515015525,3398,3391,Standard monitoring,Monitor customer value and churn risk; no paid intervention,churn-logistic-1.0.0
12842,2011-12-10,At-risk established,1917.99,4,0.7875510305886146,1,0.4,Priority 3 - Nurture,Automated email nurture or product reminder,38851.33209999985,1510.515001158657,896,514,Priority 2 - Targeted,Personalized retention offer for a high-value account,churn-logistic-1.0.0
12843,2011-12-10,Champions,6252.12,28,0.1978500373548052,0,0.4,Standard monitoring,Normal low-cost engagement; no paid retention incentive,38851.33209999985,1236.9821755467246,2953,748,Priority 3 - Nurture,Low-cost relationship nurture for value protection,churn-logistic-1.0.0
12844,2011-12-10,Recent developing,648.6,4,0.6263588263240756,1,0.4,Priority 3 - Nurture,Automated email nurture or product reminder,38851.33209999985,406.25633475379544,1573,2409,Standard monitoring,Monitor customer value and churn risk; no paid intervention,churn-logistic-1.0.0
12847,2011-12-10,Recent developing,1636.9,2,0.8288568855471388,1,0.4,Priority 2 - Targeted,Targeted retention message for the next-ranked 10%,38851.33209999985,1356.7558359521115,490,636,Priority 2 - Targeted,Personalized retention offer for a high-value account,churn-logistic-1.0.0
12849,2011-12-10,Champions,3064.07,6,0.6121054904731013,1,0.4,Priority 3 - Nurture,Automated email nurture or product reminder,38851.33209999985,1875.5340701939156,1642,316,Priority 1 - Immediate,Account-manager outreach; prioritize the highest exposed customer value,churn-logistic-1.0.0
12851,2011-12-10,Lapsed low-value,284.13,2,0.8974609346215585,1,0.4,Priority 1 - Immediate,Personalized outreach for the highest-ranked 10%; use segment and value,38851.33209999985,254.99557535402343,96,2882,Standard monitoring,Monitor customer value and churn risk; no paid intervention,churn-logistic-1.0.0
12853,2011-12-10,At-risk established,3712.3,11,0.6515789398235888,1,0.4,Priority 3 - Nurture,Automated email nurture or product reminder,38851.33209999985,2418.8564983071087,1438,162,Priority 1 - Immediate,Account-manager outreach; prioritize the highest exposed customer value,churn-logistic-1.0.0
12854,2011-12-10,At-risk established,2922.37,7,0.5509880967766199,1,0.4,Standard monitoring,Normal low-cost engagement; no paid retention incentive,38851.33209999985,1610.1910843770904,1910,430,Priority 2 - Targeted,Personalized retention offer for a high-value account,churn-logistic-1.0.0
12856,2011-12-10,Champions,2162.68,6,0.2074227930180191,0,0.4,Standard monitoring,Normal low-cost engagement; no paid retention incentive,38851.33209999985,448.5891260042095,2927,2293,Standard monitoring,Monitor customer value and churn risk; no paid intervention,churn-logistic-1.0.0
12863,2011-12-10,At-risk established,2775.55,6,0.6506611455872203,1,0.4,Priority 3 - Nurture,Automated email nurture or product reminder,38851.33209999985,1805.9425426346095,1443,343,Priority 1 - Immediate,Account-manager outreach; prioritize the highest exposed customer value,churn-logistic-1.0.0
12864,2011-12-10,Lapsed low-value,299.57,2,0.91496936657042,1,0.4,Priority 1 - Immediate,Personalized outreach for the highest-ranked 10%; use segment and value,38851.33209999985,274.0973731435007,64,2825,Standard monitoring,Monitor customer value and churn risk; no paid intervention,churn-logistic-1.0.0
12865,2011-12-10,Recent developing,3303.31,4,0.5235452784502472,1,0.4,Standard monitoring,Normal low-cost engagement; no paid retention incentive,38851.33209999985,1729.4323537574862,2004,371,Priority 2 - Targeted,Personalized retention offer for a high-value account,churn-logistic-1.0.0
12867,2011-12-10,Champions,7866.17,13,0.1609690249299454,0,0.4,Standard monitoring,Normal low-cost engagement; no paid retention incentive,38851.33209999985,1266.2097148331886,3047,723,Priority 3 - Nurture,Low-cost relationship nurture for value protection,churn-logistic-1.0.0
12871,2011-12-10,At-risk established,744.02,3,0.7972724368286831,1,0.4,Priority 3 - Nurture,Automated email nurture or product reminder,38851.33209999985,593.1866384492768,792,1875,Standard monitoring,Monitor customer value and churn risk; no paid intervention,churn-logistic-1.0.0
12875,2011-12-10,At-risk established,1356.99,5,0.7415788087938907,1,0.4,Priority 3 - Nurture,Automated email nurture or product reminder,38851.33209999985,1006.3150277452218,1107,1026,Priority 3 - Nurture,Low-cost relationship nurture for value protection,churn-logistic-1.0.0
12876,2011-12-10,At-risk established,3738.59,4,0.6366198659939453,1,0.4,Priority 3 - Nurture,Automated email nurture or product reminder,38851.33209999985,2380.060664806304,1518,171,Priority 1 - Immediate,Account-manager outreach; prioritize the highest exposed customer value,churn-logistic-1.0.0
12877,2011-12-10,Champions,2955.17,20,0.1130818386246802,0,0.4,Standard monitoring,Normal low-cost engagement; no paid retention incentive,38851.33209999985,334.1760570484962,3138,2624,Standard monitoring,Monitor customer value and churn risk; no paid intervention,churn-logistic-1.0.0
12879,2011-12-10,Recent developing,554.97,3,0.5419125638079574,1,0.4,Standard monitoring,Normal low-cost engagement; no paid retention incentive,38851.33209999985,300.74521553650214,1942,2723,Standard monitoring,Monitor customer value and churn risk; no paid intervention,churn-logistic-1.0.0
12882,2011-12-10,Recent developing,1463.04,2,0.5410733049880652,1,0.4,Standard monitoring,Normal low-cost engagement; no paid retention incentive,38851.33209999985,791.6118881297389,1943,1392,Priority 3 - Nurture,Low-cost relationship nurture for value protection,churn-logistic-1.0.0
12883,2011-12-10,Recent developing,703.47,4,0.6886946540953455,1,0.4,Priority 3 - Nurture,Automated email nurture or product reminder,38851.33209999985,484.4760283164527,1297,2176,Standard monitoring,Monitor customer value and churn risk; no paid intervention,churn-logistic-1.0.0
12884,2011-12-10,Lapsed low-value,309.05,1,0.8380322696157871,1,0.4,Priority 2 - Targeted,Targeted retention message for the next-ranked 10%,38851.33209999985,258.99387292475905,416,2871,Standard monitoring,Monitor customer value and churn risk; no paid intervention,churn-logistic-1.0.0
12885,2011-12-10,At-risk established,1158.27,3,0.633473920895754,1,0.4,Priority 3 - Nurture,Automated email nurture or product reminder,38851.33209999985,733.7338383559251,1532,1532,Priority 3 - Nurture,Low-cost relationship nurture for value protection,churn-logistic-1.0.0
12886,2011-12-10,Recent developing,1351.09,2,0.7486921389456409,1,0.4,Priority 3 - Nurture,Automated email nurture or product reminder,38851.33209999985,1011.5504620080659,1087,1016,Priority 3 - Nurture,Low-cost relationship nurture for value protection,churn-logistic-1.0.0
12890,2011-12-10,Recent developing,717.27,2,0.8347151762909191,1,0.4,Priority 2 - Targeted,Targeted retention message for the next-ranked 10%,38851.33209999985,598.7161544981875,440,1864,Standard monitoring,Monitor customer value and churn risk; no paid intervention,churn-logistic-1.0.0
12893,2011-12-10,Recent developing,188.14,1,0.8006647938986541,1,0.4,Priority 3 - Nurture,Automated email nurture or product reminder,38851.33209999985,150.63707432409277,756,3158,Standard monitoring,Monitor customer value and churn risk; no paid intervention,churn-logistic-1.0.0
12895,2011-12-10,Recent developing,347.3,2,0.6240718806448958,1,0.4,Priority 3 - Nurture,Automated email nurture or product reminder,38851.33209999985,216.74016414797234,1586,2987,Standard monitoring,Monitor customer value and churn risk; no paid intervention,churn-logistic-1.0.0
12901,2011-12-10,Champions,16285.18,28,0.0243361888274355,0,0.4,Standard monitoring,Normal low-cost engagement; no paid retention incentive,38851.33209999985,396.3192155687761,3332,2441,Standard monitoring,Monitor customer value and churn risk; no paid intervention,churn-logistic-1.0.0
12904,2011-12-10,Recent developing,509.58,2,0.679431719330074,1,0.4,Priority 3 - Nurture,Automated email nurture or product reminder,38851.33209999985,346.22481553621907,1333,2585,Standard monitoring,Monitor customer value and churn risk; no paid intervention,churn-logistic-1.0.0
12906,2011-12-10,Champions,2919.81,5,0.6644343202928431,1,0.4,Priority 3 - Nurture,Automated email nurture or product reminder,38851.33209999985,1940.0219727342462,1383,292,Priority 1 - Immediate,Account-manager outreach; prioritize the highest exposed customer value,churn-logistic-1.0.0
12908,2011-12-10,At-risk established,1458.0,4,0.7996617130752564,1,0.4,Priority 3 - Nurture,Automated email nurture or product reminder,38851.33209999985,1165.9067776637237,775,818,Priority 3 - Nurture,Low-cost relationship nurture for value protection,churn-logistic-1.0.0
12909,2011-12-10,Champions,3036.02,8,0.4487040212604353,1,0.4,Standard monitoring,Normal low-cost engagement; no paid retention incentive,38851.33209999985,1362.2743826271067,2254,629,Priority 2 - Targeted,Personalized retention offer for a high-value account,churn-logistic-1.0.0
12910,2011-12-10,Champions,5747.02,13,0.2614943207415632,0,0.4,Standard monitoring,Normal low-cost engagement; no paid retention incentive,38851.33209999985,1502.8130911881788,2795,518,Priority 2 - Targeted,Personalized retention offer for a high-value account,churn-logistic-1.0.0
12912,2011-12-10,Recent developing,1662.3,5,0.3111297321821605,0,0.4,Standard monitoring,Normal low-cost engagement; no paid retention incentive,38851.33209999985,517.1909538064053,2672,2077,Standard monitoring,Monitor customer value and churn risk; no paid intervention,churn-logistic-1.0.0
12913,2011-12-10,Champions,6700.860000000001,13,0.3005528000415297,0,0.4,Standard monitoring,Normal low-cost engagement; no paid retention incentive,38851.33209999985,2013.9622356862847,2704,261,Priority 1 - Immediate,Account-manager outreach; prioritize the highest exposed customer value,churn-logistic-1.0.0
12915,2011-12-10,At-risk established,1084.85,4,0.7751014817743563,1,0.4,Priority 3 - Nurture,Automated email nurture or product reminder,38851.33209999985,840.8688425029104,961,1303,Priority 3 - Nurture,Low-cost relationship nurture for value protection,churn-logistic-1.0.0
12916,2011-12-10,At-risk established,4632.22,7,0.6068266586708827,1,0.4,Priority 3 - Nurture,Automated email nurture or product reminder,38851.33209999985,2810.9545848284365,1670,114,Priority 1 - Immediate,Account-manager outreach; prioritize the highest exposed customer value,churn-logistic-1.0.0
12917,2011-12-10,At-risk established,4329.5,6,0.7342011886504963,1,0.4,Priority 3 - Nurture,Automated email nurture or product reminder,38851.33209999985,3178.724046262324,1134,76,Priority 1 - Immediate,Account-manager outreach; prioritize the highest exposed customer value,churn-logistic-1.0.0
12919,2011-12-10,Recent developing,1301.44,6,0.2753346846356447,0,0.4,Standard monitoring,Normal low-cost engagement; no paid retention incentive,38851.33209999985,358.33157197221345,2760,2546,Standard monitoring,Monitor customer value and churn risk; no paid intervention,churn-logistic-1.0.0
12920,2011-12-10,Recent developing,488.09,4,0.912598582807485,1,0.4,Priority 1 - Immediate,Personalized outreach for the highest-ranked 10%; use segment and value,38851.33209999985,445.43024228250533,66,2301,Standard monitoring,Monitor customer value and churn risk; no paid intervention,churn-logistic-1.0.0
12921,2011-12-10,Exceptional high-value,34831.89,73,0.0021353192204023,0,0.4,Standard monitoring,Normal low-cost engagement; no paid retention incentive,38851.33209999985,74.37720419993866,3422,3366,Standard monitoring,Monitor customer value and churn risk; no paid intervention,churn-logistic-1.0.0
12922,2011-12-10,Lapsed low-value,405.38,1,0.8684592401524168,1,0.4,Priority 1 - Immediate,Personalized outreach for the highest-ranked 10%; use segment and value,38851.33209999985,352.05600677298673,209,2565,Standard monitoring,Monitor customer value and churn risk; no paid intervention,churn-logistic-1.0.0
12923,2011-12-10,Recent developing,788.62,3,0.829396457049871,1,0.4,Priority 2 - Targeted,Targeted retention message for the next-ranked 10%,38851.33209999985,654.0786339586692,482,1728,Priority 3 - Nurture,Low-cost relationship nurture for value protection,churn-logistic-1.0.0
12924,2011-12-10,Champions,2415.56,12,0.5255618608626367,1,0.4,Standard monitoring,Normal low-cost engagement; no paid retention incentive,38851.33209999985,1269.5262086253506,1991,719,Priority 3 - Nurture,Low-cost relationship nurture for value protection,churn-logistic-1.0.0
12925,2011-12-10,Recent developing,729.3299999999999,3,0.8528961341154733,1,0.4,Priority 1 - Immediate,Personalized outreach for the highest-ranked 10%; use segment and value,38851.33209999985,622.042737494438,325,1803,Standard monitoring,Monitor customer value and churn risk; no paid intervention,churn-logistic-1.0.0
12928,2011-12-10,Champions,4304.89,12,0.3044883447750251,0,0.4,Standard monitoring,Normal low-cost engagement; no paid retention incentive,38851.33209999985,1310.788830538558,2694,678,Priority 2 - Targeted,Personalized retention offer for a high-value account,churn-logistic-1.0.0
12930,2011-12-10,Recent developing,409.9,2,0.6967171326758992,1,0.4,Priority 3 - Nurture,Automated email nurture or product reminder,38851.33209999985,285.5843526838511,1273,2778,Standard monitoring,Monitor customer value and churn risk; no paid intervention,churn-logistic-1.0.0
12931,2011-12-10,Exceptional high-value,71110.08,52,0.1034456888201202,0,0.4,Standard monitoring,Normal low-cost engagement; no paid retention incentive,38851.33209999985,4019.0028106637315,3165,41,Priority 1 - Immediate,Account-manager outreach; prioritize the highest exposed customer value,churn-logistic-1.0.0
12933,2011-12-10,Champions,1668.08,8,0.4410240527703275,1,0.4,Standard monitoring,Normal low-cost engagement; no paid retention incentive,38851.33209999985,735.6634019451279,2280,1525,Priority 3 - Nurture,Low-cost relationship nurture for value protection,churn-logistic-1.0.0
12935,2011-12-10,Champions,4182.01,15,0.2278850560000157,0,0.4,Standard monitoring,Normal low-cost engagement; no paid retention incentive,38851.33209999985,953.0175830426258,2877,1115,Priority 3 - Nurture,Low-cost relationship nurture for value protection,churn-logistic-1.0.0
12936,2011-12-10,Recent developing,1004.9,4,0.5558004187241691,1,0.4,Standard monitoring,Normal low-cost engagement; no paid retention incentive,38851.33209999985,558.5238407759175,1891,1962,Standard monitoring,Monitor customer value and churn risk; no paid intervention,churn-logistic-1.0.0
12937,2011-12-10,Champions,3097.61,9,0.3692777087371115,0,0.4,Standard monitoring,Normal low-cost engagement; no paid retention incentive,38851.33209999985,1143.8783233611641,2512,852,Priority 3 - Nurture,Low-cost relationship nurture for value protection,churn-logistic-1.0.0
12938,2011-12-10,Recent developing,114.14,1,0.8054986784227678,1,0.4,Priority 3 - Nurture,Automated email nurture or product reminder,38851.33209999985,91.93961915517471,704,3330,Standard monitoring,Monitor customer value and churn risk; no paid intervention,churn-logistic-1.0.0
12939,2011-12-10,Champions,25264.8,20,0.2295713526394726,0,0.4,Standard monitoring,Normal low-cost engagement; no paid retention incentive,38851.33209999985,5800.074310165747,2870,12,Priority 1 - Immediate,Account-manager outreach; prioritize the highest exposed customer value,churn-logistic-1.0.0
12940,2011-12-10,Recent developing,877.54,2,0.5724216876145671,1,0.4,Standard monitoring,Normal low-cost engagement; no paid retention incentive,38851.33209999985,502.3229277492872,1820,2122,Standard monitoring,Monitor customer value and churn risk; no paid intervention,churn-logistic-1.0.0
12942,2011-12-10,At-risk established,942.65,3,0.7894753382914925,1,0.4,Priority 3 - Nurture,Automated email nurture or product reminder,38851.33209999985,744.1989276404754,872,1504,Priority 3 - Nurture,Low-cost relationship nurture for value protection,churn-logistic-1.0.0
12944,2011-12-10,Recent developing,604.51,2,0.8419853177809982,1,0.4,Priority 2 - Targeted,Targeted retention message for the next-ranked 10%,38851.33209999985,508.9885444517912,385,2101,Standard monitoring,Monitor customer value and churn risk; no paid intervention,churn-logistic-1.0.0
12947,2011-12-10,At-risk established,1711.33,6,0.6879341558413017,1,0.4,Priority 3 - Nurture,Automated email nurture or product reminder,38851.33209999985,1177.2823589158947,1301,807,Priority 3 - Nurture,Low-cost relationship nurture for value protection,churn-logistic-1.0.0
12948,2011-12-10,Champions,2306.18,9,0.2830873673127924,0,0.4,Standard monitoring,Normal low-cost engagement; no paid retention incentive,38851.33209999985,652.8504247494155,2748,1732,Priority 3 - Nurture,Low-cost relationship nurture for value protection,churn-logistic-1.0.0
12949,2011-12-10,Champions,15391.0,22,0.1970589120049374,0,0.4,Standard monitoring,Normal low-cost engagement; no paid retention incentive,38851.33209999985,3032.9337146679914,2954,88,Priority 1 - Immediate,Account-manager outreach; prioritize the highest exposed customer value,churn-logistic-1.0.0
12950,2011-12-10,Recent developing,1843.0,3,0.4548874218049819,1,0.4,Standard monitoring,Normal low-cost engagement; no paid retention incentive,38851.33209999985,838.3575183865815,2236,1307,Priority 3 - Nurture,Low-cost relationship nurture for value protection,churn-logistic-1.0.0
12951,2011-12-10,Champions,3164.42,15,0.3044425992622405,0,0.4,Standard monitoring,Normal low-cost engagement; no paid retention incentive,38851.33209999985,963.3842499574191,2695,1094,Priority 3 - Nurture,Low-cost relationship nurture for value protection,churn-logistic-1.0.0
12952,2011-12-10,Recent developing,1382.84,4,0.4909442352034563,1,0.4,Standard monitoring,Normal low-cost engagement; no paid retention incentive,38851.33209999985,678.8973262087475,2129,1669,Priority 3 - Nurture,Low-cost relationship nurture for value protection,churn-logistic-1.0.0
12953,2011-12-10,Recent developing,828.8100000000001,2,0.904199520446213,1,0.4,Priority 1 - Immediate,Personalized outreach for the highest-ranked 10%; use segment and value,38851.33209999985,749.4096045410258,82,1490,Priority 3 - Nurture,Low-cost relationship nurture for value protection,churn-logistic-1.0.0
12955,2011-12-10,Champions,4734.26,11,0.085393739186541,0,0.4,Standard monitoring,Normal low-cost engagement; no paid retention incentive,38851.33209999985,404.2761636812736,3193,2418,Standard monitoring,Monitor customer value and churn risk; no paid intervention,churn-logistic-1.0.0
12957,2011-12-10,Champions,8628.42,13,0.1741091197883731,0,0.4,Standard monitoring,Normal low-cost engagement; no paid retention incentive,38851.33209999985,1502.2866113643943,3011,519,Priority 2 - Targeted,Personalized retention offer for a high-value account,churn-logistic-1.0.0
12962,2011-12-10,Recent developing,266.39,2,0.6576352390279189,1,0.4,Priority 3 - Nurture,Automated email nurture or product reminder,38851.33209999985,175.1874513246473,1408,3090,Standard monitoring,Monitor customer value and churn risk; no paid intervention,churn-logistic-1.0.0
12963,2011-12-10,Champions,3528.39,12,0.19587053204206,0,0.4,Standard monitoring,Normal low-cost engagement; no paid retention incentive,38851.33209999985,691.1076265518841,2957,1641,Priority 3 - Nurture,Low-cost relationship nurture for value protection,churn-logistic-1.0.0
12965,2011-12-10,Recent developing,771.91,1,0.8002691836212514,1,0.4,Priority 3 - Nurture,Automated email nurture or product reminder,38851.33209999985,617.7357855290802,769,1808,Standard monitoring,Monitor customer value and churn risk; no paid intervention,churn-logistic-1.0.0
12966,2011-12-10,Recent developing,160.18,1,0.7956910610264145,1,0.4,Priority 3 - Nurture,Automated email nurture or product reminder,38851.33209999985,127.45379415521109,811,3227,Standard monitoring,Monitor customer value and churn risk; no paid intervention,churn-logistic-1.0.0
12968,2011-12-10,Lapsed low-value,135.95,1,0.8601000066653318,1,0.4,Priority 1 - Immediate,Personalized outreach for the highest-ranked 10%; use segment and value,38851.33209999985,116.93059590615185,277,3259,Standard monitoring,Monitor customer value and churn risk; no paid intervention,churn-logistic-1.0.0
12970,2011-12-10,Champions,1523.91,10,0.6997308223978776,1,0.4,Priority 3 - Nurture,Automated email nurture or product reminder,38851.33209999985,1066.3267975603499,1263,943,Priority 3 - Nurture,Low-cost relationship nurture for value protection,churn-logistic-1.0.0
12971,2011-12-10,Exceptional high-value,15491.04,115,5.625190486773483e-06,0,0.4,Standard monitoring,Normal low-cost engagement; no paid retention incentive,38851.33209999985,0.0871400508382275,3453,3454,Standard monitoring,Monitor customer value and churn risk; no paid intervention,churn-logistic-1.0.0
12977,2011-12-10,At-risk established,517.63,4,0.911721614646848,1,0.4,Priority 1 - Immediate,Personalized outreach for the highest-ranked 10%; use segment and value,38851.33209999985,471.93445938964794,71,2209,Standard monitoring,Monitor customer value and churn risk; no paid intervention,churn-logistic-1.0.0
12980,2011-12-10,Champions,15909.39,21,0.4247755038855842,1,0.4,Standard monitoring,Normal low-cost engagement; no paid retention incentive,38851.33209999985,6757.919153762275,2328,9,Priority 1 - Immediate,Account-manager outreach; prioritize the highest exposed customer value,churn-logistic-1.0.0
12981,2011-12-10,Recent developing,372.22,2,0.6693493499636932,1,0.4,Priority 3 - Nurture,Automated email nurture or product reminder,38851.33209999985,249.1452150434859,1366,2897,Standard monitoring,Monitor customer value and churn risk; no paid intervention,churn-logistic-1.0.0
12984,2011-12-10,Recent developing,97.5,1,0.8037024575219806,1,0.4,Priority 3 - Nurture,Automated email nurture or product reminder,38851.33209999985,78.3609896083931,723,3360,Standard monitoring,Monitor customer value and churn risk; no paid intervention,churn-logistic-1.0.0
12985,2011-12-10,Recent developing,1215.62,2,0.5182426943201104,1,0.4,Standard monitoring,Normal low-cost engagement; no paid retention incentive,38851.33209999985,629.9861840694125,2017,1787,Standard monitoring,Monitor customer value and churn risk; no paid intervention,churn-logistic-1.0.0
12987,2011-12-10,At-risk established,1298.51,5,0.6784253197051087,1,0.4,Priority 3 - Nurture,Automated email nurture or product reminder,38851.33209999985,880.9420618902807,1339,1244,Priority 3 - Nurture,Low-cost relationship nurture for value protection,churn-logistic-1.0.0
12989,2011-12-10,Champions,12911.65,32,0.036363020021041,0,0.4,Standard monitoring,Normal low-cost engagement; no paid retention incentive,38851.33209999985,469.506587454674,3299,2213,Standard monitoring,Monitor customer value and churn risk; no paid intervention,churn-logistic-1.0.0
12990,2011-12-10,Recent developing,955.5,7,0.5975307650403537,1,0.4,Priority 3 - Nurture,Automated email nurture or product reminder,38851.33209999985,570.940645996058,1707,1931,Standard monitoring,Monitor customer value and churn risk; no paid intervention,churn-logistic-1.0.0
12991,2011-12-10,Recent developing,764.82,3,0.7340146300367031,1,0.4,Priority 3 - Nurture,Automated email nurture or product reminder,38851.33209999985,561.3890693446713,1135,1953,Standard monitoring,Monitor customer value and churn risk; no paid intervention,churn-logistic-1.0.0
12993,2011-12-10,Recent developing,1191.26,8,0.4838250138256861,1,0.4,Standard monitoring,Normal low-cost engagement; no paid retention incentive,38851.33209999985,576.3613859699868,2152,1921,Standard monitoring,Monitor customer value and churn risk; no paid intervention,churn-logistic-1.0.0
12994,2011-12-10,Recent developing,902.22,3,0.5963868996064084,1,0.4,Priority 3 - Nurture,Automated email nurture or product reminder,38851.33209999985,538.0721885628939,1712,2025,Standard monitoring,Monitor customer value and churn risk; no paid intervention,churn-logistic-1.0.0
12995,2011-12-10,Lapsed low-value,200.72,1,0.8366246705550829,1,0.4,Priority 2 - Targeted,Targeted retention message for the next-ranked 10%,38851.33209999985,167.92730387381624,425,3106,Standard monitoring,Monitor customer value and churn risk; no paid intervention,churn-logistic-1.0.0
12997,2011-12-10,Champions,2073.01,8,0.4302488154519692,1,0.4,Standard monitoring,Normal low-cost engagement; no paid retention incentive,38851.33209999985,891.9100969200867,2313,1221,Priority 3 - Nurture,Low-cost relationship nurture for value protection,churn-logistic-1.0.0
13000,2011-12-10,At-risk established,992.0,4,0.7731335159359766,1,0.4,Priority 3 - Nurture,Automated email nurture or product reminder,38851.33209999985,766.9484478084887,979,1456,Priority 3 - Nurture,Low-cost relationship nurture for value protection,churn-logistic-1.0.0
13001,2011-12-10,Champions,24141.0,33,0.0674633459748449,0,0.4,Standard monitoring,Normal low-cost engagement; no paid retention incentive,38851.33209999985,1628.6326351787307,3231,420,Priority 2 - Targeted,Personalized retention offer for a high-value account,churn-logistic-1.0.0
13003,2011-12-10,Lapsed low-value,149.05,3,0.7266039166285885,1,0.4,Priority 3 - Nurture,Automated email nurture or product reminder,38851.33209999985,108.30031377349113,1163,3276,Standard monitoring,Monitor customer value and churn risk; no paid intervention,churn-logistic-1.0.0
13004,2011-12-10,Champions,11159.79,36,0.0134219026838064,0,0.4,Standard monitoring,Normal low-cost engagement; no paid retention incentive,38851.33209999985,149.78561535171585,3376,3159,Standard monitoring,Monitor customer value and churn risk; no paid intervention,churn-logistic-1.0.0
13005,2011-12-10,At-risk established,935.03,4,0.7866264700016343,1,0.4,Priority 3 - Nurture,Automated email nurture or product reminder,38851.33209999985,735.5193482456281,902,1528,Priority 3 - Nurture,Low-cost relationship nurture for value protection,churn-logistic-1.0.0
13006,2011-12-10,Lapsed low-value,81.57,1,0.8224659692636972,1,0.4,Priority 2 - Targeted,Targeted retention message for the next-ranked 10%,38851.33209999985,67.08854911283977,547,3375,Standard monitoring,Monitor customer value and churn risk; no paid intervention,churn-logistic-1.0.0
13012,2011-12-10,Champions,2601.6800000000003,10,0.1640325826394758,0,0.4,Standard monitoring,Normal low-cost engagement; no paid retention incentive,38851.33209999985,426.7602896014714,3040,2351,Standard monitoring,Monitor customer value and churn risk; no paid intervention,churn-logistic-1.0.0
13013,2011-12-10,Champions,12601.82,29,0.0290571251274254,0,0.4,Standard monitoring,Normal low-cost engagement; no paid retention incentive,38851.33209999985,366.1726605732919,3316,2523,Standard monitoring,Monitor customer value and churn risk; no paid intervention,churn-logistic-1.0.0
13014,2011-12-10,Champions,5217.23,11,0.095553953756154,0,0.4,Standard monitoring,Normal low-cost engagement; no paid retention incentive,38851.33209999985,498.5269541552193,3177,2139,Standard monitoring,Monitor customer value and churn risk; no paid intervention,churn-logistic-1.0.0
13015,2011-12-10,Champions,6465.72,11,0.4312145835383956,1,0.4,Standard monitoring,Normal low-cost engagement; no paid retention incentive,38851.33209999985,2788.1127570758754,2308,115,Priority 1 - Immediate,Account-manager outreach; prioritize the highest exposed customer value,churn-logistic-1.0.0
13016,2011-12-10,Recent developing,789.89,3,0.6532785049134916,1,0.4,Priority 3 - Nurture,Automated email nurture or product reminder,38851.33209999985,516.0181582461179,1430,2079,Standard monitoring,Monitor customer value and churn risk; no paid intervention,churn-logistic-1.0.0
13017,2011-12-10,Recent developing,204.0,1,0.7957806561161516,1,0.4,Priority 3 - Nurture,Automated email nurture or product reminder,38851.33209999985,162.33925384769492,808,3124,Standard monitoring,Monitor customer value and churn risk; no paid intervention,churn-logistic-1.0.0
13018,2011-12-10,Champions,9742.81,35,0.019022765762752,0,0.4,Standard monitoring,Normal low-cost engagement; no paid retention incentive,38851.33209999985,185.3351925009978,3353,3062,Standard monitoring,Monitor customer value and churn risk; no paid intervention,churn-logistic-1.0.0
13021,2011-12-10,Champions,4806.66,17,0.0969264234167075,0,0.4,Standard monitoring,Normal low-cost engagement; no paid retention incentive,38851.33209999985,465.89236238015127,3176,2222,Standard monitoring,Monitor customer value and churn risk; no paid intervention,churn-logistic-1.0.0
13023,2011-12-10,At-risk established,1251.03,3,0.8242159468836852,1,0.4,Priority 2 - Targeted,Targeted retention message for the next-ranked 10%,38851.33209999985,1031.1188760298967,532,993,Priority 3 - Nurture,Low-cost relationship nurture for value protection,churn-logistic-1.0.0
13026,2011-12-10,Champions,1712.74,9,0.3054623216048204,0,0.4,Standard monitoring,Normal low-cost engagement; no paid retention incentive,38851.33209999985,523.17753670544,2692,2059,Standard monitoring,Monitor customer value and churn risk; no paid intervention,churn-logistic-1.0.0
13027,2011-12-10,Champions,17239.2,19,0.3555005065564024,0,0.4,Standard monitoring,Normal low-cost engagement; no paid retention incentive,38851.33209999985,6128.5443326271325,2558,10,Priority 1 - Immediate,Account-manager outreach; prioritize the highest exposed customer value,churn-logistic-1.0.0
13028,2011-12-10,Recent developing,659.68,2,0.5584304033179701,1,0.4,Standard monitoring,Normal low-cost engagement; no paid retention incentive,38851.33209999985,368.3853684607985,1878,2516,Standard monitoring,Monitor customer value and churn risk; no paid intervention,churn-logistic-1.0.0
13029,2011-12-10,Recent developing,1927.3,5,0.6135006384557151,1,0.4,Priority 3 - Nurture,Automated email nurture or product reminder,38851.33209999985,1182.3997804956998,1638,801,Priority 3 - Nurture,Low-cost relationship nurture for value protection,churn-logistic-1.0.0
13030,2011-12-10,Recent developing,1227.22,2,0.8323516480995672,1,0.4,Priority 2 - Targeted,Targeted retention message for the next-ranked 10%,38851.33209999985,1021.4785895807508,452,1001,Priority 3 - Nurture,Low-cost relationship nurture for value protection,churn-logistic-1.0.0
13032,2011-12-10,Champions,2825.54,9,0.5305814036498979,1,0.4,Standard monitoring,Normal low-cost engagement; no paid retention incentive,38851.33209999985,1499.1789792689326,1977,522,Priority 2 - Targeted,Personalized retention offer for a high-value account,churn-logistic-1.0.0
13034,2011-12-10,Recent developing,922.68,3,0.8466401647712564,1,0.4,Priority 2 - Targeted,Targeted retention message for the next-ranked 10%,38851.33209999985,781.1779472311428,356,1412,Priority 3 - Nurture,Low-cost relationship nurture for value protection,churn-logistic-1.0.0
13035,2011-12-10,At-risk established,1328.95,3,0.7421851804388221,1,0.4,Priority 3 - Nurture,Automated email nurture or product reminder,38851.33209999985,986.3269955441726,1104,1054,Priority 3 - Nurture,Low-cost relationship nurture for value protection,churn-logistic-1.0.0
13037,2011-12-10,At-risk established,3842.55,12,0.5063948429862111,1,0.4,Standard monitoring,Normal low-cost engagement; no paid retention incentive,38851.33209999985,1945.8475039166653,2077,289,Priority 1 - Immediate,Account-manager outreach; prioritize the highest exposed customer value,churn-logistic-1.0.0
13038,2011-12-10,At-risk established,908.46,3,0.719924365870525,1,0.4,Priority 3 - Nurture,Automated email nurture or product reminder,38851.33209999985,654.0224894187371,1179,1730,Priority 3 - Nurture,Low-cost relationship nurture for value protection,churn-logistic-1.0.0
13040,2011-12-10,Recent developing,676.99,2,0.5555212103089205,1,0.4,Standard monitoring,Normal low-cost engagement; no paid retention incentive,38851.33209999985,376.0823041670361,1893,2490,Standard monitoring,Monitor customer value and churn risk; no paid intervention,churn-logistic-1.0.0
13045,2011-12-10,At-risk established,808.92,3,0.8643646406485006,1,0.4,Priority 1 - Immediate,Personalized outreach for the highest-ranked 10%; use segment and value,38851.33209999985,699.201845113385,237,1621,Priority 3 - Nurture,Low-cost relationship nurture for value protection,churn-logistic-1.0.0
13046,2011-12-10,Recent developing,949.25,3,0.7372293828589099,1,0.4,Priority 3 - Nurture,Automated email nurture or product reminder,38851.33209999985,699.8149916788202,1121,1618,Priority 3 - Nurture,Low-cost relationship nurture for value protection,churn-logistic-1.0.0
13047,2011-12-10,Champions,8479.62,23,0.185859249937862,0,0.4,Standard monitoring,Normal low-cost engagement; no paid retention incentive,38851.33209999985,1576.0158129580934,2983,452,Priority 2 - Targeted,Personalized retention offer for a high-value account,churn-logistic-1.0.0
13048,2011-12-10,Champions,4041.91,9,0.3659471800651228,0,0.4,Standard monitoring,Normal low-cost engagement; no paid retention incentive,38851.33209999985,1479.1255665770204,2522,539,Priority 2 - Targeted,Personalized retention offer for a high-value account,churn-logistic-1.0.0
13049,2011-12-10,At-risk established,1384.14,4,0.7598455239339388,1,0.4,Priority 3 - Nurture,Automated email nurture or product reminder,38851.33209999985,1051.7325834979222,1048,968,Priority 3 - Nurture,Low-cost relationship nurture for value protection,churn-logistic-1.0.0
13050,2011-12-10,Champions,11884.4,34,0.0176732722114686,0,0.4,Standard monitoring,Normal low-cost engagement; no paid retention incentive,38851.33209999985,210.03623626997742,3358,3003,Standard monitoring,Monitor customer value and churn risk; no paid intervention,churn-logistic-1.0.0
13055,2011-12-10,At-risk established,2292.51,4,0.7359701859281552,1,0.4,Priority 3 - Nurture,Automated email nurture or product reminder,38851.33209999985,1687.2190109421554,1125,386,Priority 2 - Targeted,Personalized retention offer for a high-value account,churn-logistic-1.0.0
13058,2011-12-10,Recent developing,271.40000000000003,3,0.557725140035564,1,0.4,Standard monitoring,Normal low-cost engagement; no paid retention incentive,38851.33209999985,151.36660300565208,1882,3156,Standard monitoring,Monitor customer value and churn risk; no paid intervention,churn-logistic-1.0.0
13061,2011-12-10,Lapsed low-value,248.61,1,0.8322988646803336,1,0.4,Priority 2 - Targeted,Targeted retention message for the next-ranked 10%,38851.33209999985,206.91782074817775,456,3012,Standard monitoring,Monitor customer value and churn risk; no paid intervention,churn-logistic-1.0.0
13064,2011-12-10,Recent developing,1680.74,6,0.4200468868203654,1,0.4,Standard monitoring,Normal low-cost engagement; no paid retention incentive,38851.33209999985,705.9896045544609,2346,1601,Priority 3 - Nurture,Low-cost relationship nurture for value protection,churn-logistic-1.0.0
13066,2011-12-10,Recent developing,430.9,2,0.5552947593552329,1,0.4,Standard monitoring,Normal low-cost engagement; no paid retention incentive,38851.33209999985,239.27651180616982,1894,2928,Standard monitoring,Monitor customer value and churn risk; no paid intervention,churn-logistic-1.0.0
13067,2011-12-10,Recent developing,508.51,3,0.8771895950075753,1,0.4,Priority 1 - Immediate,Personalized outreach for the highest-ranked 10%; use segment and value,38851.33209999985,446.05968095730213,153,2299,Standard monitoring,Monitor customer value and churn risk; no paid intervention,churn-logistic-1.0.0
13068,2011-12-10,Recent developing,344.0,2,0.8369382815326071,1,0.4,Priority 2 - Targeted,Targeted retention message for the next-ranked 10%,38851.33209999985,287.9067688472168,424,2772,Standard monitoring,Monitor customer value and churn risk; no paid intervention,churn-logistic-1.0.0
13069,2011-12-10,Champions,8799.210000000001,38,0.0224027351549531,0,0.4,Standard monitoring,Normal low-cost engagement; no paid retention incentive,38851.33209999985,197.12637120281488,3340,3033,Standard monitoring,Monitor customer value and churn risk; no paid intervention,churn-logistic-1.0.0
13075,2011-12-10,Lapsed low-value,919.61,1,0.8471957578988001,1,0.4,Priority 2 - Targeted,Targeted retention message for the next-ranked 10%,38851.33209999985,779.0896909213155,350,1421,Priority 3 - Nurture,Low-cost relationship nurture for value protection,churn-logistic-1.0.0
13077,2011-12-10,Champions,3048.52,11,0.4190285212601735,1,0.4,Standard monitoring,Normal low-cost engagement; no paid retention incentive,38851.33209999985,1277.416827632064,2353,709,Priority 3 - Nurture,Low-cost relationship nurture for value protection,churn-logistic-1.0.0
13078,2011-12-10,Champions,28899.25,57,0.0010217135229449,0,0.4,Standard monitoring,Normal low-cost engagement; no paid retention incentive,38851.33209999985,29.526754527965405,3437,3419,Standard monitoring,Monitor customer value and churn risk; no paid intervention,churn-logistic-1.0.0
13079,2011-12-10,Recent developing,419.18,6,0.374988852589911,0,0.4,Standard monitoring,Normal low-cost engagement; no paid retention incentive,38851.33209999985,157.1878272286389,2497,3139,Standard monitoring,Monitor customer value and churn risk; no paid intervention,churn-logistic-1.0.0
13080,2011-12-10,Lapsed low-value,260.83,4,0.8461274256068495,1,0.4,Priority 2 - Targeted,Targeted retention message for the next-ranked 10%,38851.33209999985,220.69541642103454,358,2978,Standard monitoring,Monitor customer value and churn risk; no paid intervention,churn-logistic-1.0.0
13081,2011-12-10,Exceptional high-value,58339.73,28,0.0095891735713948,0,0.4,Standard monitoring,Normal low-cost engagement; no paid retention incentive,38851.33209999985,372.552166986801,3394,2504,Standard monitoring,Monitor customer value and churn risk; no paid intervention,churn-logistic-1.0.0
13082,2011-12-10,Champions,7277.32,21,0.422450388956556,1,0.4,Standard monitoring,Normal low-cost engagement; no paid retention incentive,38851.33209999985,3074.306664561324,2333,86,Priority 1 - Immediate,Account-manager outreach; prioritize the highest exposed customer value,churn-logistic-1.0.0
13083,2011-12-10,Recent developing,395.43,3,0.7840972030254963,1,0.4,Priority 3 - Nurture,Automated email nurture or product reminder,38851.33209999985,310.05555699237203,921,2690,Standard monitoring,Monitor customer value and churn risk; no paid intervention,churn-logistic-1.0.0
13085,2011-12-10,At-risk established,2289.58,8,0.7959043892643966,1,0.4,Priority 3 - Nurture,Automated email nurture or product reminder,38851.33209999985,1822.286771571977,806,333,Priority 1 - Immediate,Account-manager outreach; prioritize the highest exposed customer value,churn-logistic-1.0.0
13089,2011-12-10,Exceptional high-value,113296.69,199,2.640201411030942e-07,0,0.4,Standard monitoring,Normal low-cost engagement; no paid retention incentive,38851.33209999985,0.010257534183085133,3457,3456,Standard monitoring,Monitor customer value and churn risk; no paid intervention,churn-logistic-1.0.0
13090,2011-12-10,Champions,13738.36,23,0.0421993096516158,0,0.4,Standard monitoring,Normal low-cost engagement; no paid retention incentive,38851.33209999985,579.7493077453724,3290,1914,Standard monitoring,Monitor customer value and churn risk; no paid intervention,churn-logistic-1.0.0
13091,2011-12-10,Recent developing,1083.6,2,0.9492861521410344,1,0.4,Priority 1 - Immediate,Personalized outreach for the highest-ranked 10%; use segment and value,38851.33209999985,1028.6464744600248,10,994,Priority 3 - Nurture,Low-cost relationship nurture for value protection,churn-logistic-1.0.0
13092,2011-12-10,Champions,2007.33,12,0.50965188347134,1,0.4,Standard monitoring,Normal low-cost engagement; no paid retention incentive,38851.33209999985,1023.0395152485249,2050,999,Priority 3 - Nurture,Low-cost relationship nurture for value protection,churn-logistic-1.0.0
13094,2011-12-10,Champions,2205.54,13,0.3296572336024513,0,0.4,Standard monitoring,Normal low-cost engagement; no paid retention incentive,38851.33209999985,727.0722149995504,2618,1552,Priority 3 - Nurture,Low-cost relationship nurture for value protection,churn-logistic-1.0.0
13095,2011-12-10,Lapsed low-value,74.39999999999999,1,0.8370408261472597,1,0.4,Priority 2 - Targeted,Targeted retention message for the next-ranked 10%,38851.33209999985,62.27583746535612,423,3382,Standard monitoring,Monitor customer value and churn risk; no paid intervention,churn-logistic-1.0.0
13097,2011-12-10,Champions,12876.68,27,0.0868208780810841,0,0.4,Standard monitoring,Normal low-cost engagement; no paid retention incentive,38851.33209999985,1117.964664369134,3192,885,Priority 3 - Nurture,Low-cost relationship nurture for value protection,churn-logistic-1.0.0
13098,2011-12-10,Champions,28750.56,28,0.0028659123485728,0,0.4,Standard monitoring,Normal low-cost engagement; no paid retention incentive,38851.33209999985,82.3965849323832,3419,3350,Standard monitoring,Monitor customer value and churn risk; no paid intervention,churn-logistic-1.0.0
13099,2011-12-10,Lapsed low-value,207.36,1,0.8552663547551757,1,0.4,Priority 1 - Immediate,Personalized outreach for the highest-ranked 10%; use segment and value,38851.33209999985,177.34803132203322,311,3082,Standard monitoring,Monitor customer value and churn risk; no paid intervention,churn-logistic-1.0.0
13102,2011-12-10,Champions,11440.12,37,0.0297112011468186,0,0.4,Standard monitoring,Normal low-cost engagement; no paid retention incentive,38851.33209999985,339.8997064637424,3313,2610,Standard monitoring,Monitor customer value and churn risk; no paid intervention,churn-logistic-1.0.0
13103,2011-12-10,Recent developing,709.64,3,0.8640201625818912,1,0.4,Priority 1 - Immediate,Personalized outreach for the highest-ranked 10%; use segment and value,38851.33209999985,613.1432681746132,240,1824,Standard monitoring,Monitor customer value and churn risk; no paid intervention,churn-logistic-1.0.0
13104,2011-12-10,Champions,1709.1,9,0.266053673483123,0,0.4,Standard monitoring,Normal low-cost engagement; no paid retention incentive,38851.33209999985,454.71233335000545,2779,2267,Standard monitoring,Monitor customer value and churn risk; no paid intervention,churn-logistic-1.0.0
13106,2011-12-10,Lapsed low-value,583.6600000000001,2,0.8789454595565377,1,0.4,Priority 1 - Immediate,Personalized outreach for the highest-ranked 10%; use segment and value,38851.33209999985,513.0053069247689,145,2087,Standard monitoring,Monitor customer value and churn risk; no paid intervention,churn-logistic-1.0.0
13107,2011-12-10,Champions,5129.5,9,0.3111467055085969,0,0.4,Standard monitoring,Normal low-cost engagement; no paid retention incentive,38851.33209999985,1596.027025906348,2671,439,Priority 2 - Targeted,Personalized retention offer for a high-value account,churn-logistic-1.0.0
13109,2011-12-10,Recent developing,1107.58,3,0.8007139397939459,1,0.4,Priority 3 - Nurture,Automated email nurture or product reminder,38851.33209999985,886.8547454369785,755,1234,Priority 3 - Nurture,Low-cost relationship nurture for value protection,churn-logistic-1.0.0
13110,2011-12-10,Champions,2900.17,12,0.2583027414942674,0,0.4,Standard monitoring,Normal low-cost engagement; no paid retention incentive,38851.33209999985,749.1218617994296,2803,1491,Priority 3 - Nurture,Low-cost relationship nurture for value protection,churn-logistic-1.0.0
13113,2011-12-10,Champions,16560.23,37,0.0227695241619841,0,0.4,Standard monitoring,Normal low-cost engagement; no paid retention incentive,38851.33209999985,377.0685571130139,3337,2489,Standard monitoring,Monitor customer value and churn risk; no paid intervention,churn-logistic-1.0.0
13115,2011-12-10,Champions,5395.05,10,0.2417993203890494,0,0.4,Standard monitoring,Normal low-cost engagement; no paid retention incentive,38851.33209999985,1304.519423464941,2844,684,Priority 2 - Targeted,Personalized retention offer for a high-value account,churn-logistic-1.0.0
13116,2011-12-10,Lapsed low-value,485.19,1,0.8563028675912866,1,0.4,Priority 1 - Immediate,Personalized outreach for the highest-ranked 10%; use segment and value,38851.33209999985,415.46958832661636,302,2383,Standard monitoring,Monitor customer value and churn risk; no paid intervention,churn-logistic-1.0.0
13117,2011-12-10,Champions,2642.11,18,0.2923531173449394,0,0.4,Standard monitoring,Normal low-cost engagement; no paid retention incentive,38851.33209999985,772.4290948682379,2725,1440,Priority 3 - Nurture,Low-cost relationship nurture for value protection,churn-logistic-1.0.0
13118,2011-12-10,Champions,2335.1,9,0.5700274127253269,1,0.4,Standard monitoring,Normal low-cost engagement; no paid retention incentive,38851.33209999985,1331.0710114549106,1836,655,Priority 2 - Targeted,Personalized retention offer for a high-value account,churn-logistic-1.0.0
13122,2011-12-10,At-risk established,922.39,2,0.7850428190016917,1,0.4,Priority 3 - Nurture,Automated email nurture or product reminder,38851.33209999985,724.1156458189704,910,1558,Priority 3 - Nurture,Low-cost relationship nurture for value protection,churn-logistic-1.0.0
13124,2011-12-10,At-risk established,4782.45,4,0.6522158619702169,1,0.4,Priority 3 - Nurture,Automated email nurture or product reminder,38851.33209999985,3119.1897490794636,1436,82,Priority 1 - Immediate,Account-manager outreach; prioritize the highest exposed customer value,churn-logistic-1.0.0
13126,2011-12-10,Champions,3902.47,13,0.2444152086257265,0,0.4,Standard monitoring,Normal low-cost engagement; no paid retention incentive,38851.33209999985,953.8230192056388,2836,1112,Priority 3 - Nurture,Low-cost relationship nurture for value protection,churn-logistic-1.0.0
13127,2011-12-10,Lapsed low-value,259.17,1,0.8330121538870338,1,0.4,Priority 2 - Targeted,Targeted retention message for the next-ranked 10%,38851.33209999985,215.89175992290257,449,2989,Standard monitoring,Monitor customer value and churn risk; no paid intervention,churn-logistic-1.0.0
13130,2011-12-10,Lapsed low-value,64.0,1,0.8553766297752599,1,0.4,Priority 1 - Immediate,Personalized outreach for the highest-ranked 10%; use segment and value,38851.33209999985,54.74410430561663,310,3394,Standard monitoring,Monitor customer value and churn risk; no paid intervention,churn-logistic-1.0.0
13131,2011-12-10,Champions,3278.32,7,0.4690859851627417,1,0.4,Standard monitoring,Normal low-cost engagement; no paid retention incentive,38851.33209999985,1537.8139668787194,2193,488,Priority 2 - Targeted,Personalized retention offer for a high-value account,churn-logistic-1.0.0
13134,2011-12-10,At-risk established,2422.28,6,0.6281601312376625,1,0.4,Priority 3 - Nurture,Automated email nurture or product reminder,38851.33209999985,1521.579722694365,1565,504,Priority 2 - Targeted,Personalized retention offer for a high-value account,churn-logistic-1.0.0
13136,2011-12-10,Champions,6108.6,13,0.2628440708966433,0,0.4,Standard monitoring,Normal low-cost engagement; no paid retention incentive,38851.33209999985,1605.6092914792353,2790,433,Priority 2 - Targeted,Personalized retention offer for a high-value account,churn-logistic-1.0.0
13137,2011-12-10,Champions,7712.7,16,0.0536744333947611,0,0.4,Standard monitoring,Normal low-cost engagement; no paid retention incentive,38851.33209999985,413.9748024437739,3263,2389,Standard monitoring,Monitor customer value and churn risk; no paid intervention,churn-logistic-1.0.0
13138,2011-12-10,Recent developing,1454.49,7,0.3430559297863101,0,0.4,Standard monitoring,Normal low-cost engagement; no paid retention incentive,38851.33209999985,498.97141931489017,2585,2137,Standard monitoring,Monitor customer value and churn risk; no paid intervention,churn-logistic-1.0.0
13139,2011-12-10,Champions,8193.83,8,0.1986108435456405,0,0.4,Standard monitoring,Normal low-cost engagement; no paid retention incentive,38851.33209999985,1627.3834881695755,2952,422,Priority 2 - Targeted,Personalized retention offer for a high-value account,churn-logistic-1.0.0
13140,2011-12-10,At-risk established,1215.68,5,0.6856416463552414,1,0.4,Priority 3 - Nurture,Automated email nurture or product reminder,38851.33209999985,833.5208366411399,1314,1315,Priority 3 - Nurture,Low-cost relationship nurture for value protection,churn-logistic-1.0.0
13141,2011-12-10,Champions,7536.63,17,0.353893827531553,0,0.4,Standard monitoring,Normal low-cost engagement; no paid retention incentive,38851.33209999985,2667.1668373891284,2564,128,Priority 1 - Immediate,Account-manager outreach; prioritize the highest exposed customer value,churn-logistic-1.0.0
13142,2011-12-10,Recent developing,307.09,1,0.7926996627494654,1,0.4,Priority 3 - Nurture,Automated email nurture or product reminder,38851.33209999985,243.4301394337333,846,2917,Standard monitoring,Monitor customer value and churn risk; no paid intervention,churn-logistic-1.0.0
13145,2011-12-10,At-risk established,1419.77,7,0.4943468404675422,1,0.4,Standard monitoring,Normal low-cost engagement; no paid retention incentive,38851.33209999985,701.8588136906023,2118,1611,Priority 3 - Nurture,Low-cost relationship nurture for value protection,churn-logistic-1.0.0
13146,2011-12-10,Recent developing,228.91,1,0.8004353449993472,1,0.4,Priority 3 - Nurture,Automated email nurture or product reminder,38851.33209999985,183.22765482380058,764,3067,Standard monitoring,Monitor customer value and churn risk; no paid intervention,churn-logistic-1.0.0
13147,2011-12-10,Recent developing,712.8000000000001,4,0.3970345649681387,0,0.4,Standard monitoring,Normal low-cost engagement; no paid retention incentive,38851.33209999985,283.0062379092893,2426,2790,Standard monitoring,Monitor customer value and churn risk; no paid intervention,churn-logistic-1.0.0
13148,2011-12-10,Champions,8242.87,26,0.1479981247933755,0,0.4,Standard monitoring,Normal low-cost engagement; no paid retention incentive,38851.33209999985,1219.9293029155713,3083,762,Priority 3 - Nurture,Low-cost relationship nurture for value protection,churn-logistic-1.0.0
13149,2011-12-10,Recent developing,1676.06,4,0.5475399877632021,1,0.4,Standard monitoring,Normal low-cost engagement; no paid retention incentive,38851.33209999985,917.7098718903925,1924,1181,Priority 3 - Nurture,Low-cost relationship nurture for value protection,churn-logistic-1.0.0
13153,2011-12-10,Recent developing,486.22,1,0.7823442883629402,1,0.4,Priority 3 - Nurture,Automated email nurture or product reminder,38851.33209999985,380.3914398878288,934,2483,Standard monitoring,Monitor customer value and churn risk; no paid intervention,churn-logistic-1.0.0
13155,2011-12-10,At-risk established,1750.18,6,0.5200250800764707,1,0.4,Standard monitoring,Normal low-cost engagement; no paid retention incentive,38851.33209999985,910.1374946482376,2013,1194,Priority 3 - Nurture,Low-cost relationship nurture for value protection,churn-logistic-1.0.0
13157,2011-12-10,Champions,5667.71,9,0.3806806642015662,0,0.4,Standard monitoring,Normal low-cost engagement; no paid retention incentive,38851.33209999985,2157.587607301859,2486,223,Priority 1 - Immediate,Account-manager outreach; prioritize the highest exposed customer value,churn-logistic-1.0.0
13158,2011-12-10,At-risk established,1508.18,5,0.6397176777072758,1,0.4,Priority 3 - Nurture,Automated email nurture or product reminder,38851.33209999985,964.8094071645593,1496,1089,Priority 3 - Nurture,Low-cost relationship nurture for value protection,churn-logistic-1.0.0
13159,2011-12-10,Recent developing,1379.75,4,0.4096749365573974,1,0.4,Standard monitoring,Normal low-cost engagement; no paid retention incentive,38851.33209999985,565.2489937150691,2381,1940,Standard monitoring,Monitor customer value and churn risk; no paid intervention,churn-logistic-1.0.0
13160,2011-12-10,Recent developing,91.8,1,0.8059022698505233,1,0.4,Priority 3 - Nurture,Automated email nurture or product reminder,38851.33209999985,73.98182837227803,697,3367,Standard monitoring,Monitor customer value and churn risk; no paid intervention,churn-logistic-1.0.0
13162,2011-12-10,Champions,9116.94,16,0.4075130632617626,1,0.4,Standard monitoring,Normal low-cost engagement; no paid retention incentive,38851.33209999985,3715.2721469736944,2389,50,Priority 1 - Immediate,Account-manager outreach; prioritize the highest exposed customer value,churn-logistic-1.0.0
13165,2011-12-10,Recent developing,1451.16,3,0.8260344233056202,1,0.4,Priority 2 - Targeted,Targeted retention message for the next-ranked 10%,38851.33209999985,1198.7081137241837,522,786,Priority 3 - Nurture,Low-cost relationship nurture for value protection,churn-logistic-1.0.0
13167,2011-12-10,Recent developing,1113.15,5,0.4696010051121131,1,0.4,Standard monitoring,Normal low-cost engagement; no paid retention incentive,38851.33209999985,522.7363588405487,2192,2062,Standard monitoring,Monitor customer value and churn risk; no paid intervention,churn-logistic-1.0.0
13168,2011-12-10,At-risk established,1867.26,5,0.6389686318912678,1,0.4,Priority 3 - Nurture,Automated email nurture or product reminder,38851.33209999985,1193.1205675852889,1502,793,Priority 3 - Nurture,Low-cost relationship nurture for value protection,churn-logistic-1.0.0
13169,2011-12-10,Recent developing,840.08,3,0.815239446185043,1,0.4,Priority 2 - Targeted,Targeted retention message for the next-ranked 10%,38851.33209999985,684.8663539511309,600,1655,Priority 3 - Nurture,Low-cost relationship nurture for value protection,churn-logistic-1.0.0
13170,2011-12-10,Recent developing,116.01,1,0.800337606051848,1,0.4,Priority 3 - Nurture,Automated email nurture or product reminder,38851.33209999985,92.84716567807489,767,3326,Standard monitoring,Monitor customer value and churn risk; no paid intervention,churn-logistic-1.0.0
13171,2011-12-10,Recent developing,418.41,3,0.7208610443736386,1,0.4,Priority 3 - Nurture,Automated email nurture or product reminder,38851.33209999985,301.61546957637415,1174,2721,Standard monitoring,Monitor customer value and churn risk; no paid intervention,churn-logistic-1.0.0
13173,2011-12-10,Champions,2610.5,11,0.4661865819735494,1,0.4,Standard monitoring,Normal low-cost engagement; no paid retention incentive,38851.33209999985,1216.9800722419507,2204,766,Priority 3 - Nurture,Low-cost relationship nurture for value protection,churn-logistic-1.0.0
13174,2011-12-10,Champions,9471.94,11,0.2495495372675871,0,0.4,Standard monitoring,Normal low-cost engagement; no paid retention incentive,38851.33209999985,2363.718244026349,2828,173,Priority 1 - Immediate,Account-manager outreach; prioritize the highest exposed customer value,churn-logistic-1.0.0
13176,2011-12-10,Recent developing,492.84,1,0.7884436050669997,1,0.4,Priority 3 - Nurture,Automated email nurture or product reminder,38851.33209999985,388.5765463212201,887,2458,Standard monitoring,Monitor customer value and churn risk; no paid intervention,churn-logistic-1.0.0
13177,2011-12-10,Recent developing,512.2,2,0.882519337264158,1,0.4,Priority 1 - Immediate,Personalized outreach for the highest-ranked 10%; use segment and value,38851.33209999985,452.02640454670177,127,2277,Standard monitoring,Monitor customer value and churn risk; no paid intervention,churn-logistic-1.0.0
13178,2011-12-10,Champions,14013.19,21,0.0797158143131996,0,0.4,Standard monitoring,Normal low-cost engagement; no paid retention incentive,38851.33209999985,1117.0728519755855,3203,887,Priority 3 - Nurture,Low-cost relationship nurture for value protection,churn-logistic-1.0.0
13182,2011-12-10,Lapsed low-value,121.18,1,0.8149771506896485,1,0.4,Priority 2 - Targeted,Targeted retention message for the next-ranked 10%,38851.33209999985,98.7589311205716,604,3305,Standard monitoring,Monitor customer value and churn risk; no paid intervention,churn-logistic-1.0.0
13183,2011-12-10,Champions,7010.88,15,0.1324195051622944,0,0.4,Standard monitoring,Normal low-cost engagement; no paid retention incentive,38851.33209999985,928.3772603522266,3113,1159,Priority 3 - Nurture,Low-cost relationship nurture for value protection,churn-logistic-1.0.0
13184,2011-12-10,Champions,1647.79,10,0.4164567556062803,1,0.4,Standard monitoring,Normal low-cost engagement; no paid retention incentive,38851.33209999985,686.2332773204727,2363,1650,Priority 3 - Nurture,Low-cost relationship nurture for value protection,churn-logistic-1.0.0
13186,2011-12-10,Recent developing,1539.69,3,0.5285445945080801,1,0.4,Standard monitoring,Normal low-cost engagement; no paid retention incentive,38851.33209999985,813.7948267181459,1983,1350,Priority 3 - Nurture,Low-cost relationship nurture for value protection,churn-logistic-1.0.0
13188,2011-12-10,Recent developing,114.6,1,0.8002942337673831,1,0.4,Priority 3 - Nurture,Automated email nurture or product reminder,38851.33209999985,91.7137191897421,768,3333,Standard monitoring,Monitor customer value and churn risk; no paid intervention,churn-logistic-1.0.0
13189,2011-12-10,Recent developing,260.68,2,0.6557917928655904,1,0.4,Priority 3 - Nurture,Automated email nurture or product reminder,38851.33209999985,170.95180456420212,1421,3098,Standard monitoring,Monitor customer value and churn risk; no paid intervention,churn-logistic-1.0.0
13192,2011-12-10,At-risk established,2544.53,6,0.6821044925533098,1,0.4,Priority 3 - Nurture,Automated email nurture or product reminder,38851.33209999985,1735.6353444366737,1323,370,Priority 2 - Targeted,Personalized retention offer for a high-value account,churn-logistic-1.0.0
13193,2011-12-10,Lapsed low-value,117.88,1,0.8277333863063194,1,0.4,Priority 2 - Targeted,Targeted retention message for the next-ranked 10%,38851.33209999985,97.57321157778892,505,3313,Standard monitoring,Monitor customer value and churn risk; no paid intervention,churn-logistic-1.0.0
13194,2011-12-10,Lapsed low-value,472.78,2,0.8847713393551626,1,0.4,Priority 1 - Immediate,Personalized outreach for the highest-ranked 10%; use segment and value,38851.33209999985,418.30219382033374,119,2374,Standard monitoring,Monitor customer value and churn risk; no paid intervention,churn-logistic-1.0.0
13196,2011-12-10,Champions,3059.64,7,0.5144956326581388,1,0.4,Standard monitoring,Normal low-cost engagement; no paid retention incentive,38851.33209999985,1574.1714175061477,2031,455,Priority 2 - Targeted,Personalized retention offer for a high-value account,churn-logistic-1.0.0
13198,2011-12-10,Champions,4912.28,8,0.3137856602467265,0,0.4,Standard monitoring,Normal low-cost engagement; no paid retention incentive,38851.33209999985,1541.4030231167897,2661,482,Priority 2 - Targeted,Personalized retention offer for a high-value account,churn-logistic-1.0.0
13199,2011-12-10,Champions,16389.98,66,0.0003156675564812,0,0.4,Standard monitoring,Normal low-cost engagement; no paid retention incentive,38851.33209999985,5.173784937375738,3444,3444,Standard monitoring,Monitor customer value and churn risk; no paid intervention,churn-logistic-1.0.0
13200,2011-12-10,Recent developing,870.09,4,0.4320149424766035,1,0.4,Standard monitoring,Normal low-cost engagement; no paid retention incentive,38851.33209999985,375.89188129946797,2303,2493,Standard monitoring,Monitor customer value and churn risk; no paid intervention,churn-logistic-1.0.0
13203,2011-12-10,Champions,2630.55,10,0.2559226908081958,0,0.4,Standard monitoring,Normal low-cost engagement; no paid retention incentive,38851.33209999985,673.2174343054995,2811,1682,Priority 3 - Nurture,Low-cost relationship nurture for value protection,churn-logistic-1.0.0
13207,2011-12-10,Recent developing,535.86,4,0.6366439314450414,1,0.4,Priority 3 - Nurture,Automated email nurture or product reminder,38851.33209999985,341.1520171041399,1517,2605,Standard monitoring,Monitor customer value and churn risk; no paid intervention,churn-logistic-1.0.0
13208,2011-12-10,At-risk established,1964.02,8,0.4088885077818445,1,0.4,Standard monitoring,Normal low-cost engagement; no paid retention incentive,38851.33209999985,803.0652070536983,2384,1371,Priority 3 - Nurture,Low-cost relationship nurture for value protection,churn-logistic-1.0.0
13209,2011-12-10,Champions,8461.66,13,0.2224487993509706,0,0.4,Standard monitoring,Normal low-cost engagement; no paid retention incentive,38851.33209999985,1882.2861075161338,2893,313,Priority 1 - Immediate,Account-manager outreach; prioritize the highest exposed customer value,churn-logistic-1.0.0
13210,2011-12-10,Lapsed low-value,353.48,1,0.8450189949162795,1,0.4,Priority 2 - Targeted,Targeted retention message for the next-ranked 10%,38851.33209999985,298.6973143230065,367,2728,Standard monitoring,Monitor customer value and churn risk; no paid intervention,churn-logistic-1.0.0
13211,2011-12-10,Champions,2729.32,10,0.4077658278461701,1,0.4,Standard monitoring,Normal low-cost engagement; no paid retention incentive,38851.33209999985,1112.923429257109,2387,891,Priority 3 - Nurture,Low-cost relationship nurture for value protection,churn-logistic-1.0.0
13212,2011-12-10,Recent developing,780.58,3,0.5692757798916601,1,0.4,Standard monitoring,Normal low-cost engagement; no paid retention incentive,38851.33209999985,444.36528826783206,1838,2306,Standard monitoring,Monitor customer value and churn risk; no paid intervention,churn-logistic-1.0.0
13213,2011-12-10,Champions,3834.62,11,0.4043839784390716,1,0.4,Standard monitoring,Normal low-cost engagement; no paid retention incentive,38851.33209999985,1550.6588914020326,2398,471,Priority 2 - Targeted,Personalized retention offer for a high-value account,churn-logistic-1.0.0
13217,2011-12-10,Lapsed low-value,267.4,3,0.9243893365857916,1,0.4,Priority 1 - Immediate,Personalized outreach for the highest-ranked 10%; use segment and value,38851.33209999985,247.18170860304065,42,2903,Standard monitoring,Monitor customer value and churn risk; no paid intervention,churn-logistic-1.0.0
13218,2011-12-10,Lapsed low-value,62.63999999999999,1,0.8670997705470904,1,0.4,Priority 1 - Immediate,Personalized outreach for the highest-ranked 10%; use segment and value,38851.33209999985,54.31512962706974,223,3395,Standard monitoring,Monitor customer value and churn risk; no paid intervention,churn-logistic-1.0.0
13220,2011-12-10,At-risk established,1336.09,5,0.7179912095424558,1,0.4,Priority 3 - Nurture,Automated email nurture or product reminder,38851.33209999985,959.3008751575796,1188,1099,Priority 3 - Nurture,Low-cost relationship nurture for value protection,churn-logistic-1.0.0
13224,2011-12-10,At-risk established,2147.85,2,0.6149955524584227,1,0.4,Priority 3 - Nurture,Automated email nurture or product reminder,38851.33209999985,1320.9181973478233,1631,666,Priority 2 - Targeted,Personalized retention offer for a high-value account,churn-logistic-1.0.0
13225,2011-12-10,Champions,15879.27,16,0.1955141221103525,0,0.4,Standard monitoring,Normal low-cost engagement; no paid retention incentive,38851.33209999985,3104.621533803257,2961,84,Priority 1 - Immediate,Account-manager outreach; prioritize the highest exposed customer value,churn-logistic-1.0.0
13228,2011-12-10,Lapsed low-value,358.0,1,0.8356288383486858,1,0.4,Priority 2 - Targeted,Targeted retention message for the next-ranked 10%,38851.33209999985,299.1551241288295,434,2727,Standard monitoring,Monitor customer value and churn risk; no paid intervention,churn-logistic-1.0.0
13230,2011-12-10,Champions,6306.72,30,0.0527787822058934,0,0.4,Standard monitoring,Normal low-cost engagement; no paid retention incentive,38851.33209999985,332.86100131355204,3266,2631,Standard monitoring,Monitor customer value and churn risk; no paid intervention,churn-logistic-1.0.0
13232,2011-12-10,Recent developing,1357.0,7,0.3699297951234787,0,0.4,Standard monitoring,Normal low-cost engagement; no paid retention incentive,38851.33209999985,501.99473198256055,2509,2124,Standard monitoring,Monitor customer value and churn risk; no paid intervention,churn-logistic-1.0.0
13233,2011-12-10,At-risk established,1176.46,4,0.8103102710107057,1,0.4,Priority 2 - Targeted,Targeted retention message for the next-ranked 10%,38851.33209999985,953.2976214332549,644,1113,Priority 3 - Nurture,Low-cost relationship nurture for value protection,churn-logistic-1.0.0
13236,2011-12-10,Recent developing,727.27,2,0.6195284943916421,1,0.4,Priority 3 - Nurture,Automated email nurture or product reminder,38851.33209999985,450.5644881162096,1611,2280,Standard monitoring,Monitor customer value and churn risk; no paid intervention,churn-logistic-1.0.0
13238,2011-12-10,Recent developing,986.73,6,0.4814717744396887,1,0.4,Standard monitoring,Normal low-cost engagement; no paid retention incentive,38851.33209999985,475.082643992874,2159,2201,Standard monitoring,Monitor customer value and churn risk; no paid intervention,churn-logistic-1.0.0
13240,2011-12-10,At-risk established,1640.77,8,0.5579795876782864,1,0.4,Standard monitoring,Normal low-cost engagement; no paid retention incentive,38851.33209999985,915.5161680749019,1880,1185,Priority 3 - Nurture,Low-cost relationship nurture for value protection,churn-logistic-1.0.0
13242,2011-12-10,At-risk established,699.4,7,0.7127585241519279,1,0.4,Priority 3 - Nurture,Automated email nurture or product reminder,38851.33209999985,498.5033117918583,1215,2140,Standard monitoring,Monitor customer value and churn risk; no paid intervention,churn-logistic-1.0.0
13244,2011-12-10,Lapsed low-value,121.74,1,0.8477440222267241,1,0.4,Priority 2 - Targeted,Targeted retention message for the next-ranked 10%,38851.33209999985,103.20435726588138,348,3289,Standard monitoring,Monitor customer value and churn risk; no paid intervention,churn-logistic-1.0.0
13245,2011-12-10,Recent developing,989.22,2,0.8680819692623772,1,0.4,Priority 1 - Immediate,Personalized outreach for the highest-ranked 10%; use segment and value,38851.33209999985,858.7240456337288,214,1274,Priority 3 - Nurture,Low-cost relationship nurture for value protection,churn-logistic-1.0.0
13246,2011-12-10,Champions,3268.38,11,0.3435353009231116,0,0.4,Standard monitoring,Normal low-cost engagement; no paid retention incentive,38851.33209999985,1122.8039068310795,2583,875,Priority 3 - Nurture,Low-cost relationship nurture for value protection,churn-logistic-1.0.0
13247,2011-12-10,Recent developing,501.12,4,0.4491230667763053,1,0.4,Standard monitoring,Normal low-cost engagement; no paid retention incentive,38851.33209999985,225.06455122294213,2252,2965,Standard monitoring,Monitor customer value and churn risk; no paid intervention,churn-logistic-1.0.0
13248,2011-12-10,Lapsed low-value,465.68,2,0.7653215352703542,1,0.4,Priority 3 - Nurture,Automated email nurture or product reminder,38851.33209999985,356.3949325446985,1021,2551,Standard monitoring,Monitor customer value and churn risk; no paid intervention,churn-logistic-1.0.0
13249,2011-12-10,At-risk established,1608.93,9,0.5517509824185047,1,0.4,Standard monitoring,Normal low-cost engagement; no paid retention incentive,38851.33209999985,887.7287081426049,1904,1229,Priority 3 - Nurture,Low-cost relationship nurture for value protection,churn-logistic-1.0.0
13253,2011-12-10,At-risk established,2951.11,4,0.7929037458111493,1,0.4,Priority 3 - Nurture,Automated email nurture or product reminder,38851.33209999985,2339.946173300741,842,180,Priority 1 - Immediate,Account-manager outreach; prioritize the highest exposed customer value,churn-logistic-1.0.0
13255,2011-12-10,Recent developing,895.61,3,0.8327112728377493,1,0.4,Priority 2 - Targeted,Targeted retention message for the next-ranked 10%,38851.33209999985,745.7845430662167,451,1500,Priority 3 - Nurture,Low-cost relationship nurture for value protection,churn-logistic-1.0.0
13256,2011-12-10,Exceptional high-value,0.0,1,0.8383227479444748,1,0.4,Priority 2 - Targeted,Targeted retention message for the next-ranked 10%,38851.33209999985,0.0,411,3464,Standard monitoring,Monitor customer value and churn risk; no paid intervention,churn-logistic-1.0.0
13258,2011-12-10,Recent developing,1035.18,5,0.5927436534981775,1,0.4,Priority 3 - Nurture,Automated email nurture or product reminder,38851.33209999985,613.5963752282433,1723,1823,Standard monitoring,Monitor customer value and churn risk; no paid intervention,churn-logistic-1.0.0
13259,2011-12-10,At-risk established,1429.63,9,0.5867493852915584,1,0.4,Standard monitoring,Normal low-cost engagement; no paid retention incentive,38851.33209999985,838.8345236943707,1751,1306,Priority 3 - Nurture,Low-cost relationship nurture for value protection,churn-logistic-1.0.0
13260,2011-12-10,Recent developing,557.62,1,0.8198078577342636,1,0.4,Priority 2 - Targeted,Targeted retention message for the next-ranked 10%,38851.33209999985,457.14125762978006,564,2256,Standard monitoring,Monitor customer value and churn risk; no paid intervention,churn-logistic-1.0.0
13263,2011-12-10,Champions,8679.47,38,0.0013539705069919,0,0.4,Standard monitoring,Normal low-cost engagement; no paid retention incentive,38851.33209999985,11.751746396320986,3429,3437,Standard monitoring,Monitor customer value and churn risk; no paid intervention,churn-logistic-1.0.0
13265,2011-12-10,At-risk established,2107.66,5,0.5602096296626674,1,0.4,Standard monitoring,Normal low-cost engagement; no paid retention incentive,38851.33209999985,1180.7314280548176,1869,804,Priority 3 - Nurture,Low-cost relationship nurture for value protection,churn-logistic-1.0.0
13266,2011-12-10,Champions,5965.3,19,0.0710526412380132,0,0.4,Standard monitoring,Normal low-cost engagement; no paid retention incentive,38851.33209999985,423.8503207771202,3224,2359,Standard monitoring,Monitor customer value and churn risk; no paid intervention,churn-logistic-1.0.0
13267,2011-12-10,Champions,9527.31,36,0.0444472089552307,0,0.4,Standard monitoring,Normal low-cost engagement; no paid retention incentive,38851.33209999985,423.462338351259,3287,2361,Standard monitoring,Monitor customer value and churn risk; no paid intervention,churn-logistic-1.0.0
13268,2011-12-10,Champions,3153.8,10,0.1681076317895761,0,0.4,Standard monitoring,Normal low-cost engagement; no paid retention incentive,38851.33209999985,530.1778491379652,3028,2042,Standard monitoring,Monitor customer value and churn risk; no paid intervention,churn-logistic-1.0.0
13269,2011-12-10,Champions,8863.05,28,0.0349624451289017,0,0.4,Standard monitoring,Normal low-cost engagement; no paid retention incentive,38851.33209999985,309.87389929971215,3304,2692,Standard monitoring,Monitor customer value and churn risk; no paid intervention,churn-logistic-1.0.0
13271,2011-12-10,Recent developing,178.26,1,0.7792802409667114,1,0.4,Priority 3 - Nurture,Automated email nurture or product reminder,38851.33209999985,138.91449575472598,946,3192,Standard monitoring,Monitor customer value and churn risk; no paid intervention,churn-logistic-1.0.0
13272,2011-12-10,Recent developing,276.56,2,0.6373240238015309,1,0.4,Priority 3 - Nurture,Automated email nurture or product reminder,38851.33209999985,176.25833202255137,1514,3085,Standard monitoring,Monitor customer value and churn risk; no paid intervention,churn-logistic-1.0.0
13273,2011-12-10,Lapsed low-value,138.98,1,0.8583130143508372,1,0.4,Priority 1 - Immediate,Personalized outreach for the highest-ranked 10%; use segment and value,38851.33209999985,119.28834273447934,292,3253,Standard monitoring,Monitor customer value and churn risk; no paid intervention,churn-logistic-1.0.0
13276,2011-12-10,At-risk established,1931.31,5,0.5555781865246564,1,0.4,Standard monitoring,Normal low-cost engagement; no paid retention incentive,38851.33209999985,1072.993707416934,1892,939,Priority 3 - Nurture,Low-cost relationship nurture for value protection,churn-logistic-1.0.0
13277,2011-12-10,Recent developing,523.3,7,0.4179876830971204,1,0.4,Standard monitoring,Normal low-cost engagement; no paid retention incentive,38851.33209999985,218.7329545647231,2358,2982,Standard monitoring,Monitor customer value and churn risk; no paid intervention,churn-logistic-1.0.0
13278,2011-12-10,Recent developing,1425.35,4,0.731235418533605,1,0.4,Priority 3 - Nurture,Automated email nurture or product reminder,38851.33209999985,1042.2664038068738,1146,984,Priority 3 - Nurture,Low-cost relationship nurture for value protection,churn-logistic-1.0.0
13279,2011-12-10,Lapsed low-value,126.3,1,0.8340321164175093,1,0.4,Priority 2 - Targeted,Targeted retention message for the next-ranked 10%,38851.33209999985,105.33825630353142,444,3282,Standard monitoring,Monitor customer value and churn risk; no paid intervention,churn-logistic-1.0.0
13280,2011-12-10,At-risk established,2297.13,7,0.6459227957439851,1,0.4,Priority 3 - Nurture,Automated email nurture or product reminder,38851.33209999985,1483.7686317873806,1467,535,Priority 2 - Targeted,Personalized retention offer for a high-value account,churn-logistic-1.0.0
13282,2011-12-10,Recent developing,1270.14,4,0.6392748458251365,1,0.4,Priority 3 - Nurture,Automated email nurture or product reminder,38851.33209999985,811.968552676339,1498,1355,Priority 3 - Nurture,Low-cost relationship nurture for value protection,churn-logistic-1.0.0
13283,2011-12-10,Recent developing,373.36,4,0.7480219847235489,1,0.4,Priority 3 - Nurture,Automated email nurture or product reminder,38851.33209999985,279.2814882163842,1089,2804,Standard monitoring,Monitor customer value and churn risk; no paid intervention,churn-logistic-1.0.0
13285,2011-12-10,Champions,3364.59,6,0.456009602065026,1,0.4,Standard monitoring,Normal low-cost engagement; no paid retention incentive,38851.33209999985,1534.285347011966,2233,494,Priority 2 - Targeted,Personalized retention offer for a high-value account,churn-logistic-1.0.0
13291,2011-12-10,At-risk established,3320.84,11,0.6181727849230367,1,0.4,Priority 3 - Nurture,Automated email nurture or product reminder,38851.33209999985,2052.8529110838176,1619,253,Priority 1 - Immediate,Account-manager outreach; prioritize the highest exposed customer value,churn-logistic-1.0.0
13292,2011-12-10,Recent developing,987.79,5,0.6803489565697635,1,0.4,Priority 3 - Nurture,Automated email nurture or product reminder,38851.33209999985,672.0418958100466,1330,1685,Priority 3 - Nurture,Low-cost relationship nurture for value protection,churn-logistic-1.0.0
13296,2011-12-10,At-risk established,792.51,6,0.7472988406617482,1,0.4,Priority 3 - Nurture,Automated email nurture or product reminder,38851.33209999985,592.2418042128421,1091,1877,Standard monitoring,Monitor customer value and churn risk; no paid intervention,churn-logistic-1.0.0
13297,2011-12-10,Champions,4352.67,7,0.433368000265866,1,0.4,Standard monitoring,Normal low-cost engagement; no paid retention incentive,38851.33209999985,1886.3078937172272,2301,311,Priority 1 - Immediate,Account-manager outreach; prioritize the highest exposed customer value,churn-logistic-1.0.0
13298,2011-12-10,Recent developing,360.0,1,0.7874387781934629,1,0.4,Priority 3 - Nurture,Automated email nurture or product reminder,38851.33209999985,283.4779601496466,899,2788,Standard monitoring,Monitor customer value and churn risk; no paid intervention,churn-logistic-1.0.0
13300,2011-12-10,At-risk established,1267.21,3,0.8178357497724907,1,0.4,Priority 2 - Targeted,Targeted retention message for the next-ranked 10%,38851.33209999985,1036.369640469198,581,989,Priority 3 - Nurture,Low-cost relationship nurture for value protection,churn-logistic-1.0.0
13301,2011-12-10,At-risk established,600.19,4,0.6730626405287239,1,0.4,Priority 3 - Nurture,Automated email nurture or product reminder,38851.33209999985,403.9654662189348,1349,2419,Standard monitoring,Monitor customer value and churn risk; no paid intervention,churn-logistic-1.0.0
13302,2011-12-10,Lapsed low-value,159.2,2,0.920144662709151,1,0.4,Priority 1 - Immediate,Personalized outreach for the highest-ranked 10%; use segment and value,38851.33209999985,146.48703030329682,54,3169,Standard monitoring,Monitor customer value and churn risk; no paid intervention,churn-logistic-1.0.0
13305,2011-12-10,Champions,3754.71,16,0.1469224901474192,0,0.4,Standard monitoring,Normal low-cost engagement; no paid retention incentive,38851.33209999985,551.6513429814164,3087,1981,Standard monitoring,Monitor customer value and churn risk; no paid intervention,churn-logistic-1.0.0
13307,2011-12-10,Lapsed low-value,273.34,3,0.9014534973707448,1,0.4,Priority 1 - Immediate,Personalized outreach for the highest-ranked 10%; use segment and value,38851.33209999985,246.40329897131934,91,2905,Standard monitoring,Monitor customer value and churn risk; no paid intervention,churn-logistic-1.0.0
13308,2011-12-10,Recent developing,1654.57,4,0.6614358695898261,1,0.4,Priority 3 - Nurture,Automated email nurture or product reminder,38851.33209999985,1094.3919467472385,1396,917,Priority 3 - Nurture,Low-cost relationship nurture for value protection,churn-logistic-1.0.0
13309,2011-12-10,Recent developing,1706.37,6,0.4281073713611887,1,0.4,Standard monitoring,Normal low-cost engagement; no paid retention incentive,38851.33209999985,730.5095752695916,2318,1537,Priority 3 - Nurture,Low-cost relationship nurture for value protection,churn-logistic-1.0.0
13310,2011-12-10,Recent developing,1492.8,5,0.6424806795812368,1,0.4,Priority 3 - Nurture,Automated email nurture or product reminder,38851.33209999985,959.0951584788702,1481,1100,Priority 3 - Nurture,Low-cost relationship nurture for value protection,churn-logistic-1.0.0
13311,2011-12-10,Recent developing,598.57,2,0.6772171341055375,1,0.4,Priority 3 - Nurture,Automated email nurture or product reminder,38851.33209999985,405.3618599615516,1341,2412,Standard monitoring,Monitor customer value and churn risk; no paid intervention,churn-logistic-1.0.0
13313,2011-12-10,Champions,3431.77,12,0.2578394392262338,0,0.4,Standard monitoring,Normal low-cost engagement; no paid retention incentive,38851.33209999985,884.8456523534124,2806,1240,Priority 3 - Nurture,Low-cost relationship nurture for value protection,churn-logistic-1.0.0
13314,2011-12-10,Recent developing,583.61,3,0.5039049552782592,1,0.4,Standard monitoring,Normal low-cost engagement; no paid retention incentive,38851.33209999985,294.08397094994484,2087,2748,Standard monitoring,Monitor customer value and churn risk; no paid intervention,churn-logistic-1.0.0
13316,2011-12-10,Champions,13069.17,10,0.2431981433211215,0,0.4,Standard monitoring,Normal low-cost engagement; no paid retention incentive,38851.33209999985,3178.3978787481014,2840,77,Priority 1 - Immediate,Account-manager outreach; prioritize the highest exposed customer value,churn-logistic-1.0.0
13317,2011-12-10,Champions,6077.581,19,0.3655955013885707,0,0.4,Standard monitoring,Normal low-cost engagement; no paid retention incentive,38851.33209999985,2221.936272924651,2524,207,Priority 1 - Immediate,Account-manager outreach; prioritize the highest exposed customer value,churn-logistic-1.0.0
13318,2011-12-10,Recent developing,640.76,3,0.4924648989962151,1,0.4,Standard monitoring,Normal low-cost engagement; no paid retention incentive,38851.33209999985,315.55180868081476,2125,2668,Standard monitoring,Monitor customer value and churn risk; no paid intervention,churn-logistic-1.0.0
13319,2011-12-10,Champions,21714.21,58,0.0135948751702338,0,0.4,Standard monitoring,Normal low-cost engagement; no paid retention incentive,38851.33209999985,295.20197437024245,3373,2741,Standard monitoring,Monitor customer value and churn risk; no paid intervention,churn-logistic-1.0.0
13320,2011-12-10,At-risk established,2160.95,6,0.6004262211090884,1,0.4,Priority 3 - Nurture,Automated email nurture or product reminder,38851.33209999985,1297.4910425056844,1699,689,Priority 2 - Targeted,Personalized retention offer for a high-value account,churn-logistic-1.0.0
13321,2011-12-10,Recent developing,567.36,2,0.6403410655050222,1,0.4,Priority 3 - Nurture,Automated email nurture or product reminder,38851.33209999985,363.30390692492944,1491,2533,Standard monitoring,Monitor customer value and churn risk; no paid intervention,churn-logistic-1.0.0
13322,2011-12-10,Recent developing,199.48,1,0.7942187328519809,1,0.4,Priority 3 - Nurture,Automated email nurture or product reminder,38851.33209999985,158.43075282931312,822,3133,Standard monitoring,Monitor customer value and churn risk; no paid intervention,churn-logistic-1.0.0
13323,2011-12-10,Recent developing,787.85,5,0.3504188690162104,0,0.4,Standard monitoring,Normal low-cost engagement; no paid retention incentive,38851.33209999985,276.0775059544214,2571,2815,Standard monitoring,Monitor customer value and churn risk; no paid intervention,churn-logistic-1.0.0
13324,2011-12-10,Champions,10421.17,18,0.3996720619152284,0,0.4,Standard monitoring,Normal low-cost engagement; no paid retention incentive,38851.33209999985,4165.050501469121,2417,39,Priority 1 - Immediate,Account-manager outreach; prioritize the highest exposed customer value,churn-logistic-1.0.0
13325,2011-12-10,Recent developing,675.3,1,0.8249596602653887,1,0.4,Priority 2 - Targeted,Targeted retention message for the next-ranked 10%,38851.33209999985,557.0952585772169,526,1967,Standard monitoring,Monitor customer value and churn risk; no paid intervention,churn-logistic-1.0.0
13327,2011-12-10,Champions,9686.42,19,0.205455688251964,0,0.4,Standard monitoring,Normal low-cost engagement; no paid retention incentive,38851.33209999985,1990.130087797589,2933,270,Priority 1 - Immediate,Account-manager outreach; prioritize the highest exposed customer value,churn-logistic-1.0.0
13329,2011-12-10,Champions,4977.82,8,0.6015545133552386,1,0.4,Priority 3 - Nurture,Automated email nurture or product reminder,38851.33209999985,2994.4300876699735,1692,92,Priority 1 - Immediate,Account-manager outreach; prioritize the highest exposed customer value,churn-logistic-1.0.0
13330,2011-12-10,At-risk established,2806.18,6,0.6072328733590177,1,0.4,Priority 3 - Nurture,Automated email nurture or product reminder,38851.33209999985,1704.004744562608,1665,378,Priority 2 - Targeted,Personalized retention offer for a high-value account,churn-logistic-1.0.0
13332,2011-12-10,Recent developing,350.9,1,0.7890561759239696,1,0.4,Priority 3 - Nurture,Automated email nurture or product reminder,38851.33209999985,276.87981213172094,882,2811,Standard monitoring,Monitor customer value and churn risk; no paid intervention,churn-logistic-1.0.0
13334,2011-12-10,At-risk established,6263.75,5,0.5016809194307446,1,0.4,Standard monitoring,Normal low-cost engagement; no paid retention incentive,38851.33209999985,3142.403859084326,2094,80,Priority 1 - Immediate,Account-manager outreach; prioritize the highest exposed customer value,churn-logistic-1.0.0
13336,2011-12-10,Recent developing,795.12,1,0.8107871350444874,1,0.4,Priority 2 - Targeted,Targeted retention message for the next-ranked 10%,38851.33209999985,644.6730668165728,640,1751,Standard monitoring,Monitor customer value and churn risk; no paid intervention,churn-logistic-1.0.0
13338,2011-12-10,At-risk established,2173.62,4,0.8322129292490402,1,0.4,Priority 2 - Targeted,Targeted retention message for the next-ranked 10%,38851.33209999985,1808.9146672742986,457,339,Priority 1 - Immediate,Account-manager outreach; prioritize the highest exposed customer value,churn-logistic-1.0.0
13340,2011-12-10,Champions,22100.56,12,0.2576130963955457,0,0.4,Standard monitoring,Normal low-cost engagement; no paid retention incentive,38851.33209999985,5693.393693675542,2808,14,Priority 1 - Immediate,Account-manager outreach; prioritize the highest exposed customer value,churn-logistic-1.0.0
13343,2011-12-10,Lapsed low-value,253.93,1,0.8748093048459725,1,0.4,Priority 1 - Immediate,Personalized outreach for the highest-ranked 10%; use segment and value,38851.33209999985,222.14032677953782,166,2973,Standard monitoring,Monitor customer value and churn risk; no paid intervention,churn-logistic-1.0.0
13344,2011-12-10,At-risk established,2543.72,3,0.7784101263911353,1,0.4,Priority 3 - Nurture,Automated email nurture or product reminder,38851.33209999985,1980.0574067036584,951,274,Priority 1 - Immediate,Account-manager outreach; prioritize the highest exposed customer value,churn-logistic-1.0.0
13347,2011-12-10,Lapsed low-value,291.36,1,0.8314320920373997,1,0.4,Priority 2 - Targeted,Targeted retention message for the next-ranked 10%,38851.33209999985,242.24605433601678,464,2922,Standard monitoring,Monitor customer value and churn risk; no paid intervention,churn-logistic-1.0.0
13348,2011-12-10,Lapsed low-value,233.76,1,0.8283258036155259,1,0.4,Priority 2 - Targeted,Targeted retention message for the next-ranked 10%,38851.33209999985,193.6294398531653,495,3040,Standard monitoring,Monitor customer value and churn risk; no paid intervention,churn-logistic-1.0.0
13349,2011-12-10,Recent developing,197.32,1,0.7939727843596465,1,0.4,Priority 3 - Nurture,Automated email nurture or product reminder,38851.33209999985,156.66670980984543,825,3141,Standard monitoring,Monitor customer value and churn risk; no paid intervention,churn-logistic-1.0.0
13350,2011-12-10,Recent developing,810.72,2,0.6017401997490601,1,0.4,Priority 3 - Nurture,Automated email nurture or product reminder,38851.33209999985,487.842814740558,1689,2168,Standard monitoring,Monitor customer value and churn risk; no paid intervention,churn-logistic-1.0.0
13351,2011-12-10,Lapsed low-value,323.94,1,0.8264777380645155,1,0.4,Priority 2 - Targeted,Targeted retention message for the next-ranked 10%,38851.33209999985,267.72919846861913,518,2848,Standard monitoring,Monitor customer value and churn risk; no paid intervention,churn-logistic-1.0.0
13352,2011-12-10,Recent developing,339.28,1,0.8151417539768215,1,0.4,Priority 2 - Targeted,Targeted retention message for the next-ranked 10%,38851.33209999985,276.561294289256,602,2812,Standard monitoring,Monitor customer value and churn risk; no paid intervention,churn-logistic-1.0.0
13354,2011-12-10,Recent developing,743.53,1,0.8096071567855213,1,0.4,Priority 2 - Targeted,Targeted retention message for the next-ranked 10%,38851.33209999985,601.9672092847386,653,1857,Standard monitoring,Monitor customer value and churn risk; no paid intervention,churn-logistic-1.0.0
13355,2011-12-10,Lapsed low-value,674.7,1,0.8470414806918396,1,0.4,Priority 2 - Targeted,Targeted retention message for the next-ranked 10%,38851.33209999985,571.4988870227842,352,1929,Standard monitoring,Monitor customer value and churn risk; no paid intervention,churn-logistic-1.0.0
13356,2011-12-10,Recent developing,768.24,1,0.8144275046930168,1,0.4,Priority 2 - Targeted,Targeted retention message for the next-ranked 10%,38851.33209999985,625.6757862053632,609,1797,Standard monitoring,Monitor customer value and churn risk; no paid intervention,churn-logistic-1.0.0
13359,2011-12-10,Recent developing,901.96,2,0.8614669831870849,1,0.4,Priority 1 - Immediate,Personalized outreach for the highest-ranked 10%; use segment and value,38851.33209999985,777.0087601554231,264,1427,Priority 3 - Nurture,Low-cost relationship nurture for value protection,churn-logistic-1.0.0
13362,2011-12-10,Champions,5357.57,7,0.373760258033083,0,0.4,Standard monitoring,Normal low-cost engagement; no paid retention incentive,38851.33209999985,2002.4467456303043,2499,265,Priority 1 - Immediate,Account-manager outreach; prioritize the highest exposed customer value,churn-logistic-1.0.0
13363,2011-12-10,Recent developing,1623.86,3,0.763986156306323,1,0.4,Priority 3 - Nurture,Automated email nurture or product reminder,38851.33209999985,1240.6065597795857,1030,745,Priority 3 - Nurture,Low-cost relationship nurture for value protection,churn-logistic-1.0.0
13365,2011-12-10,Recent developing,2191.22,2,0.6861994713788506,1,0.4,Priority 3 - Nurture,Automated email nurture or product reminder,38851.33209999985,1503.614005674765,1311,516,Priority 2 - Targeted,Personalized retention offer for a high-value account,churn-logistic-1.0.0
13366,2011-12-10,Lapsed low-value,56.16,1,0.821734846728246,1,0.4,Priority 2 - Targeted,Targeted retention message for the next-ranked 10%,38851.33209999985,46.148628992258296,554,3401,Standard monitoring,Monitor customer value and churn risk; no paid intervention,churn-logistic-1.0.0
13372,2011-12-10,Lapsed low-value,328.64,1,0.8347400154992864,1,0.4,Priority 2 - Targeted,Targeted retention message for the next-ranked 10%,38851.33209999985,274.3289586936855,439,2823,Standard monitoring,Monitor customer value and churn risk; no paid intervention,churn-logistic-1.0.0
13373,2011-12-10,Champions,7587.19,6,0.3627758546852977,0,0.4,Standard monitoring,Normal low-cost engagement; no paid retention incentive,38851.33209999985,2752.449336909744,2535,122,Priority 1 - Immediate,Account-manager outreach; prioritize the highest exposed customer value,churn-logistic-1.0.0
13375,2011-12-10,At-risk established,1786.48,2,0.8654818679081184,1,0.4,Priority 1 - Immediate,Personalized outreach for the highest-ranked 10%; use segment and value,38851.33209999985,1546.1660473804955,234,477,Priority 2 - Targeted,Personalized retention offer for a high-value account,churn-logistic-1.0.0
13376,2011-12-10,At-risk established,869.76,3,0.7601780820961218,1,0.4,Priority 3 - Nurture,Automated email nurture or product reminder,38851.33209999985,661.1724886839229,1045,1713,Priority 3 - Nurture,Low-cost relationship nurture for value protection,churn-logistic-1.0.0
13379,2011-12-10,Recent developing,572.56,3,0.5122803950280123,1,0.4,Standard monitoring,Normal low-cost engagement; no paid retention incentive,38851.33209999985,293.3112629772387,2039,2753,Standard monitoring,Monitor customer value and churn risk; no paid intervention,churn-logistic-1.0.0
13381,2011-12-10,Champions,8201.27,12,0.1957040904490137,0,0.4,Standard monitoring,Normal low-cost engagement; no paid retention incentive,38851.33209999985,1605.0220858767827,2960,434,Priority 2 - Targeted,Personalized retention offer for a high-value account,churn-logistic-1.0.0
13384,2011-12-10,Champions,6635.09,11,0.1402061952176919,0,0.4,Standard monitoring,Normal low-cost engagement; no paid retention incentive,38851.33209999985,930.2807238269554,3094,1157,Priority 3 - Nurture,Low-cost relationship nurture for value protection,churn-logistic-1.0.0
13388,2011-12-10,At-risk established,1135.7,3,0.9329879083903514,1,0.4,Priority 1 - Immediate,Personalized outreach for the highest-ranked 10%; use segment and value,38851.33209999985,1059.5943675589222,29,958,Priority 3 - Nurture,Low-cost relationship nurture for value protection,churn-logistic-1.0.0
13389,2011-12-10,Recent developing,797.96,3,0.6499063489397866,1,0.4,Priority 3 - Nurture,Automated email nurture or product reminder,38851.33209999985,518.5992701999921,1448,2074,Standard monitoring,Monitor customer value and churn risk; no paid intervention,churn-logistic-1.0.0
13390,2011-12-10,Recent developing,544.08,1,0.8250549438906374,1,0.4,Priority 2 - Targeted,Targeted retention message for the next-ranked 10%,38851.33209999985,448.895893872018,525,2291,Standard monitoring,Monitor customer value and churn risk; no paid intervention,churn-logistic-1.0.0
13394,2011-12-10,Champions,6351.58,19,0.0832205860322594,0,0.4,Standard monitoring,Normal low-cost engagement; no paid retention incentive,38851.33209999985,528.5822098307782,3197,2045,Standard monitoring,Monitor customer value and churn risk; no paid intervention,churn-logistic-1.0.0
13396,2011-12-10,Recent developing,1325.29,2,0.8028980074530161,1,0.4,Priority 3 - Nurture,Automated email nurture or product reminder,38851.33209999985,1064.0727002974077,730,946,Priority 3 - Nurture,Low-cost relationship nurture for value protection,churn-logistic-1.0.0
13397,2011-12-10,Champions,3106.07,10,0.4188238932928088,1,0.4,Standard monitoring,Normal low-cost engagement; no paid retention incentive,38851.33209999985,1300.8963302399945,2356,686,Priority 2 - Targeted,Personalized retention offer for a high-value account,churn-logistic-1.0.0
13402,2011-12-10,At-risk established,1535.13,4,0.7913887252239816,1,0.4,Priority 3 - Nurture,Automated email nurture or product reminder,38851.33209999985,1214.884573753091,860,769,Priority 3 - Nurture,Low-cost relationship nurture for value protection,churn-logistic-1.0.0
13403,2011-12-10,Recent developing,229.5,3,0.8012698525314806,1,0.4,Priority 3 - Nurture,Automated email nurture or product reminder,38851.33209999985,183.8914311559748,751,3064,Standard monitoring,Monitor customer value and churn risk; no paid intervention,churn-logistic-1.0.0
13404,2011-12-10,Recent developing,252.49,2,0.7771758456558576,1,0.4,Priority 3 - Nurture,Automated email nurture or product reminder,38851.33209999985,196.2291292696475,957,3034,Standard monitoring,Monitor customer value and churn risk; no paid intervention,churn-logistic-1.0.0
13408,2011-12-10,Exceptional high-value,51266.552,106,3.6875089421589344e-05,0,0.4,Standard monitoring,Normal low-cost engagement; no paid retention incentive,38851.33209999985,1.4326463453353588,3450,3449,Standard monitoring,Monitor customer value and churn risk; no paid intervention,churn-logistic-1.0.0
13410,2011-12-10,Champions,2172.51,9,0.4305744838786228,1,0.4,Standard monitoring,Normal low-cost engagement; no paid retention incentive,38851.33209999985,935.427371971147,2310,1143,Priority 3 - Nurture,Low-cost relationship nurture for value protection,churn-logistic-1.0.0
13411,2011-12-10,Lapsed low-value,213.55,1,0.8539430068225129,1,0.4,Priority 1 - Immediate,Personalized outreach for the highest-ranked 10%; use segment and value,38851.33209999985,182.35952910694763,321,3069,Standard monitoring,Monitor customer value and churn risk; no paid intervention,churn-logistic-1.0.0
13414,2011-12-10,At-risk established,2494.14,6,0.6457839621364366,1,0.4,Priority 3 - Nurture,Automated email nurture or product reminder,38851.33209999985,1610.675611322972,1468,429,Priority 2 - Targeted,Personalized retention offer for a high-value account,churn-logistic-1.0.0
13416,2011-12-10,Recent developing,940.8,3,0.9153427329191888,1,0.4,Priority 1 - Immediate,Personalized outreach for the highest-ranked 10%; use segment and value,38851.33209999985,861.1544431303728,63,1269,Priority 3 - Nurture,Low-cost relationship nurture for value protection,churn-logistic-1.0.0
13417,2011-12-10,Recent developing,1593.89,6,0.6615269008540361,1,0.4,Priority 3 - Nurture,Automated email nurture or product reminder,38851.33209999985,1054.4011120022396,1395,965,Priority 3 - Nurture,Low-cost relationship nurture for value protection,churn-logistic-1.0.0
13418,2011-12-10,Champions,11914.16,31,0.0599993955558296,0,0.4,Standard monitoring,Normal low-cost engagement; no paid retention incentive,38851.33209999985,714.8423985554427,3246,1580,Priority 3 - Nurture,Low-cost relationship nurture for value protection,churn-logistic-1.0.0
13419,2011-12-10,Lapsed low-value,221.06,1,0.8282517012701074,1,0.4,Priority 2 - Targeted,Targeted retention message for the next-ranked 10%,38851.33209999985,183.09332108276993,497,3068,Standard monitoring,Monitor customer value and churn risk; no paid intervention,churn-logistic-1.0.0
13420,2011-12-10,Lapsed low-value,140.35,2,0.7362169085125965,1,0.4,Priority 3 - Nurture,Automated email nurture or product reminder,38851.33209999985,103.32804310974291,1123,3288,Standard monitoring,Monitor customer value and churn risk; no paid intervention,churn-logistic-1.0.0
13421,2011-12-10,Champions,4090.52,8,0.5616126285433917,1,0.4,Standard monitoring,Normal low-cost engagement; no paid retention incentive,38851.33209999985,2297.2876893093144,1861,195,Priority 1 - Immediate,Account-manager outreach; prioritize the highest exposed customer value,churn-logistic-1.0.0
13422,2011-12-10,Recent developing,2601.55,1,0.7220958352405984,1,0.4,Priority 3 - Nurture,Automated email nurture or product reminder,38851.33209999985,1878.5684201701788,1173,314,Priority 1 - Immediate,Account-manager outreach; prioritize the highest exposed customer value,churn-logistic-1.0.0
13425,2011-12-10,At-risk established,3385.83,5,0.6350322294414883,1,0.4,Priority 3 - Nurture,Automated email nurture or product reminder,38851.33209999985,2150.1111734098745,1528,225,Priority 1 - Immediate,Account-manager outreach; prioritize the highest exposed customer value,churn-logistic-1.0.0
13426,2011-12-10,Champions,8084.38,22,0.0988903388154226,0,0.4,Standard monitoring,Normal low-cost engagement; no paid retention incentive,38851.33209999985,799.4670773126262,3174,1376,Priority 3 - Nurture,Low-cost relationship nurture for value protection,churn-logistic-1.0.0
13427,2011-12-10,Recent developing,1006.53,6,0.507314131775078,1,0.4,Standard monitoring,Normal low-cost engagement; no paid retention incentive,38851.33209999985,510.62689305556927,2071,2091,Standard monitoring,Monitor customer value and churn risk; no paid intervention,churn-logistic-1.0.0
13428,2011-12-10,Recent developing,499.98,3,0.8937864227011041,1,0.4,Priority 1 - Immediate,Personalized outreach for the highest-ranked 10%; use segment and value,38851.33209999985,446.875335622098,107,2298,Standard monitoring,Monitor customer value and churn risk; no paid intervention,churn-logistic-1.0.0
13429,2011-12-10,Recent developing,1006.8,4,0.4306526878490305,1,0.4,Standard monitoring,Normal low-cost engagement; no paid retention incentive,38851.33209999985,433.5811261264039,2309,2334,Standard monitoring,Monitor customer value and churn risk; no paid intervention,churn-logistic-1.0.0
13430,2011-12-10,Recent developing,652.07,2,0.6018704771435409,1,0.4,Priority 3 - Nurture,Automated email nurture or product reminder,38851.33209999985,392.46168203098875,1687,2454,Standard monitoring,Monitor customer value and churn risk; no paid intervention,churn-logistic-1.0.0
13431,2011-12-10,At-risk established,3289.24,8,0.5237275426849668,1,0.4,Standard monitoring,Normal low-cost engagement; no paid retention incentive,38851.33209999985,1722.6655825011,2003,375,Priority 2 - Targeted,Personalized retention offer for a high-value account,churn-logistic-1.0.0
13434,2011-12-10,At-risk established,1666.86,5,0.665810456631808,1,0.4,Priority 3 - Nurture,Automated email nurture or product reminder,38851.33209999985,1109.8128177412955,1379,895,Priority 3 - Nurture,Low-cost relationship nurture for value protection,churn-logistic-1.0.0
13435,2011-12-10,Champions,4458.63,9,0.1431120227708404,0,0.4,Standard monitoring,Normal low-cost engagement; no paid retention incentive,38851.33209999985,638.0835580867522,3092,1769,Standard monitoring,Monitor customer value and churn risk; no paid intervention,churn-logistic-1.0.0
13436,2011-12-10,Recent developing,196.89,1,0.7898564509585723,1,0.4,Priority 3 - Nurture,Automated email nurture or product reminder,38851.33209999985,155.5148366292333,869,3146,Standard monitoring,Monitor customer value and churn risk; no paid intervention,churn-logistic-1.0.0
13437,2011-12-10,Champions,3408.06,7,0.2222071872328601,0,0.4,Standard monitoring,Normal low-cost engagement; no paid retention incentive,38851.33209999985,757.2954265208211,2896,1475,Priority 3 - Nurture,Low-cost relationship nurture for value protection,churn-logistic-1.0.0
13441,2011-12-10,Recent developing,720.9,2,0.8846265092183624,1,0.4,Priority 1 - Immediate,Personalized outreach for the highest-ranked 10%; use segment and value,38851.33209999985,637.7272504955174,121,1770,Standard monitoring,Monitor customer value and churn risk; no paid intervention,churn-logistic-1.0.0
13447,2011-12-10,Recent developing,1104.81,3,0.4546282902044539,1,0.4,Standard monitoring,Normal low-cost engagement; no paid retention incentive,38851.33209999985,502.27788130078267,2239,2123,Standard monitoring,Monitor customer value and churn risk; no paid intervention,churn-logistic-1.0.0
13448,2011-12-10,Champions,8807.460000000001,12,0.239076377477232,0,0.4,Standard monitoring,Normal low-cost engagement; no paid retention incentive,38851.33209999985,2105.655631575622,2850,239,Priority 1 - Immediate,Account-manager outreach; prioritize the highest exposed customer value,churn-logistic-1.0.0
13449,2011-12-10,Recent developing,291.88,1,0.7962612809423797,1,0.4,Priority 3 - Nurture,Automated email nurture or product reminder,38851.33209999985,232.4127426814618,804,2948,Standard monitoring,Monitor customer value and churn risk; no paid intervention,churn-logistic-1.0.0
13450,2011-12-10,Champions,4117.54,13,0.2680502102713324,0,0.4,Standard monitoring,Normal low-cost engagement; no paid retention incentive,38851.33209999985,1103.7074628006221,2773,906,Priority 3 - Nurture,Low-cost relationship nurture for value protection,churn-logistic-1.0.0
13451,2011-12-10,Champions,7130.08,11,0.1855941032154105,0,0.4,Standard monitoring,Normal low-cost engagement; no paid retention incentive,38851.33209999985,1323.3008034541342,2987,662,Priority 2 - Targeted,Personalized retention offer for a high-value account,churn-logistic-1.0.0
13453,2011-12-10,At-risk established,758.99,3,0.7887414036863173,1,0.4,Priority 3 - Nurture,Automated email nurture or product reminder,38851.33209999985,598.646837983878,886,1866,Standard monitoring,Monitor customer value and churn risk; no paid intervention,churn-logistic-1.0.0
13455,2011-12-10,Champions,2774.82,6,0.643352784115324,1,0.4,Priority 3 - Nurture,Automated email nurture or product reminder,38851.33209999985,1785.1881724188836,1478,352,Priority 2 - Targeted,Personalized retention offer for a high-value account,churn-logistic-1.0.0
13456,2011-12-10,Recent developing,1737.8200000000002,6,0.3249969512657139,0,0.4,Standard monitoring,Normal low-cost engagement; no paid retention incentive,38851.33209999985,564.7862018485829,2625,1941,Standard monitoring,Monitor customer value and churn risk; no paid intervention,churn-logistic-1.0.0
13458,2011-12-10,Champions,11850.62,16,0.0676748024269069,0,0.4,Standard monitoring,Normal low-cost engagement; no paid retention incentive,38851.33209999985,801.9883671363516,3229,1375,Priority 3 - Nurture,Low-cost relationship nurture for value protection,churn-logistic-1.0.0
13460,2011-12-10,Recent developing,183.44,2,0.5921428242494349,1,0.4,Priority 3 - Nurture,Automated email nurture or product reminder,38851.33209999985,108.62267968031634,1726,3275,Standard monitoring,Monitor customer value and churn risk; no paid intervention,churn-logistic-1.0.0
13461,2011-12-10,Champions,4141.3,6,0.5085341254836999,1,0.4,Standard monitoring,Normal low-cost engagement; no paid retention incentive,38851.33209999985,2105.9923738656466,2057,238,Priority 1 - Immediate,Account-manager outreach; prioritize the highest exposed customer value,churn-logistic-1.0.0
13464,2011-12-10,At-risk established,3097.64,6,0.6848655706466334,1,0.4,Priority 3 - Nurture,Automated email nurture or product reminder,38851.33209999985,2121.4669862578376,1317,233,Priority 1 - Immediate,Account-manager outreach; prioritize the highest exposed customer value,churn-logistic-1.0.0
13467,2011-12-10,Recent developing,1083.71,2,0.5227105936835323,1,0.4,Standard monitoring,Normal low-cost engagement; no paid retention incentive,38851.33209999985,566.4666974807809,2007,1939,Standard monitoring,Monitor customer value and churn risk; no paid intervention,churn-logistic-1.0.0
13468,2011-12-10,Champions,13133.84,72,0.0012072569377755,0,0.4,Standard monitoring,Normal low-cost engagement; no paid retention incentive,38851.33209999985,15.855919459633371,3431,3431,Standard monitoring,Monitor customer value and churn risk; no paid intervention,churn-logistic-1.0.0
13470,2011-12-10,Lapsed low-value,165.0,2,0.7067034308251225,1,0.4,Priority 3 - Nurture,Automated email nurture or product reminder,38851.33209999985,116.60606608614522,1237,3261,Standard monitoring,Monitor customer value and churn risk; no paid intervention,churn-logistic-1.0.0
13471,2011-12-10,Recent developing,2531.58,4,0.2941277840248472,0,0.4,Standard monitoring,Normal low-cost engagement; no paid retention incentive,38851.33209999985,744.6080154816226,2719,1503,Priority 3 - Nurture,Low-cost relationship nurture for value protection,churn-logistic-1.0.0
13473,2011-12-10,At-risk established,2446.26,8,0.6204706047578039,1,0.4,Priority 3 - Nurture,Automated email nurture or product reminder,38851.33209999985,1517.8324215948255,1608,508,Priority 2 - Targeted,Personalized retention offer for a high-value account,churn-logistic-1.0.0
13476,2011-12-10,At-risk established,1915.77,5,0.7198250938993056,1,0.4,Priority 3 - Nurture,Automated email nurture or product reminder,38851.33209999985,1379.0193201394727,1182,612,Priority 2 - Targeted,Personalized retention offer for a high-value account,churn-logistic-1.0.0
13477,2011-12-10,Champions,2821.12,11,0.2813003000987679,0,0.4,Standard monitoring,Normal low-cost engagement; no paid retention incentive,38851.33209999985,793.5819026146361,2752,1385,Priority 3 - Nurture,Low-cost relationship nurture for value protection,churn-logistic-1.0.0
13481,2011-12-10,Champions,3798.84,10,0.3557169290350286,0,0.4,Standard monitoring,Normal low-cost engagement; no paid retention incentive,38851.33209999985,1351.311698695428,2556,642,Priority 2 - Targeted,Personalized retention offer for a high-value account,churn-logistic-1.0.0
13483,2011-12-10,Lapsed low-value,140.34,1,0.8323010324378701,1,0.4,Priority 2 - Targeted,Targeted retention message for the next-ranked 10%,38851.33209999985,116.80512689233069,455,3260,Standard monitoring,Monitor customer value and churn risk; no paid intervention,churn-logistic-1.0.0
13486,2011-12-10,At-risk established,1122.41,3,0.5977688913794403,1,0.4,Priority 3 - Nurture,Automated email nurture or product reminder,38851.33209999985,670.9417813731977,1706,1686,Priority 3 - Nurture,Low-cost relationship nurture for value protection,churn-logistic-1.0.0
13487,2011-12-10,At-risk established,846.87,5,0.6276510801467925,1,0.4,Priority 3 - Nurture,Automated email nurture or product reminder,38851.33209999985,531.5388702439142,1569,2036,Standard monitoring,Monitor customer value and churn risk; no paid intervention,churn-logistic-1.0.0
13488,2011-12-10,Champions,15513.73,23,0.0534175730023409,0,0.4,Standard monitoring,Normal low-cost engagement; no paid retention incentive,38851.33209999985,828.705804813606,3264,1328,Priority 3 - Nurture,Low-cost relationship nurture for value protection,churn-logistic-1.0.0
13489,2011-12-10,At-risk established,449.52,4,0.7356030025139508,1,0.4,Priority 3 - Nurture,Automated email nurture or product reminder,38851.33209999985,330.6682616900712,1127,2632,Standard monitoring,Monitor customer value and churn risk; no paid intervention,churn-logistic-1.0.0
13491,2011-12-10,Champions,4566.56,27,0.2175541840356682,0,0.4,Standard monitoring,Normal low-cost engagement; no paid retention incentive,38851.33209999985,993.4742346499211,2902,1041,Priority 3 - Nurture,Low-cost relationship nurture for value protection,churn-logistic-1.0.0
13492,2011-12-10,At-risk established,1269.84,3,0.7169532406631706,1,0.4,Priority 3 - Nurture,Automated email nurture or product reminder,38851.33209999985,910.4159031237205,1192,1193,Priority 3 - Nurture,Low-cost relationship nurture for value protection,churn-logistic-1.0.0
13495,2011-12-10,Champions,5246.61,10,0.3428979501462539,0,0.4,Standard monitoring,Normal low-cost engagement; no paid retention incentive,38851.33209999985,1799.051814216837,2586,347,Priority 2 - Targeted,Personalized retention offer for a high-value account,churn-logistic-1.0.0
13496,2011-12-10,Recent developing,617.93,2,0.8471282944014144,1,0.4,Priority 2 - Targeted,Targeted retention message for the next-ranked 10%,38851.33209999985,523.4659869594659,351,2057,Standard monitoring,Monitor customer value and churn risk; no paid intervention,churn-logistic-1.0.0
13499,2011-12-10,Recent developing,1146.96,5,0.498254549004648,1,0.4,Standard monitoring,Normal low-cost engagement; no paid retention incentive,38851.33209999985,571.478037526371,2108,1930,Standard monitoring,Monitor customer value and churn risk; no paid intervention,churn-logistic-1.0.0
13500,2011-12-10,Recent developing,1436.3,4,0.5249221222979189,1,0.4,Standard monitoring,Normal low-cost engagement; no paid retention incentive,38851.33209999985,753.9456442565009,1996,1484,Priority 3 - Nurture,Low-cost relationship nurture for value protection,churn-logistic-1.0.0
13502,2011-12-10,Recent developing,774.6,5,0.6727512635933723,1,0.4,Priority 3 - Nurture,Automated email nurture or product reminder,38851.33209999985,521.1131287794262,1350,2065,Standard monitoring,Monitor customer value and churn risk; no paid intervention,churn-logistic-1.0.0
13503,2011-12-10,At-risk established,1777.39,5,0.7465143225403388,1,0.4,Priority 3 - Nurture,Automated email nurture or product reminder,38851.33209999985,1326.8470917399727,1093,659,Priority 2 - Targeted,Personalized retention offer for a high-value account,churn-logistic-1.0.0
13504,2011-12-10,Lapsed low-value,295.93,1,0.824795317062569,1,0.4,Priority 2 - Targeted,Targeted retention message for the next-ranked 10%,38851.33209999985,244.08167817832606,528,2913,Standard monitoring,Monitor customer value and churn risk; no paid intervention,churn-logistic-1.0.0
13505,2011-12-10,At-risk established,3522.88,4,0.501802926863969,1,0.4,Standard monitoring,Normal low-cost engagement; no paid retention incentive,38851.33209999985,1767.7914949905391,2093,356,Priority 2 - Targeted,Personalized retention offer for a high-value account,churn-logistic-1.0.0
13507,2011-12-10,Recent developing,2479.16,4,0.4576843578463992,1,0.4,Standard monitoring,Normal low-cost engagement; no paid retention incentive,38851.33209999985,1134.672752598479,2226,863,Priority 3 - Nurture,Low-cost relationship nurture for value protection,churn-logistic-1.0.0
13509,2011-12-10,Recent developing,1099.72,7,0.4163568334071999,1,0.4,Standard monitoring,Normal low-cost engagement; no paid retention incentive,38851.33209999985,457.8759368345659,2364,2253,Standard monitoring,Monitor customer value and churn risk; no paid intervention,churn-logistic-1.0.0
13510,2011-12-10,Champions,4497.59,11,0.2234929289713959,0,0.4,Standard monitoring,Normal low-cost engagement; no paid retention incentive,38851.33209999985,1005.1795624124604,2891,1028,Priority 3 - Nurture,Low-cost relationship nurture for value protection,churn-logistic-1.0.0
13513,2011-12-10,At-risk established,814.69,3,0.8552343882185595,1,0.4,Priority 1 - Immediate,Personalized outreach for the highest-ranked 10%; use segment and value,38851.33209999985,696.7509037377782,312,1628,Priority 3 - Nurture,Low-cost relationship nurture for value protection,churn-logistic-1.0.0
13514,2011-12-10,At-risk established,815.9000000000001,4,0.7833143068196586,1,0.4,Priority 3 - Nurture,Automated email nurture or product reminder,38851.33209999985,639.1061429341596,928,1768,Standard monitoring,Monitor customer value and churn risk; no paid intervention,churn-logistic-1.0.0
13515,2011-12-10,At-risk established,1265.82,6,0.5464991008026495,1,0.4,Standard monitoring,Normal low-cost engagement; no paid retention incentive,38851.33209999985,691.7694917780098,1931,1639,Priority 3 - Nurture,Low-cost relationship nurture for value protection,churn-logistic-1.0.0
13516,2011-12-10,Recent developing,1685.26,4,0.6452135187422482,1,0.4,Priority 3 - Nurture,Automated email nurture or product reminder,38851.33209999985,1087.352534595561,1473,925,Priority 3 - Nurture,Low-cost relationship nurture for value protection,churn-logistic-1.0.0
13517,2011-12-10,At-risk established,2109.07,3,0.527589484773381,1,0.4,Standard monitoring,Normal low-cost engagement; no paid retention incentive,38851.33209999985,1112.7231546509947,1986,892,Priority 3 - Nurture,Low-cost relationship nurture for value protection,churn-logistic-1.0.0
13518,2011-12-10,Lapsed low-value,659.4399999999999,1,0.8215889275555975,1,0.4,Priority 2 - Targeted,Targeted retention message for the next-ranked 10%,38851.33209999985,541.7886023872632,555,2005,Standard monitoring,Monitor customer value and churn risk; no paid intervention,churn-logistic-1.0.0
13519,2011-12-10,Recent developing,331.26,2,0.8873920322142711,1,0.4,Priority 1 - Immediate,Personalized outreach for the highest-ranked 10%; use segment and value,38851.33209999985,293.9574845912994,115,2749,Standard monitoring,Monitor customer value and churn risk; no paid intervention,churn-logistic-1.0.0
13520,2011-12-10,Champions,5560.65,11,0.3615658034092894,0,0.4,Standard monitoring,Normal low-cost engagement; no paid retention incentive,38851.33209999985,2010.540884727865,2538,264,Priority 1 - Immediate,Account-manager outreach; prioritize the highest exposed customer value,churn-logistic-1.0.0
13521,2011-12-10,Recent developing,1092.39,3,0.335453705208985,0,0.4,Standard monitoring,Normal low-cost engagement; no paid retention incentive,38851.33209999985,366.44627303324313,2602,2521,Standard monitoring,Monitor customer value and churn risk; no paid intervention,churn-logistic-1.0.0
13522,2011-12-10,Recent developing,125.8,1,0.8086638490695917,1,0.4,Priority 2 - Targeted,Targeted retention message for the next-ranked 10%,38851.33209999985,101.72991221295463,669,3297,Standard monitoring,Monitor customer value and churn risk; no paid intervention,churn-logistic-1.0.0
13523,2011-12-10,Champions,4894.62,6,0.4918682479698862,1,0.4,Standard monitoring,Normal low-cost engagement; no paid retention incentive,38851.33209999985,2407.5081638783645,2126,164,Priority 1 - Immediate,Account-manager outreach; prioritize the highest exposed customer value,churn-logistic-1.0.0
13524,2011-12-10,Recent developing,680.1800000000001,5,0.4723987098690876,1,0.4,Standard monitoring,Normal low-cost engagement; no paid retention incentive,38851.33209999985,321.31615447875606,2184,2654,Standard monitoring,Monitor customer value and churn risk; no paid intervention,churn-logistic-1.0.0
13525,2011-12-10,Recent developing,628.78,2,0.7926956314071826,1,0.4,Priority 3 - Nurture,Automated email nurture or product reminder,38851.33209999985,498.4311591162082,847,2142,Standard monitoring,Monitor customer value and churn risk; no paid intervention,churn-logistic-1.0.0
13527,2011-12-10,Champions,4659.99,12,0.2240094538014572,0,0.4,Standard monitoring,Normal low-cost engagement; no paid retention incentive,38851.33209999985,1043.8818146202525,2890,980,Priority 3 - Nurture,Low-cost relationship nurture for value protection,churn-logistic-1.0.0
13529,2011-12-10,Lapsed low-value,307.76,2,0.7735494423905879,1,0.4,Priority 3 - Nurture,Automated email nurture or product reminder,38851.33209999985,238.06757639012733,975,2933,Standard monitoring,Monitor customer value and churn risk; no paid intervention,churn-logistic-1.0.0
13532,2011-12-10,Recent developing,210.31,1,0.7903070623031319,1,0.4,Priority 3 - Nurture,Automated email nurture or product reminder,38851.33209999985,166.20947827297167,867,3116,Standard monitoring,Monitor customer value and churn risk; no paid intervention,churn-logistic-1.0.0
13534,2011-12-10,Champions,7371.78,35,0.054235027434223,0,0.4,Standard monitoring,Normal low-cost engagement; no paid retention incentive,38851.33209999985,399.80869053905644,3259,2429,Standard monitoring,Monitor customer value and churn risk; no paid intervention,churn-logistic-1.0.0
13536,2011-12-10,Champions,3448.29,7,0.1712304020828707,0,0.4,Standard monitoring,Normal low-cost engagement; no paid retention incentive,38851.33209999985,590.4520831983422,3016,1885,Standard monitoring,Monitor customer value and churn risk; no paid intervention,churn-logistic-1.0.0
13538,2011-12-10,Champions,3112.73,12,0.3144394268138037,0,0.4,Standard monitoring,Normal low-cost engagement; no paid retention incentive,38851.33209999985,978.7650370261313,2658,1066,Priority 3 - Nurture,Low-cost relationship nurture for value protection,churn-logistic-1.0.0
13539,2011-12-10,At-risk established,1556.76,7,0.6365431102543793,1,0.4,Priority 3 - Nurture,Automated email nurture or product reminder,38851.33209999985,990.9448523196074,1520,1047,Priority 3 - Nurture,Low-cost relationship nurture for value protection,churn-logistic-1.0.0
13544,2011-12-10,Recent developing,820.5,6,0.5817164136663994,1,0.4,Standard monitoring,Normal low-cost engagement; no paid retention incentive,38851.33209999985,477.2983174132807,1776,2195,Standard monitoring,Monitor customer value and churn risk; no paid intervention,churn-logistic-1.0.0
13546,2011-12-10,Recent developing,1092.14,5,0.5371234235821418,1,0.4,Standard monitoring,Normal low-cost engagement; no paid retention incentive,38851.33209999985,586.6139758310004,1955,1901,Standard monitoring,Monitor customer value and churn risk; no paid intervention,churn-logistic-1.0.0
13548,2011-12-10,At-risk established,908.99,3,0.7592862801022334,1,0.4,Priority 3 - Nurture,Automated email nurture or product reminder,38851.33209999985,690.1836357501292,1050,1643,Priority 3 - Nurture,Low-cost relationship nurture for value protection,churn-logistic-1.0.0
13549,2011-12-10,Recent developing,1005.8,8,0.3938897491558298,0,0.4,Standard monitoring,Normal low-cost engagement; no paid retention incentive,38851.33209999985,396.1743097009336,2437,2442,Standard monitoring,Monitor customer value and churn risk; no paid intervention,churn-logistic-1.0.0
13552,2011-12-10,Champions,6637.2300000000005,22,0.2284538558094992,0,0.4,Standard monitoring,Normal low-cost engagement; no paid retention incentive,38851.33209999985,1516.3007853944825,2874,509,Priority 2 - Targeted,Personalized retention offer for a high-value account,churn-logistic-1.0.0
13555,2011-12-10,Champions,8900.94,13,0.4385609488172257,1,0.4,Standard monitoring,Normal low-cost engagement; no paid retention incentive,38851.33209999985,3903.604691765197,2288,45,Priority 1 - Immediate,Account-manager outreach; prioritize the highest exposed customer value,churn-logistic-1.0.0
13557,2011-12-10,Champions,2994.93,13,0.426774332250167,1,0.4,Standard monitoring,Normal low-cost engagement; no paid retention incentive,38851.33209999985,1278.1592508859926,2323,706,Priority 3 - Nurture,Low-cost relationship nurture for value protection,churn-logistic-1.0.0
13558,2011-12-10,Recent developing,605.06,4,0.3995096566816506,0,0.4,Standard monitoring,Normal low-cost engagement; no paid retention incentive,38851.33209999985,241.7273128717995,2418,2923,Standard monitoring,Monitor customer value and churn risk; no paid intervention,churn-logistic-1.0.0
13560,2011-12-10,Recent developing,174.37,1,0.7877450961521609,1,0.4,Priority 3 - Nurture,Automated email nurture or product reminder,38851.33209999985,137.3591124160523,892,3197,Standard monitoring,Monitor customer value and churn risk; no paid intervention,churn-logistic-1.0.0
13562,2011-12-10,At-risk established,4838.18,8,0.523272780117624,1,0.4,Standard monitoring,Normal low-cost engagement; no paid retention incentive,38851.33209999985,2531.6878993094865,2005,144,Priority 1 - Immediate,Account-manager outreach; prioritize the highest exposed customer value,churn-logistic-1.0.0
13563,2011-12-10,Recent developing,777.53,2,0.6560825545325892,1,0.4,Priority 3 - Nurture,Automated email nurture or product reminder,38851.33209999985,510.12386862572407,1418,2096,Standard monitoring,Monitor customer value and churn risk; no paid intervention,churn-logistic-1.0.0
13565,2011-12-10,Recent developing,414.8,3,0.8262010202238512,1,0.4,Priority 2 - Targeted,Targeted retention message for the next-ranked 10%,38851.33209999985,342.7081831888535,520,2598,Standard monitoring,Monitor customer value and churn risk; no paid intervention,churn-logistic-1.0.0
13566,2011-12-10,At-risk established,1704.27,5,0.5092085886911685,1,0.4,Standard monitoring,Normal low-cost engagement; no paid retention incentive,38851.33209999985,867.8289214486977,2054,1257,Priority 3 - Nurture,Low-cost relationship nurture for value protection,churn-logistic-1.0.0
13568,2011-12-10,Lapsed low-value,192.85,1,0.8732823909042087,1,0.4,Priority 1 - Immediate,Personalized outreach for the highest-ranked 10%; use segment and value,38851.33209999985,168.41250908587665,175,3103,Standard monitoring,Monitor customer value and churn risk; no paid intervention,churn-logistic-1.0.0
13569,2011-12-10,Recent developing,892.28,4,0.7025516735560069,1,0.4,Priority 3 - Nurture,Automated email nurture or product reminder,38851.33209999985,626.8728072805538,1251,1794,Standard monitoring,Monitor customer value and churn risk; no paid intervention,churn-logistic-1.0.0
13571,2011-12-10,Champions,4546.54,26,0.0322882029142935,0,0.4,Standard monitoring,Normal low-cost engagement; no paid retention incentive,38851.33209999985,146.79960607795195,3308,3167,Standard monitoring,Monitor customer value and churn risk; no paid intervention,churn-logistic-1.0.0
13573,2011-12-10,At-risk established,915.02,6,0.6680080841724207,1,0.4,Priority 3 - Nurture,Automated email nurture or product reminder,38851.33209999985,611.2407571794485,1372,1829,Standard monitoring,Monitor customer value and churn risk; no paid intervention,churn-logistic-1.0.0
13575,2011-12-10,Recent developing,732.0699999999999,5,0.3608795890512672,0,0.4,Standard monitoring,Normal low-cost engagement; no paid retention incentive,38851.33209999985,264.18912075676116,2539,2856,Standard monitoring,Monitor customer value and churn risk; no paid intervention,churn-logistic-1.0.0
13576,2011-12-10,Champions,11516.57,28,0.0236068163518094,0,0.4,Standard monitoring,Normal low-cost engagement; no paid retention incentive,38851.33209999985,271.8695529927576,3335,2830,Standard monitoring,Monitor customer value and churn risk; no paid intervention,churn-logistic-1.0.0
13577,2011-12-10,Champions,3361.42,10,0.3275782017871447,0,0.4,Standard monitoring,Normal low-cost engagement; no paid retention incentive,38851.33209999985,1101.127919051344,2620,909,Priority 3 - Nurture,Low-cost relationship nurture for value protection,churn-logistic-1.0.0
13579,2011-12-10,Recent developing,1535.84,5,0.6990011570937217,1,0.4,Priority 3 - Nurture,Automated email nurture or product reminder,38851.33209999985,1073.5539371108214,1265,937,Priority 3 - Nurture,Low-cost relationship nurture for value protection,churn-logistic-1.0.0
13583,2011-12-10,At-risk established,1445.031,2,0.93928786291522,1,0.4,Priority 1 - Immediate,Personalized outreach for the highest-ranked 10%; use segment and value,38851.33209999985,1357.3000798362432,21,633,Priority 2 - Targeted,Personalized retention offer for a high-value account,churn-logistic-1.0.0
13587,2011-12-10,At-risk established,1315.7,4,0.8649251391550858,1,0.4,Priority 1 - Immediate,Personalized outreach for the highest-ranked 10%; use segment and value,38851.33209999985,1137.9820055863465,236,861,Priority 3 - Nurture,Low-cost relationship nurture for value protection,churn-logistic-1.0.0
13588,2011-12-10,Champions,2449.92,9,0.1170569684632145,0,0.4,Standard monitoring,Normal low-cost engagement; no paid retention incentive,38851.33209999985,286.7802081773985,3132,2773,Standard monitoring,Monitor customer value and churn risk; no paid intervention,churn-logistic-1.0.0
13589,2011-12-10,Recent developing,1120.74,6,0.5610827344936693,1,0.4,Standard monitoring,Normal low-cost engagement; no paid retention incentive,38851.33209999985,628.827863856435,1865,1792,Standard monitoring,Monitor customer value and churn risk; no paid intervention,churn-logistic-1.0.0
13590,2011-12-10,Champions,6304.24,18,0.1497606405327366,0,0.4,Standard monitoring,Normal low-cost engagement; no paid retention incentive,38851.33209999985,944.1270204720994,3079,1128,Priority 3 - Nurture,Low-cost relationship nurture for value protection,churn-logistic-1.0.0
13591,2011-12-10,At-risk established,2081.19,7,0.6028534894347654,1,0.4,Priority 3 - Nurture,Automated email nurture or product reminder,38851.33209999985,1254.6526536767394,1686,736,Priority 3 - Nurture,Low-cost relationship nurture for value protection,churn-logistic-1.0.0
13592,2011-12-10,Recent developing,247.96,4,0.7110774907540445,1,0.4,Priority 3 - Nurture,Automated email nurture or product reminder,38851.33209999985,176.31877460737286,1224,3084,Standard monitoring,Monitor customer value and churn risk; no paid intervention,churn-logistic-1.0.0
13593,2011-12-10,Champions,5475.21,14,0.4270673043067793,1,0.4,Standard monitoring,Normal low-cost engagement; no paid retention incentive,38851.33209999985,2338.283175213521,2322,182,Priority 1 - Immediate,Account-manager outreach; prioritize the highest exposed customer value,churn-logistic-1.0.0
13594,2011-12-10,Recent developing,533.32,2,0.8947779571840868,1,0.4,Priority 1 - Immediate,Personalized outreach for the highest-ranked 10%; use segment and value,38851.33209999985,477.20298012541724,104,2196,Standard monitoring,Monitor customer value and churn risk; no paid intervention,churn-logistic-1.0.0
13596,2011-12-10,Recent developing,697.04,2,0.4945875781237892,1,0.4,Standard monitoring,Normal low-cost engagement; no paid retention incentive,38851.33209999985,344.747325455406,2117,2590,Standard monitoring,Monitor customer value and churn risk; no paid intervention,churn-logistic-1.0.0
13598,2011-12-10,Recent developing,776.84,5,0.7584279441449753,1,0.4,Priority 3 - Nurture,Automated email nurture or product reminder,38851.33209999985,589.1771641295826,1057,1891,Standard monitoring,Monitor customer value and churn risk; no paid intervention,churn-logistic-1.0.0
13599,2011-12-10,Champions,9780.74,33,0.0138655829939114,0,0.4,Standard monitoring,Normal low-cost engagement; no paid retention incentive,38851.33209999985,135.615662211869,3370,3200,Standard monitoring,Monitor customer value and churn risk; no paid intervention,churn-logistic-1.0.0
13601,2011-12-10,Recent developing,1185.14,4,0.6097242506168692,1,0.4,Priority 3 - Nurture,Automated email nurture or product reminder,38851.33209999985,722.6085983760764,1650,1563,Priority 3 - Nurture,Low-cost relationship nurture for value protection,churn-logistic-1.0.0
13602,2011-12-10,At-risk established,1025.17,4,0.7708091950183712,1,0.4,Priority 3 - Nurture,Automated email nurture or product reminder,38851.33209999985,790.2104624569837,994,1394,Priority 3 - Nurture,Low-cost relationship nurture for value protection,churn-logistic-1.0.0
13603,2011-12-10,Recent developing,164.34,1,0.7994080739056691,1,0.4,Priority 3 - Nurture,Automated email nurture or product reminder,38851.33209999985,131.37472286565767,778,3220,Standard monitoring,Monitor customer value and churn risk; no paid intervention,churn-logistic-1.0.0
13606,2011-12-10,Recent developing,280.54,3,0.7729122773373579,1,0.4,Priority 3 - Nurture,Automated email nurture or product reminder,38851.33209999985,216.8328102842224,981,2986,Standard monitoring,Monitor customer value and churn risk; no paid intervention,churn-logistic-1.0.0
13607,2011-12-10,Recent developing,1060.61,2,0.8385977519390893,1,0.4,Priority 2 - Targeted,Targeted retention message for the next-ranked 10%,38851.33209999985,889.4251616841174,410,1225,Priority 3 - Nurture,Low-cost relationship nurture for value protection,churn-logistic-1.0.0
13610,2011-12-10,Champions,2142.88,14,0.1509361575283776,0,0.4,Standard monitoring,Normal low-cost engagement; no paid retention incentive,38851.33209999985,323.43807324440985,3072,2648,Standard monitoring,Monitor customer value and churn risk; no paid intervention,churn-logistic-1.0.0
13611,2011-12-10,At-risk established,3281.03,10,0.4304422102578927,1,0.4,Standard monitoring,Normal low-cost engagement; no paid retention incentive,38851.33209999985,1412.2938051224537,2311,580,Priority 2 - Targeted,Personalized retention offer for a high-value account,churn-logistic-1.0.0
13614,2011-12-10,Champions,2359.19,6,0.3334448346517562,0,0.4,Standard monitoring,Normal low-cost engagement; no paid retention incentive,38851.33209999985,786.6597194620766,2608,1398,Priority 3 - Nurture,Low-cost relationship nurture for value protection,churn-logistic-1.0.0
13617,2011-12-10,At-risk established,1263.8,8,0.5091828552839153,1,0.4,Standard monitoring,Normal low-cost engagement; no paid retention incentive,38851.33209999985,643.5052925078121,2055,1754,Standard monitoring,Monitor customer value and churn risk; no paid intervention,churn-logistic-1.0.0
13618,2011-12-10,Lapsed low-value,177.34,1,0.8794694025418746,1,0.4,Priority 1 - Immediate,Personalized outreach for the highest-ranked 10%; use segment and value,38851.33209999985,155.96510384677603,140,3144,Standard monitoring,Monitor customer value and churn risk; no paid intervention,churn-logistic-1.0.0
13621,2011-12-10,Lapsed low-value,213.85,1,0.8578281196446144,1,0.4,Priority 1 - Immediate,Personalized outreach for the highest-ranked 10%; use segment and value,38851.33209999985,183.44654338600077,294,3065,Standard monitoring,Monitor customer value and churn risk; no paid intervention,churn-logistic-1.0.0
13623,2011-12-10,Champions,2515.81,10,0.3875770247801454,0,0.4,Standard monitoring,Normal low-cost engagement; no paid retention incentive,38851.33209999985,975.0701547121375,2460,1070,Priority 3 - Nurture,Low-cost relationship nurture for value protection,churn-logistic-1.0.0
13627,2011-12-10,At-risk established,2217.55,7,0.4232530556128693,1,0.4,Standard monitoring,Normal low-cost engagement; no paid retention incentive,38851.33209999985,938.5848134743184,2332,1137,Priority 3 - Nurture,Low-cost relationship nurture for value protection,churn-logistic-1.0.0
13629,2011-12-10,Champions,13370.86,19,0.0990601023256541,0,0.4,Standard monitoring,Normal low-cost engagement; no paid retention incentive,38851.33209999985,1324.5187597819954,3173,660,Priority 2 - Targeted,Personalized retention offer for a high-value account,churn-logistic-1.0.0
13630,2011-12-10,Champions,1995.68,7,0.3601125983490177,0,0.4,Standard monitoring,Normal low-cost engagement; no paid retention incentive,38851.33209999985,718.6695102731677,2544,1573,Priority 3 - Nurture,Low-cost relationship nurture for value protection,churn-logistic-1.0.0
13631,2011-12-10,At-risk established,3021.77,11,0.665489481585376,1,0.4,Priority 3 - Nurture,Automated email nurture or product reminder,38851.33209999985,2010.9561507702417,1380,263,Priority 1 - Immediate,Account-manager outreach; prioritize the highest exposed customer value,churn-logistic-1.0.0
13632,2011-12-10,Champions,3634.7,8,0.2959071776954763,0,0.4,Standard monitoring,Normal low-cost engagement; no paid retention incentive,38851.33209999985,1075.5338187697478,2714,933,Priority 3 - Nurture,Low-cost relationship nurture for value protection,churn-logistic-1.0.0
13634,2011-12-10,Champions,4473.86,15,0.2135322816586894,0,0.4,Standard monitoring,Normal low-cost engagement; no paid retention incentive,38851.33209999985,955.3135336215441,2913,1109,Priority 3 - Nurture,Low-cost relationship nurture for value protection,churn-logistic-1.0.0
13635,2011-12-10,At-risk established,2959.32,4,0.8396314045737544,1,0.4,Priority 2 - Targeted,Targeted retention message for the next-ranked 10%,38851.33209999985,2484.738008183203,403,155,Priority 1 - Immediate,Account-manager outreach; prioritize the highest exposed customer value,churn-logistic-1.0.0
13636,2011-12-10,Recent developing,941.62,5,0.5904788070408885,1,0.4,Standard monitoring,Normal low-cost engagement; no paid retention incentive,38851.33209999985,556.0066542858415,1734,1971,Standard monitoring,Monitor customer value and churn risk; no paid intervention,churn-logistic-1.0.0
13637,2011-12-10,Recent developing,809.25,3,0.7184756101817317,1,0.4,Priority 3 - Nurture,Automated email nurture or product reminder,38851.33209999985,581.4263875395663,1187,1910,Standard monitoring,Monitor customer value and churn risk; no paid intervention,churn-logistic-1.0.0
13638,2011-12-10,Recent developing,122.64,1,0.8005022927565291,1,0.4,Priority 3 - Nurture,Automated email nurture or product reminder,38851.33209999985,98.17360118366072,762,3310,Standard monitoring,Monitor customer value and churn risk; no paid intervention,churn-logistic-1.0.0
13639,2011-12-10,At-risk established,1346.27,2,0.8715653030613764,1,0.4,Priority 1 - Immediate,Personalized outreach for the highest-ranked 10%; use segment and value,38851.33209999985,1173.362220552439,188,811,Priority 3 - Nurture,Low-cost relationship nurture for value protection,churn-logistic-1.0.0
13643,2011-12-10,Champions,2122.07,10,0.3983344750663747,0,0.4,Standard monitoring,Normal low-cost engagement; no paid retention incentive,38851.33209999985,845.2936395041019,2423,1292,Priority 3 - Nurture,Low-cost relationship nurture for value protection,churn-logistic-1.0.0
13644,2011-12-10,Recent developing,2597.52,4,0.3115724411354854,0,0.4,Standard monitoring,Normal low-cost engagement; no paid retention incentive,38851.33209999985,809.315647298246,2669,1362,Priority 3 - Nurture,Low-cost relationship nurture for value protection,churn-logistic-1.0.0
13645,2011-12-10,Lapsed low-value,252.1,1,0.8609029333942518,1,0.4,Priority 1 - Immediate,Personalized outreach for the highest-ranked 10%; use segment and value,38851.33209999985,217.0336295086909,269,2985,Standard monitoring,Monitor customer value and churn risk; no paid intervention,churn-logistic-1.0.0
13647,2011-12-10,Champions,3063.78,8,0.3679790166814873,0,0.4,Standard monitoring,Normal low-cost engagement; no paid retention incentive,38851.33209999985,1127.4067517284072,2515,870,Priority 3 - Nurture,Low-cost relationship nurture for value protection,churn-logistic-1.0.0
13650,2011-12-10,Champions,3156.15,10,0.3470248822850559,0,0.4,Standard monitoring,Normal low-cost engagement; no paid retention incentive,38851.33209999985,1095.2625822239793,2578,914,Priority 3 - Nurture,Low-cost relationship nurture for value protection,churn-logistic-1.0.0
13651,2011-12-10,Recent developing,193.95,2,0.8632668693900751,1,0.4,Priority 1 - Immediate,Personalized outreach for the highest-ranked 10%; use segment and value,38851.33209999985,167.43060931820506,247,3111,Standard monitoring,Monitor customer value and churn risk; no paid intervention,churn-logistic-1.0.0
13652,2011-12-10,At-risk established,2570.85,5,0.6453414479007618,1,0.4,Priority 3 - Nurture,Automated email nurture or product reminder,38851.33209999985,1659.0760613356733,1472,399,Priority 2 - Targeted,Personalized retention offer for a high-value account,churn-logistic-1.0.0
13654,2011-12-10,Champions,6308.0,11,0.2948496042143058,0,0.4,Standard monitoring,Normal low-cost engagement; no paid retention incentive,38851.33209999985,1859.911303383841,2716,320,Priority 1 - Immediate,Account-manager outreach; prioritize the highest exposed customer value,churn-logistic-1.0.0
13655,2011-12-10,At-risk established,2261.66,6,0.7128350217308641,1,0.4,Priority 3 - Nurture,Automated email nurture or product reminder,38851.33209999985,1612.190455247826,1214,426,Priority 2 - Targeted,Personalized retention offer for a high-value account,churn-logistic-1.0.0
13656,2011-12-10,At-risk established,1061.85,4,0.7853186644216914,1,0.4,Priority 3 - Nurture,Automated email nurture or product reminder,38851.33209999985,833.8906238161729,908,1314,Priority 3 - Nurture,Low-cost relationship nurture for value protection,churn-logistic-1.0.0
13657,2011-12-10,Recent developing,382.14,2,0.7644602449854095,1,0.4,Priority 3 - Nurture,Automated email nurture or product reminder,38851.33209999985,292.1308380187244,1028,2757,Standard monitoring,Monitor customer value and churn risk; no paid intervention,churn-logistic-1.0.0
13658,2011-12-10,Champions,5772.07,9,0.4492001559396353,1,0.4,Standard monitoring,Normal low-cost engagement; no paid retention incentive,38851.33209999985,2592.814744094491,2251,137,Priority 1 - Immediate,Account-manager outreach; prioritize the highest exposed customer value,churn-logistic-1.0.0
13662,2011-12-10,At-risk established,2182.56,11,0.5962046429028458,1,0.4,Priority 3 - Nurture,Automated email nurture or product reminder,38851.33209999985,1301.2524054140351,1714,685,Priority 2 - Targeted,Personalized retention offer for a high-value account,churn-logistic-1.0.0
13663,2011-12-10,At-risk established,2013.61,5,0.7975982799184929,1,0.4,Priority 3 - Nurture,Automated email nurture or product reminder,38851.33209999985,1606.0518724266763,789,432,Priority 2 - Targeted,Personalized retention offer for a high-value account,churn-logistic-1.0.0
13666,2011-12-10,Exceptional high-value,127.05,5,0.7761559255550383,1,0.4,Priority 3 - Nurture,Automated email nurture or product reminder,38851.33209999985,98.61061034176761,958,3307,Standard monitoring,Monitor customer value and churn risk; no paid intervention,churn-logistic-1.0.0
13667,2011-12-10,Lapsed low-value,305.02,1,0.8540040734219363,1,0.4,Priority 1 - Immediate,Personalized outreach for the highest-ranked 10%; use segment and value,38851.33209999985,260.488322475159,320,2867,Standard monitoring,Monitor customer value and churn risk; no paid intervention,churn-logistic-1.0.0
13668,2011-12-10,Champions,12754.28,35,0.0099897053953273,0,0.4,Standard monitoring,Normal low-cost engagement; no paid retention incentive,38851.33209999985,127.41149972951509,3391,3228,Standard monitoring,Monitor customer value and churn risk; no paid intervention,churn-logistic-1.0.0
13669,2011-12-10,Recent developing,413.55,3,0.7515177023074783,1,0.4,Priority 3 - Nurture,Automated email nurture or product reminder,38851.33209999985,310.7901457892576,1079,2688,Standard monitoring,Monitor customer value and churn risk; no paid intervention,churn-logistic-1.0.0
13670,2011-12-10,Lapsed low-value,349.7,1,0.827862016543478,1,0.4,Priority 2 - Targeted,Targeted retention message for the next-ranked 10%,38851.33209999985,289.50334718525426,503,2765,Standard monitoring,Monitor customer value and churn risk; no paid intervention,churn-logistic-1.0.0
13673,2011-12-10,Recent developing,396.92,2,0.5570358065276052,1,0.4,Standard monitoring,Normal low-cost engagement; no paid retention incentive,38851.33209999985,221.09865232693707,1887,2976,Standard monitoring,Monitor customer value and churn risk; no paid intervention,churn-logistic-1.0.0
13675,2011-12-10,Lapsed low-value,486.8200000000001,2,0.8188808386372479,1,0.4,Priority 2 - Targeted,Targeted retention message for the next-ranked 10%,38851.33209999985,398.6475698653851,570,2434,Standard monitoring,Monitor customer value and churn risk; no paid intervention,churn-logistic-1.0.0
13678,2011-12-10,Lapsed low-value,232.6,1,0.8724790818756403,1,0.4,Priority 1 - Immediate,Personalized outreach for the highest-ranked 10%; use segment and value,38851.33209999985,202.93863444427393,181,3022,Standard monitoring,Monitor customer value and churn risk; no paid intervention,churn-logistic-1.0.0
13680,2011-12-10,Champions,9911.36,12,0.2135847014690932,0,0.4,Standard monitoring,Normal low-cost engagement; no paid retention incentive,38851.33209999985,2116.9148667527115,2912,235,Priority 1 - Immediate,Account-manager outreach; prioritize the highest exposed customer value,churn-logistic-1.0.0
13681,2011-12-10,Recent developing,827.83,4,0.4213982083289448,1,0.4,Standard monitoring,Normal low-cost engagement; no paid retention incentive,38851.33209999985,348.8460788009504,2338,2577,Standard monitoring,Monitor customer value and churn risk; no paid intervention,churn-logistic-1.0.0
13685,2011-12-10,Champions,3119.44,7,0.3006370772322242,0,0.4,Standard monitoring,Normal low-cost engagement; no paid retention incentive,38851.33209999985,937.8193242012895,2703,1140,Priority 3 - Nurture,Low-cost relationship nurture for value protection,churn-logistic-1.0.0
13689,2011-12-10,Recent developing,1259.5,2,0.8837996859031918,1,0.4,Priority 1 - Immediate,Personalized outreach for the highest-ranked 10%; use segment and value,38851.33209999985,1113.14570439507,125,890,Priority 3 - Nurture,Low-cost relationship nurture for value protection,churn-logistic-1.0.0
13690,2011-12-10,Lapsed low-value,172.25,1,0.8196970604797403,1,0.4,Priority 2 - Targeted,Targeted retention message for the next-ranked 10%,38851.33209999985,141.19281866763527,566,3187,Standard monitoring,Monitor customer value and churn risk; no paid intervention,churn-logistic-1.0.0
13692,2011-12-10,Champions,3022.9500000000003,5,0.656026189107285,1,0.4,Priority 3 - Nurture,Automated email nurture or product reminder,38851.33209999985,1983.1343683618675,1419,273,Priority 1 - Immediate,Account-manager outreach; prioritize the highest exposed customer value,churn-logistic-1.0.0
13694,2011-12-10,Exceptional high-value,191441.72,142,6.05551492602807e-05,0,0.4,Standard monitoring,Normal low-cost engagement; no paid retention incentive,38851.33209999985,2.3526482142762255,3448,3446,Standard monitoring,Monitor customer value and churn risk; no paid intervention,churn-logistic-1.0.0
13695,2011-12-10,Champions,2770.73,16,0.1791715701293433,0,0.4,Standard monitoring,Normal low-cost engagement; no paid retention incentive,38851.33209999985,496.4360445044753,2999,2147,Standard monitoring,Monitor customer value and churn risk; no paid intervention,churn-logistic-1.0.0
13697,2011-12-10,Recent developing,151.29999999999998,1,0.8103217292443129,1,0.4,Priority 2 - Targeted,Targeted retention message for the next-ranked 10%,38851.33209999985,122.60167763466453,643,3239,Standard monitoring,Monitor customer value and churn risk; no paid intervention,churn-logistic-1.0.0
13699,2011-12-10,At-risk established,711.4,2,0.9192781674019874,1,0.4,Priority 1 - Immediate,Personalized outreach for the highest-ranked 10%; use segment and value,38851.33209999985,653.9744882897738,56,1731,Priority 3 - Nurture,Low-cost relationship nurture for value protection,churn-logistic-1.0.0
13700,2011-12-10,Champions,2613.46,13,0.2640555305416277,0,0.4,Standard monitoring,Normal low-cost engagement; no paid retention incentive,38851.33209999985,690.0985668493224,2786,1645,Priority 3 - Nurture,Low-cost relationship nurture for value protection,churn-logistic-1.0.0
13704,2011-12-10,Champions,2295.31,9,0.1321710622592326,0,0.4,Standard monitoring,Normal low-cost engagement; no paid retention incentive,38851.33209999985,303.3735609142392,3115,2716,Standard monitoring,Monitor customer value and churn risk; no paid intervention,churn-logistic-1.0.0
13705,2011-12-10,Champions,2035.33,7,0.4753076435677429,1,0.4,Standard monitoring,Normal low-cost engagement; no paid retention incentive,38851.33209999985,967.4079061827341,2175,1086,Priority 3 - Nurture,Low-cost relationship nurture for value protection,churn-logistic-1.0.0
13709,2011-12-10,Champions,7512.81,18,0.0527752497699296,0,0.4,Standard monitoring,Normal low-cost engagement; no paid retention incentive,38851.33209999985,396.4904242240248,3268,2440,Standard monitoring,Monitor customer value and churn risk; no paid intervention,churn-logistic-1.0.0
13710,2011-12-10,Recent developing,509.52,3,0.8530470032324876,1,0.4,Priority 1 - Immediate,Personalized outreach for the highest-ranked 10%; use segment and value,38851.33209999985,434.64450908701707,324,2331,Standard monitoring,Monitor customer value and churn risk; no paid intervention,churn-logistic-1.0.0
13717,2011-12-10,Champions,1748.05,8,0.3357524407021481,0,0.4,Standard monitoring,Normal low-cost engagement; no paid retention incentive,38851.33209999985,586.91205396939,2600,1900,Standard monitoring,Monitor customer value and churn risk; no paid intervention,churn-logistic-1.0.0
13719,2011-12-10,Champions,2814.27,11,0.2610373810105125,0,0.4,Standard monitoring,Normal low-cost engagement; no paid retention incentive,38851.33209999985,734.629670256455,2797,1530,Priority 3 - Nurture,Low-cost relationship nurture for value protection,churn-logistic-1.0.0
13720,2011-12-10,At-risk established,799.9,4,0.720143283762797,1,0.4,Priority 3 - Nurture,Automated email nurture or product reminder,38851.33209999985,576.0426126818613,1177,1922,Standard monitoring,Monitor customer value and churn risk; no paid intervention,churn-logistic-1.0.0
13721,2011-12-10,Recent developing,741.54,2,0.855671490800858,1,0.4,Priority 1 - Immediate,Personalized outreach for the highest-ranked 10%; use segment and value,38851.33209999985,634.5146372884682,305,1773,Standard monitoring,Monitor customer value and churn risk; no paid intervention,churn-logistic-1.0.0
13722,2011-12-10,At-risk established,5629.16,10,0.7077769437922652,1,0.4,Priority 3 - Nurture,Automated email nurture or product reminder,38851.33209999985,3984.1896609176674,1230,43,Priority 1 - Immediate,Account-manager outreach; prioritize the highest exposed customer value,churn-logistic-1.0.0
13725,2011-12-10,At-risk established,1882.36,8,0.4868635048044916,1,0.4,Standard monitoring,Normal low-cost engagement; no paid retention incentive,38851.33209999985,916.4523869037828,2140,1183,Priority 3 - Nurture,Low-cost relationship nurture for value protection,churn-logistic-1.0.0
13726,2011-12-10,Recent developing,1079.66,2,0.6087538327466577,1,0.4,Priority 3 - Nurture,Automated email nurture or product reminder,38851.33209999985,657.2471630632565,1657,1720,Priority 3 - Nurture,Low-cost relationship nurture for value protection,churn-logistic-1.0.0
13727,2011-12-10,Recent developing,1067.3,8,0.58660053795022,1,0.4,Standard monitoring,Normal low-cost engagement; no paid retention incentive,38851.33209999985,626.0787541542699,1752,1795,Standard monitoring,Monitor customer value and churn risk; no paid intervention,churn-logistic-1.0.0
13728,2011-12-10,Champions,2855.17,16,0.2717636236735261,0,0.4,Standard monitoring,Normal low-cost engagement; no paid retention incentive,38851.33209999985,775.9313454039415,2770,1430,Priority 3 - Nurture,Low-cost relationship nurture for value protection,churn-logistic-1.0.0
13730,2011-12-10,At-risk established,752.6,2,0.7157059548731645,1,0.4,Priority 3 - Nurture,Automated email nurture or product reminder,38851.33209999985,538.6403016375436,1200,2023,Standard monitoring,Monitor customer value and churn risk; no paid intervention,churn-logistic-1.0.0
13732,2011-12-10,Recent developing,491.86,1,0.7889594186422833,1,0.4,Priority 3 - Nurture,Automated email nurture or product reminder,38851.33209999985,388.0575796533935,884,2460,Standard monitoring,Monitor customer value and churn risk; no paid intervention,churn-logistic-1.0.0
13735,2011-12-10,Champions,9470.13,13,0.1364328842491214,0,0.4,Standard monitoring,Normal low-cost engagement; no paid retention incentive,38851.33209999985,1292.037150114132,3101,694,Priority 3 - Nurture,Low-cost relationship nurture for value protection,churn-logistic-1.0.0
13736,2011-12-10,Champions,2721.71,7,0.5083668169587436,1,0.4,Standard monitoring,Normal low-cost engagement; no paid retention incentive,38851.33209999985,1383.6270493847821,2060,609,Priority 2 - Targeted,Personalized retention offer for a high-value account,churn-logistic-1.0.0
13739,2011-12-10,Recent developing,292.2,2,0.9148686055333856,1,0.4,Priority 1 - Immediate,Personalized outreach for the highest-ranked 10%; use segment and value,38851.33209999985,267.32460653685524,65,2850,Standard monitoring,Monitor customer value and churn risk; no paid intervention,churn-logistic-1.0.0
13741,2011-12-10,Recent developing,666.33,3,0.7417681640348398,1,0.4,Priority 3 - Nurture,Automated email nurture or product reminder,38851.33209999985,494.2623807413348,1106,2153,Standard monitoring,Monitor customer value and churn risk; no paid intervention,churn-logistic-1.0.0
13742,2011-12-10,Champions,3102.42,12,0.2783605561519605,0,0.4,Standard monitoring,Normal low-cost engagement; no paid retention incentive,38851.33209999985,863.5913566169653,2757,1265,Priority 3 - Nurture,Low-cost relationship nurture for value protection,churn-logistic-1.0.0
13743,2011-12-10,Champions,1340.35,7,0.387215833057139,0,0.4,Standard monitoring,Normal low-cost engagement; no paid retention incentive,38851.33209999985,519.0047418381363,2462,2072,Standard monitoring,Monitor customer value and churn risk; no paid intervention,churn-logistic-1.0.0
13744,2011-12-10,At-risk established,1156.36,2,0.8115392755133011,1,0.4,Priority 2 - Targeted,Targeted retention message for the next-ranked 10%,38851.33209999985,938.4315566325607,631,1138,Priority 3 - Nurture,Low-cost relationship nurture for value protection,churn-logistic-1.0.0
13745,2011-12-10,At-risk established,761.27,2,0.9154976362298184,1,0.4,Priority 1 - Immediate,Personalized outreach for the highest-ranked 10%; use segment and value,38851.33209999985,696.9408855326739,62,1627,Priority 3 - Nurture,Low-cost relationship nurture for value protection,churn-logistic-1.0.0
13748,2011-12-10,At-risk established,2268.35,9,0.6277456021815122,1,0.4,Priority 3 - Nurture,Automated email nurture or product reminder,38851.33209999985,1423.9467367084333,1567,575,Priority 2 - Targeted,Personalized retention offer for a high-value account,churn-logistic-1.0.0
13750,2011-12-10,Champions,3561.08,11,0.3833952686489371,0,0.4,Standard monitoring,Normal low-cost engagement; no paid retention incentive,38851.33209999985,1365.301223280357,2480,628,Priority 2 - Targeted,Personalized retention offer for a high-value account,churn-logistic-1.0.0
13752,2011-12-10,At-risk established,1590.73,7,0.6596074014568605,1,0.4,Priority 3 - Nurture,Automated email nurture or product reminder,38851.33209999985,1049.2572817194716,1400,972,Priority 3 - Nurture,Low-cost relationship nurture for value protection,churn-logistic-1.0.0
13754,2011-12-10,Lapsed low-value,447.05,3,0.8142235205988707,1,0.4,Priority 2 - Targeted,Targeted retention message for the next-ranked 10%,38851.33209999985,363.99862488372514,611,2529,Standard monitoring,Monitor customer value and churn risk; no paid intervention,churn-logistic-1.0.0
13755,2011-12-10,Champions,2154.68,9,0.1302210011794619,0,0.4,Standard monitoring,Normal low-cost engagement; no paid retention incentive,38851.33209999985,280.5845868213629,3119,2799,Standard monitoring,Monitor customer value and churn risk; no paid intervention,churn-logistic-1.0.0
13756,2011-12-10,Champions,9143.2,23,0.0615472855830625,0,0.4,Standard monitoring,Normal low-cost engagement; no paid retention incentive,38851.33209999985,562.7391415430571,3243,1947,Standard monitoring,Monitor customer value and churn risk; no paid intervention,churn-logistic-1.0.0
13758,2011-12-10,Champions,9273.64,14,0.2288649345347251,0,0.4,Standard monitoring,Normal low-cost engagement; no paid retention incentive,38851.33209999985,2122.411011498608,2872,232,Priority 1 - Immediate,Account-manager outreach; prioritize the highest exposed customer value,churn-logistic-1.0.0
13759,2011-12-10,Recent developing,659.4100000000001,2,0.6095208968768673,1,0.4,Priority 3 - Nurture,Automated email nurture or product reminder,38851.33209999985,401.9241746095751,1654,2425,Standard monitoring,Monitor customer value and churn risk; no paid intervention,churn-logistic-1.0.0
13760,2011-12-10,At-risk established,1358.64,5,0.6528096414765583,1,0.4,Priority 3 - Nurture,Automated email nurture or product reminder,38851.33209999985,886.9332912957112,1432,1233,Priority 3 - Nurture,Low-cost relationship nurture for value protection,churn-logistic-1.0.0
13761,2011-12-10,At-risk established,1952.17,6,0.5660932334929407,1,0.4,Standard monitoring,Normal low-cost engagement; no paid retention incentive,38851.33209999985,1105.1102276279141,1845,904,Priority 3 - Nurture,Low-cost relationship nurture for value protection,churn-logistic-1.0.0
13763,2011-12-10,At-risk established,5183.4400000000005,3,0.8431661085227027,1,0.4,Priority 2 - Targeted,Targeted retention message for the next-ranked 10%,38851.33209999985,4370.500933560918,380,33,Priority 1 - Immediate,Account-manager outreach; prioritize the highest exposed customer value,churn-logistic-1.0.0
13764,2011-12-10,At-risk established,2942.31,6,0.5082094533879269,1,0.4,Standard monitoring,Normal low-cost engagement; no paid retention incentive,38851.33209999985,1495.3097567978311,2061,527,Priority 2 - Targeted,Personalized retention offer for a high-value account,churn-logistic-1.0.0
13767,2011-12-10,Champions,35131.28,73,0.0021188362937144,0,0.4,Standard monitoring,Normal low-cost engagement; no paid retention incentive,38851.33209999985,74.43743110864281,3423,3365,Standard monitoring,Monitor customer value and churn risk; no paid intervention,churn-logistic-1.0.0
13769,2011-12-10,Champions,5766.63,20,0.1532676758678066,0,0.4,Standard monitoring,Normal low-cost engagement; no paid retention incentive,38851.33209999985,883.8379776895696,3065,1241,Priority 3 - Nurture,Low-cost relationship nurture for value protection,churn-logistic-1.0.0
13771,2011-12-10,Champions,5726.07,9,0.5661726595117417,1,0.4,Standard monitoring,Normal low-cost engagement; no paid retention incentive,38851.33209999985,3241.9442804503983,1844,71,Priority 1 - Immediate,Account-manager outreach; prioritize the highest exposed customer value,churn-logistic-1.0.0
13772,2011-12-10,Champions,3094.72,8,0.3138974092754441,0,0.4,Standard monitoring,Normal low-cost engagement; no paid retention incentive,38851.33209999985,971.4245904329022,2660,1077,Priority 3 - Nurture,Low-cost relationship nurture for value protection,churn-logistic-1.0.0
13774,2011-12-10,Lapsed low-value,345.0,1,0.8310114715224185,1,0.4,Priority 2 - Targeted,Targeted retention message for the next-ranked 10%,38851.33209999985,286.6989576752344,469,2774,Standard monitoring,Monitor customer value and churn risk; no paid intervention,churn-logistic-1.0.0
13777,2011-12-10,Champions,56139.8,61,0.0036277732607789,0,0.4,Standard monitoring,Normal low-cost engagement; no paid retention incentive,38851.33209999985,140.9438237380204,3415,3189,Standard monitoring,Monitor customer value and churn risk; no paid intervention,churn-logistic-1.0.0
13778,2011-12-10,At-risk established,1124.49,4,0.8081759931244522,1,0.4,Priority 2 - Targeted,Targeted retention message for the next-ranked 10%,38851.33209999985,908.7858225085153,675,1199,Priority 3 - Nurture,Low-cost relationship nurture for value protection,churn-logistic-1.0.0
13780,2011-12-10,Recent developing,735.82,3,0.6639310441213769,1,0.4,Priority 3 - Nurture,Automated email nurture or product reminder,38851.33209999985,488.53374088539164,1386,2166,Standard monitoring,Monitor customer value and churn risk; no paid intervention,churn-logistic-1.0.0
13782,2011-12-10,Champions,1785.77,13,0.1662875788350888,0,0.4,Standard monitoring,Normal low-cost engagement; no paid retention incentive,38851.33209999985,296.9513696563365,3034,2736,Standard monitoring,Monitor customer value and churn risk; no paid intervention,churn-logistic-1.0.0
13784,2011-12-10,Champions,2898.97,14,0.2577014986093392,0,0.4,Standard monitoring,Normal low-cost engagement; no paid retention incentive,38851.33209999985,747.068913423516,2807,1497,Priority 3 - Nurture,Low-cost relationship nurture for value protection,churn-logistic-1.0.0
13787,2011-12-10,At-risk established,1174.06,6,0.6727005471263899,1,0.4,Priority 3 - Nurture,Automated email nurture or product reminder,38851.33209999985,789.7908043592093,1352,1395,Priority 3 - Nurture,Low-cost relationship nurture for value protection,churn-logistic-1.0.0
13790,2011-12-10,Recent developing,348.8,1,0.7784191774888761,1,0.4,Priority 3 - Nurture,Automated email nurture or product reminder,38851.33209999985,271.51260910812,950,2833,Standard monitoring,Monitor customer value and churn risk; no paid intervention,churn-logistic-1.0.0
13791,2011-12-10,At-risk established,1047.68,2,0.7335884437092168,1,0.4,Priority 3 - Nurture,Automated email nurture or product reminder,38851.33209999985,768.5659407052723,1137,1451,Priority 3 - Nurture,Low-cost relationship nurture for value protection,churn-logistic-1.0.0
13792,2011-12-10,Recent developing,383.95,3,0.7916988540701017,1,0.4,Priority 3 - Nurture,Automated email nurture or product reminder,38851.33209999985,303.9727750202155,856,2714,Standard monitoring,Monitor customer value and churn risk; no paid intervention,churn-logistic-1.0.0
13798,2011-12-10,Exceptional high-value,73645.86,109,1.4903892274107312e-05,0,0.4,Standard monitoring,Normal low-cost engagement; no paid retention incentive,38851.33209999985,0.5790360683239651,3451,3450,Standard monitoring,Monitor customer value and churn risk; no paid intervention,churn-logistic-1.0.0
13799,2011-12-10,At-risk established,2224.8,9,0.6143273400039323,1,0.4,Priority 3 - Nurture,Automated email nurture or product reminder,38851.33209999985,1366.7554660407486,1635,626,Priority 2 - Targeted,Personalized retention offer for a high-value account,churn-logistic-1.0.0
13801,2011-12-10,Lapsed low-value,324.8,1,0.824614013355994,1,0.4,Priority 2 - Targeted,Targeted retention message for the next-ranked 10%,38851.33209999985,267.8346315380269,529,2847,Standard monitoring,Monitor customer value and churn risk; no paid intervention,churn-logistic-1.0.0
13802,2011-12-10,Champions,25511.78,19,0.3900785032327034,0,0.4,Standard monitoring,Normal low-cost engagement; no paid retention incentive,38851.33209999985,9951.596957202017,2447,2,Priority 1 - Immediate,Account-manager outreach; prioritize the highest exposed customer value,churn-logistic-1.0.0
13804,2011-12-10,Champions,3208.52,9,0.3020850193532474,0,0.4,Standard monitoring,Normal low-cost engagement; no paid retention incentive,38851.33209999985,969.2458262952813,2699,1084,Priority 3 - Nurture,Low-cost relationship nurture for value protection,churn-logistic-1.0.0
13805,2011-12-10,Recent developing,924.6,2,0.6589344911526099,1,0.4,Priority 3 - Nurture,Automated email nurture or product reminder,38851.33209999985,609.2508305197032,1403,1839,Standard monitoring,Monitor customer value and churn risk; no paid intervention,churn-logistic-1.0.0
13806,2011-12-10,Lapsed low-value,256.38,1,0.8279903063351652,1,0.4,Priority 2 - Targeted,Targeted retention message for the next-ranked 10%,38851.33209999985,212.28015473820966,500,2998,Standard monitoring,Monitor customer value and churn risk; no paid intervention,churn-logistic-1.0.0
13808,2011-12-10,Recent developing,1747.66,5,0.320963154343655,0,0.4,Standard monitoring,Normal low-cost engagement; no paid retention incentive,38851.33209999985,560.9344663202322,2638,1956,Standard monitoring,Monitor customer value and churn risk; no paid intervention,churn-logistic-1.0.0
13810,2011-12-10,Recent developing,827.51,2,0.5708253069032819,1,0.4,Standard monitoring,Normal low-cost engagement; no paid retention incentive,38851.33209999985,472.36364971553485,1832,2206,Standard monitoring,Monitor customer value and churn risk; no paid intervention,churn-logistic-1.0.0
13812,2011-12-10,Recent developing,485.0,3,0.5345381169561936,1,0.4,Standard monitoring,Normal low-cost engagement; no paid retention incentive,38851.33209999985,259.2509867237539,1960,2869,Standard monitoring,Monitor customer value and churn risk; no paid intervention,churn-logistic-1.0.0
13813,2011-12-10,Champions,2308.42,8,0.3381170650469717,0,0.4,Standard monitoring,Normal low-cost engagement; no paid retention incentive,38851.33209999985,780.5161952957304,2597,1415,Priority 3 - Nurture,Low-cost relationship nurture for value protection,churn-logistic-1.0.0
13814,2011-12-10,At-risk established,2239.07,3,0.854102879337709,1,0.4,Priority 1 - Immediate,Personalized outreach for the highest-ranked 10%; use segment and value,38851.33209999985,1912.3961340386843,319,301,Priority 1 - Immediate,Account-manager outreach; prioritize the highest exposed customer value,churn-logistic-1.0.0
13815,2011-12-10,Champions,6547.79,8,0.2618339498195842,0,0.4,Standard monitoring,Normal low-cost engagement; no paid retention incentive,38851.33209999985,1714.4337182891752,2794,376,Priority 2 - Targeted,Personalized retention offer for a high-value account,churn-logistic-1.0.0
13816,2011-12-10,Recent developing,485.95,2,0.589651888531806,1,0.4,Standard monitoring,Normal low-cost engagement; no paid retention incentive,38851.33209999985,286.5413352320311,1736,2775,Standard monitoring,Monitor customer value and churn risk; no paid intervention,churn-logistic-1.0.0
13817,2011-12-10,Recent developing,328.98,2,0.8467633009511196,1,0.4,Priority 2 - Targeted,Targeted retention message for the next-ranked 10%,38851.33209999985,278.56819074689935,355,2805,Standard monitoring,Monitor customer value and churn risk; no paid intervention,churn-logistic-1.0.0
13821,2011-12-10,At-risk established,1387.03,6,0.7295375304864044,1,0.4,Priority 3 - Nurture,Automated email nurture or product reminder,38851.33209999985,1011.8904409105575,1155,1014,Priority 3 - Nurture,Low-cost relationship nurture for value protection,churn-logistic-1.0.0
13822,2011-12-10,Recent developing,632.0,2,0.5422169608006487,1,0.4,Standard monitoring,Normal low-cost engagement; no paid retention incentive,38851.33209999985,342.68111922601,1941,2599,Standard monitoring,Monitor customer value and churn risk; no paid intervention,churn-logistic-1.0.0
13823,2011-12-10,Champions,3358.55,7,0.4459828262023977,1,0.4,Standard monitoring,Normal low-cost engagement; no paid retention incentive,38851.33209999985,1497.8556209420628,2263,525,Priority 2 - Targeted,Personalized retention offer for a high-value account,churn-logistic-1.0.0
13824,2011-12-10,Champions,3273.36,12,0.3679025893742399,0,0.4,Standard monitoring,Normal low-cost engagement; no paid retention incentive,38851.33209999985,1204.277619954062,2516,778,Priority 3 - Nurture,Low-cost relationship nurture for value protection,churn-logistic-1.0.0
13826,2011-12-10,Lapsed low-value,179.55,1,0.8790536354510287,1,0.4,Priority 1 - Immediate,Personalized outreach for the highest-ranked 10%; use segment and value,38851.33209999985,157.8340802452322,142,3136,Standard monitoring,Monitor customer value and churn risk; no paid intervention,churn-logistic-1.0.0
13827,2011-12-10,Recent developing,412.05,3,0.6050187190606507,1,0.4,Priority 3 - Nurture,Automated email nurture or product reminder,38851.33209999985,249.29796318894114,1677,2896,Standard monitoring,Monitor customer value and churn risk; no paid intervention,churn-logistic-1.0.0
13828,2011-12-10,Recent developing,209.49,1,0.799816661327292,1,0.4,Priority 3 - Nurture,Automated email nurture or product reminder,38851.33209999985,167.55359238145442,773,3109,Standard monitoring,Monitor customer value and churn risk; no paid intervention,churn-logistic-1.0.0
13831,2011-12-10,Champions,7012.08,18,0.2040806109585776,0,0.4,Standard monitoring,Normal low-cost engagement; no paid retention incentive,38851.33209999985,1431.0295704904229,2938,571,Priority 2 - Targeted,Personalized retention offer for a high-value account,churn-logistic-1.0.0
13832,2011-12-10,Recent developing,602.4399999999999,2,0.8675314864758616,1,0.4,Priority 1 - Immediate,Personalized outreach for the highest-ranked 10%; use segment and value,38851.33209999985,522.635668712518,220,2063,Standard monitoring,Monitor customer value and churn risk; no paid intervention,churn-logistic-1.0.0
13833,2011-12-10,At-risk established,701.36,2,0.8681564684588989,1,0.4,Priority 1 - Immediate,Personalized outreach for the highest-ranked 10%; use segment and value,38851.33209999985,608.8902207183334,213,1841,Standard monitoring,Monitor customer value and churn risk; no paid intervention,churn-logistic-1.0.0
13835,2011-12-10,Recent developing,1058.32,7,0.4287785430855824,1,0.4,Standard monitoring,Normal low-cost engagement; no paid retention incentive,38851.33209999985,453.7849077183335,2315,2269,Standard monitoring,Monitor customer value and churn risk; no paid intervention,churn-logistic-1.0.0
13838,2011-12-10,Champions,1966.09,10,0.4510628134141837,1,0.4,Standard monitoring,Normal low-cost engagement; no paid retention incentive,38851.33209999985,886.8300868254923,2248,1235,Priority 3 - Nurture,Low-cost relationship nurture for value protection,churn-logistic-1.0.0
13842,2011-12-10,Champions,5603.26,18,0.2134866522992791,0,0.4,Standard monitoring,Normal low-cost engagement; no paid retention incentive,38851.33209999985,1196.2212193624587,2914,788,Priority 3 - Nurture,Low-cost relationship nurture for value protection,churn-logistic-1.0.0
13844,2011-12-10,Recent developing,361.62,1,0.7875021765078515,1,0.4,Priority 3 - Nurture,Automated email nurture or product reminder,38851.33209999985,284.77653706876924,898,2783,Standard monitoring,Monitor customer value and churn risk; no paid intervention,churn-logistic-1.0.0
13845,2011-12-10,Lapsed low-value,312.98,1,0.8276631912281067,1,0.4,Priority 2 - Targeted,Targeted retention message for the next-ranked 10%,38851.33209999985,259.04202559057285,506,2870,Standard monitoring,Monitor customer value and churn risk; no paid intervention,churn-logistic-1.0.0
13846,2011-12-10,Recent developing,1290.34,4,0.6977140470605511,1,0.4,Priority 3 - Nurture,Automated email nurture or product reminder,38851.33209999985,900.2883434841114,1270,1214,Priority 3 - Nurture,Low-cost relationship nurture for value protection,churn-logistic-1.0.0
13848,2011-12-10,At-risk established,3335.0,8,0.60802004389974,1,0.4,Priority 3 - Nurture,Automated email nurture or product reminder,38851.33209999985,2027.7468464056328,1663,258,Priority 1 - Immediate,Account-manager outreach; prioritize the highest exposed customer value,churn-logistic-1.0.0
13849,2011-12-10,At-risk established,3443.8,5,0.5386770410360484,1,0.4,Standard monitoring,Normal low-cost engagement; no paid retention incentive,38851.33209999985,1855.0959939199436,1948,324,Priority 1 - Immediate,Account-manager outreach; prioritize the highest exposed customer value,churn-logistic-1.0.0
13850,2011-12-10,At-risk established,1586.81,1,0.8128748773224548,1,0.4,Priority 2 - Targeted,Targeted retention message for the next-ranked 10%,38851.33209999985,1289.8779840840443,621,696,Priority 3 - Nurture,Low-cost relationship nurture for value protection,churn-logistic-1.0.0
13851,2011-12-10,At-risk established,4516.76,8,0.5687208743667838,1,0.4,Standard monitoring,Normal low-cost engagement; no paid retention incentive,38851.33209999985,2568.7756965049143,1840,141,Priority 1 - Immediate,Account-manager outreach; prioritize the highest exposed customer value,churn-logistic-1.0.0
13853,2011-12-10,Recent developing,1056.94,1,0.7845025675937414,1,0.4,Priority 3 - Nurture,Automated email nurture or product reminder,38851.33209999985,829.172143792529,916,1326,Priority 3 - Nurture,Low-cost relationship nurture for value protection,churn-logistic-1.0.0
13854,2011-12-10,Champions,12157.16,39,0.0256010676526474,0,0.4,Standard monitoring,Normal low-cost engagement; no paid retention incentive,38851.33209999985,311.23627562405886,3328,2687,Standard monitoring,Monitor customer value and churn risk; no paid intervention,churn-logistic-1.0.0
13856,2011-12-10,At-risk established,1070.83,11,0.6455123396721735,1,0.4,Priority 3 - Nurture,Automated email nurture or product reminder,38851.33209999985,691.2339786911534,1470,1640,Priority 3 - Nurture,Low-cost relationship nurture for value protection,churn-logistic-1.0.0
13858,2011-12-10,Lapsed low-value,216.17,1,0.8168782209650208,1,0.4,Priority 2 - Targeted,Targeted retention message for the next-ranked 10%,38851.33209999985,176.58456502600853,589,3083,Standard monitoring,Monitor customer value and churn risk; no paid intervention,churn-logistic-1.0.0
13860,2011-12-10,Recent developing,1240.0,5,0.419938075204067,1,0.4,Standard monitoring,Normal low-cost engagement; no paid retention incentive,38851.33209999985,520.7232132530431,2349,2067,Standard monitoring,Monitor customer value and churn risk; no paid intervention,churn-logistic-1.0.0
13862,2011-12-10,Champions,2534.04,9,0.3095856521533665,0,0.4,Standard monitoring,Normal low-cost engagement; no paid retention incentive,38851.33209999985,784.5024259827168,2674,1403,Priority 3 - Nurture,Low-cost relationship nurture for value protection,churn-logistic-1.0.0
13865,2011-12-10,Recent developing,501.56,4,0.6281732567462028,1,0.4,Priority 3 - Nurture,Automated email nurture or product reminder,38851.33209999985,315.06657865362547,1564,2670,Standard monitoring,Monitor customer value and churn risk; no paid intervention,churn-logistic-1.0.0
13866,2011-12-10,Lapsed low-value,145.67000000000002,1,0.836349642344647,1,0.4,Priority 2 - Targeted,Targeted retention message for the next-ranked 10%,38851.33209999985,121.83105240034475,429,3244,Standard monitoring,Monitor customer value and churn risk; no paid intervention,churn-logistic-1.0.0
13867,2011-12-10,Recent developing,1015.29,3,0.6526867900013588,1,0.4,Priority 3 - Nurture,Automated email nurture or product reminder,38851.33209999985,662.6663710204795,1434,1708,Priority 3 - Nurture,Low-cost relationship nurture for value protection,churn-logistic-1.0.0
13868,2011-12-10,Recent developing,3192.54,2,0.4915515788274287,1,0.4,Standard monitoring,Normal low-cost engagement; no paid retention incentive,38851.33209999985,1569.2980774697194,2127,459,Priority 2 - Targeted,Personalized retention offer for a high-value account,churn-logistic-1.0.0
13869,2011-12-10,Champions,8111.57,10,0.3667420190399345,0,0.4,Standard monitoring,Normal low-cost engagement; no paid retention incentive,38851.33209999985,2974.853559383761,2521,95,Priority 1 - Immediate,Account-manager outreach; prioritize the highest exposed customer value,churn-logistic-1.0.0
13870,2011-12-10,Champions,5689.84,15,0.1710430892366784,0,0.4,Standard monitoring,Normal low-cost engagement; no paid retention incentive,38851.33209999985,973.2078108624223,3018,1072,Priority 3 - Nurture,Low-cost relationship nurture for value protection,churn-logistic-1.0.0
13871,2011-12-10,Champions,7805.35,17,0.0793878918726963,0,0.4,Standard monitoring,Normal low-cost engagement; no paid retention incentive,38851.33209999985,619.6502818285502,3204,1806,Standard monitoring,Monitor customer value and churn risk; no paid intervention,churn-logistic-1.0.0
13873,2011-12-10,At-risk established,1031.02,8,0.6363338407747651,1,0.4,Priority 3 - Nurture,Automated email nurture or product reminder,38851.33209999985,656.0729165155983,1521,1723,Priority 3 - Nurture,Low-cost relationship nurture for value protection,churn-logistic-1.0.0
13875,2011-12-10,Champions,4814.37,14,0.307424279427892,0,0.4,Standard monitoring,Normal low-cost engagement; no paid retention incentive,38851.33209999985,1480.0542281492606,2682,538,Priority 2 - Targeted,Personalized retention offer for a high-value account,churn-logistic-1.0.0
13876,2011-12-10,Lapsed low-value,122.7,1,0.8321755802508144,1,0.4,Priority 2 - Targeted,Targeted retention message for the next-ranked 10%,38851.33209999985,102.10794369677492,458,3292,Standard monitoring,Monitor customer value and churn risk; no paid intervention,churn-logistic-1.0.0
13877,2011-12-10,Recent developing,446.33,3,0.8688382550774731,1,0.4,Priority 1 - Immediate,Personalized outreach for the highest-ranked 10%; use segment and value,38851.33209999985,387.7885783887286,205,2461,Standard monitoring,Monitor customer value and churn risk; no paid intervention,churn-logistic-1.0.0
13878,2011-12-10,At-risk established,2473.06,4,0.7516804488429025,1,0.4,Priority 3 - Nurture,Automated email nurture or product reminder,38851.33209999985,1858.9508508154286,1077,321,Priority 1 - Immediate,Account-manager outreach; prioritize the highest exposed customer value,churn-logistic-1.0.0
13880,2011-12-10,Champions,4391.66,17,0.1728810803729516,0,0.4,Standard monitoring,Normal low-cost engagement; no paid retention incentive,38851.33209999985,759.2349254306766,3013,1468,Priority 3 - Nurture,Low-cost relationship nurture for value protection,churn-logistic-1.0.0
13881,2011-12-10,Champions,44392.5,42,0.005353997317935,0,0.4,Standard monitoring,Normal low-cost engagement; no paid retention incentive,38851.33209999985,208.00992786160114,3410,3010,Standard monitoring,Monitor customer value and churn risk; no paid intervention,churn-logistic-1.0.0
13882,2011-12-10,Recent developing,1131.28,5,0.3239120173854804,0,0.4,Standard monitoring,Normal low-cost engagement; no paid retention incentive,38851.33209999985,366.43518702784627,2631,2522,Standard monitoring,Monitor customer value and churn risk; no paid intervention,churn-logistic-1.0.0
13883,2011-12-10,Champions,6336.59,14,0.3755868804170305,0,0.4,Standard monitoring,Normal low-cost engagement; no paid retention incentive,38851.33209999985,2379.940070581751,2496,172,Priority 1 - Immediate,Account-manager outreach; prioritize the highest exposed customer value,churn-logistic-1.0.0
13884,2011-12-10,Champions,1852.38,10,0.4885011412475813,1,0.4,Standard monitoring,Normal low-cost engagement; no paid retention incentive,38851.33209999985,904.8897440241948,2135,1206,Priority 3 - Nurture,Low-cost relationship nurture for value protection,churn-logistic-1.0.0
13886,2011-12-10,Lapsed low-value,243.56,1,0.8305799190596641,1,0.4,Priority 2 - Targeted,Targeted retention message for the next-ranked 10%,38851.33209999985,202.2960450861718,476,3025,Standard monitoring,Monitor customer value and churn risk; no paid intervention,churn-logistic-1.0.0
13888,2011-12-10,At-risk established,2169.05,7,0.6700429157727945,1,0.4,Priority 3 - Nurture,Automated email nurture or product reminder,38851.33209999985,1453.35658645698,1362,551,Priority 2 - Targeted,Personalized retention offer for a high-value account,churn-logistic-1.0.0
13889,2011-12-10,At-risk established,1902.98,6,0.6922570952764759,1,0.4,Priority 3 - Nurture,Automated email nurture or product reminder,38851.33209999985,1317.3514071692282,1288,675,Priority 2 - Targeted,Personalized retention offer for a high-value account,churn-logistic-1.0.0
13890,2011-12-10,Champions,2869.38,14,0.051138332736608,0,0.4,Standard monitoring,Normal low-cost engagement; no paid retention incentive,38851.33209999985,146.73530918776825,3272,3168,Standard monitoring,Monitor customer value and churn risk; no paid intervention,churn-logistic-1.0.0
13892,2011-12-10,Recent developing,1267.65,6,0.4965223889883372,1,0.4,Standard monitoring,Normal low-cost engagement; no paid retention incentive,38851.33209999985,629.4166064010657,2114,1790,Standard monitoring,Monitor customer value and churn risk; no paid intervention,churn-logistic-1.0.0
13894,2011-12-10,Recent developing,535.97,3,0.8408025042373307,1,0.4,Priority 2 - Targeted,Targeted retention message for the next-ranked 10%,38851.33209999985,450.6449181960822,397,2279,Standard monitoring,Monitor customer value and churn risk; no paid intervention,churn-logistic-1.0.0
13895,2011-12-10,Champions,3923.62,6,0.3369737637710757,0,0.4,Standard monitoring,Normal low-cost engagement; no paid retention incentive,38851.33209999985,1322.156999007468,2598,665,Priority 2 - Targeted,Personalized retention offer for a high-value account,churn-logistic-1.0.0
13897,2011-12-10,Recent developing,1160.72,3,0.8306273585092299,1,0.4,Priority 2 - Targeted,Targeted retention message for the next-ranked 10%,38851.33209999985,964.1257875688333,474,1092,Priority 3 - Nurture,Low-cost relationship nurture for value protection,churn-logistic-1.0.0
13899,2011-12-10,Recent developing,388.52,2,0.8081650187745629,1,0.4,Priority 2 - Targeted,Targeted retention message for the next-ranked 10%,38851.33209999985,313.98827309429316,676,2675,Standard monitoring,Monitor customer value and churn risk; no paid intervention,churn-logistic-1.0.0
13901,2011-12-10,Champions,5599.34,15,0.2824567847761436,0,0.4,Standard monitoring,Normal low-cost engagement; no paid retention incentive,38851.33209999985,1581.571573268452,2750,448,Priority 2 - Targeted,Personalized retention offer for a high-value account,churn-logistic-1.0.0
13904,2011-12-10,Recent developing,332.64,2,0.8168862308289583,1,0.4,Priority 2 - Targeted,Targeted retention message for the next-ranked 10%,38851.33209999985,271.7290358229447,588,2832,Standard monitoring,Monitor customer value and churn risk; no paid intervention,churn-logistic-1.0.0
13908,2011-12-10,At-risk established,2297.05,4,0.5810484128059848,1,0.4,Standard monitoring,Normal low-cost engagement; no paid retention incentive,38851.33209999985,1334.6972566359875,1781,654,Priority 2 - Targeted,Personalized retention offer for a high-value account,churn-logistic-1.0.0
13911,2011-12-10,Champions,4200.04,20,0.262934736935617,0,0.4,Standard monitoring,Normal low-cost engagement; no paid retention incentive,38851.33209999985,1104.3364125190687,2789,905,Priority 3 - Nurture,Low-cost relationship nurture for value protection,churn-logistic-1.0.0
13914,2011-12-10,Recent developing,613.95,2,0.5612763092147067,1,0.4,Standard monitoring,Normal low-cost engagement; no paid retention incentive,38851.33209999985,344.5955900423692,1864,2591,Standard monitoring,Monitor customer value and churn risk; no paid intervention,churn-logistic-1.0.0
13917,2011-12-10,Recent developing,272.04,2,0.7568204281327923,1,0.4,Priority 3 - Nurture,Automated email nurture or product reminder,38851.33209999985,205.8854292692448,1060,3016,Standard monitoring,Monitor customer value and churn risk; no paid intervention,churn-logistic-1.0.0
13918,2011-12-10,Recent developing,1212.84,2,0.7746939219106455,1,0.4,Priority 3 - Nurture,Automated email nurture or product reminder,38851.33209999985,939.5797762501072,965,1134,Priority 3 - Nurture,Low-cost relationship nurture for value protection,churn-logistic-1.0.0
13919,2011-12-10,At-risk established,1218.03,4,0.6386412246571241,1,0.4,Priority 3 - Nurture,Automated email nurture or product reminder,38851.33209999985,777.8841708691169,1504,1424,Priority 3 - Nurture,Low-cost relationship nurture for value protection,churn-logistic-1.0.0
13923,2011-12-10,Recent developing,351.13,1,0.8086426795361706,1,0.4,Priority 2 - Targeted,Targeted retention message for the next-ranked 10%,38851.33209999985,283.9387040655356,670,2786,Standard monitoring,Monitor customer value and churn risk; no paid intervention,churn-logistic-1.0.0
13924,2011-12-10,Champions,1682.93,6,0.195348167683974,0,0.4,Standard monitoring,Normal low-cost engagement; no paid retention incentive,38851.33209999985,328.7572918403904,2962,2635,Standard monitoring,Monitor customer value and churn risk; no paid intervention,churn-logistic-1.0.0
13925,2011-12-10,At-risk established,616.65,4,0.6803376551826975,1,0.4,Priority 3 - Nurture,Automated email nurture or product reminder,38851.33209999985,419.5302150684104,1331,2369,Standard monitoring,Monitor customer value and churn risk; no paid intervention,churn-logistic-1.0.0
13926,2011-12-10,Recent developing,223.85,1,0.8003927884297519,1,0.4,Priority 3 - Nurture,Automated email nurture or product reminder,38851.33209999985,179.16792568999998,765,3076,Standard monitoring,Monitor customer value and churn risk; no paid intervention,churn-logistic-1.0.0
13927,2011-12-10,Recent developing,689.96,2,0.8805780960283022,1,0.4,Priority 1 - Immediate,Personalized outreach for the highest-ranked 10%; use segment and value,38851.33209999985,607.5636631356874,134,1844,Standard monitoring,Monitor customer value and churn risk; no paid intervention,churn-logistic-1.0.0
13928,2011-12-10,Recent developing,464.57,4,0.4454777157399768,1,0.4,Standard monitoring,Normal low-cost engagement; no paid retention incentive,38851.33209999985,206.955582401321,2266,3011,Standard monitoring,Monitor customer value and churn risk; no paid intervention,churn-logistic-1.0.0
13929,2011-12-10,At-risk established,3334.9,11,0.6566680953578705,1,0.4,Priority 3 - Nurture,Automated email nurture or product reminder,38851.33209999985,2189.9224312089623,1416,217,Priority 1 - Immediate,Account-manager outreach; prioritize the highest exposed customer value,churn-logistic-1.0.0
13930,2011-12-10,Recent developing,337.34,2,0.6696042059999476,1,0.4,Priority 3 - Nurture,Automated email nurture or product reminder,38851.33209999985,225.88428285202232,1364,2963,Standard monitoring,Monitor customer value and churn risk; no paid intervention,churn-logistic-1.0.0
13931,2011-12-10,Champions,5250.78,11,0.5716117995408524,1,0.4,Standard monitoring,Normal low-cost engagement; no paid retention incentive,38851.33209999985,3001.4078047931166,1826,91,Priority 1 - Immediate,Account-manager outreach; prioritize the highest exposed customer value,churn-logistic-1.0.0
13933,2011-12-10,Lapsed low-value,608.7900000000001,2,0.7157151939747992,1,0.4,Priority 3 - Nurture,Automated email nurture or product reminder,38851.33209999985,435.72025293991805,1199,2328,Standard monitoring,Monitor customer value and churn risk; no paid intervention,churn-logistic-1.0.0
13936,2011-12-10,At-risk established,924.36,3,0.8528039759932496,1,0.4,Priority 1 - Immediate,Personalized outreach for the highest-ranked 10%; use segment and value,38851.33209999985,788.2978832491202,327,1397,Priority 3 - Nurture,Low-cost relationship nurture for value protection,churn-logistic-1.0.0
13937,2011-12-10,At-risk established,867.38,2,0.8635595286358774,1,0.4,Priority 1 - Immediate,Personalized outreach for the highest-ranked 10%; use segment and value,38851.33209999985,749.0342639481873,245,1492,Priority 3 - Nurture,Low-cost relationship nurture for value protection,churn-logistic-1.0.0
13938,2011-12-10,Lapsed low-value,71.66,1,0.8124027929578228,1,0.4,Priority 2 - Targeted,Targeted retention message for the next-ranked 10%,38851.33209999985,58.21678414335758,626,3389,Standard monitoring,Monitor customer value and churn risk; no paid intervention,churn-logistic-1.0.0
13939,2011-12-10,Champions,1535.26,7,0.482444962180301,1,0.4,Standard monitoring,Normal low-cost engagement; no paid retention incentive,38851.33209999985,740.6784526369289,2155,1514,Priority 3 - Nurture,Low-cost relationship nurture for value protection,churn-logistic-1.0.0
13940,2011-12-10,Recent developing,839.14,4,0.4601843936582308,1,0.4,Standard monitoring,Normal low-cost engagement; no paid retention incentive,38851.33209999985,386.15913209436775,2220,2467,Standard monitoring,Monitor customer value and churn risk; no paid intervention,churn-logistic-1.0.0
13941,2011-12-10,Champions,10846.15,15,0.2337332399936613,0,0.4,Standard monitoring,Normal low-cost engagement; no paid retention incentive,38851.33209999985,2535.1057809572494,2860,143,Priority 1 - Immediate,Account-manager outreach; prioritize the highest exposed customer value,churn-logistic-1.0.0
13946,2011-12-10,At-risk established,1745.43,6,0.6285965269458069,1,0.4,Priority 3 - Nurture,Automated email nurture or product reminder,38851.33209999985,1097.1712360270199,1558,912,Priority 3 - Nurture,Low-cost relationship nurture for value protection,churn-logistic-1.0.0
13947,2011-12-10,Lapsed low-value,90.6,1,0.8343847722012376,1,0.4,Priority 2 - Targeted,Targeted retention message for the next-ranked 10%,38851.33209999985,75.59526036143212,442,3364,Standard monitoring,Monitor customer value and churn risk; no paid intervention,churn-logistic-1.0.0
13949,2011-12-10,Champions,2427.32,6,0.1877326796335293,0,0.4,Standard monitoring,Normal low-cost engagement; no paid retention incentive,38851.33209999985,455.68728792805837,2979,2260,Standard monitoring,Monitor customer value and churn risk; no paid intervention,churn-logistic-1.0.0
13950,2011-12-10,Recent developing,728.56,4,0.5322284609440882,1,0.4,Standard monitoring,Normal low-cost engagement; no paid retention incentive,38851.33209999985,387.7603675054248,1969,2462,Standard monitoring,Monitor customer value and churn risk; no paid intervention,churn-logistic-1.0.0
13951,2011-12-10,At-risk established,674.45,3,0.7670527421057016,1,0.4,Priority 3 - Nurture,Automated email nurture or product reminder,38851.33209999985,517.3387219131905,1015,2076,Standard monitoring,Monitor customer value and churn risk; no paid intervention,churn-logistic-1.0.0
13953,2011-12-10,Champions,6640.68,12,0.2161612545886296,0,0.4,Standard monitoring,Normal low-cost engagement; no paid retention incentive,38851.33209999985,1435.4577201216207,2907,567,Priority 2 - Targeted,Personalized retention offer for a high-value account,churn-logistic-1.0.0
13954,2011-12-10,Recent developing,378.59,2,0.6035490295694415,1,0.4,Priority 3 - Nurture,Automated email nurture or product reminder,38851.33209999985,228.49762710469483,1681,2957,Standard monitoring,Monitor customer value and churn risk; no paid intervention,churn-logistic-1.0.0
13955,2011-12-10,At-risk established,545.17,3,0.800658864766183,1,0.4,Priority 3 - Nurture,Automated email nurture or product reminder,38851.33209999985,436.4951933045799,757,2323,Standard monitoring,Monitor customer value and churn risk; no paid intervention,churn-logistic-1.0.0
13956,2011-12-10,Recent developing,1026.42,5,0.4266204155872666,1,0.4,Standard monitoring,Normal low-cost engagement; no paid retention incentive,38851.33209999985,437.8917269670822,2324,2318,Standard monitoring,Monitor customer value and churn risk; no paid intervention,churn-logistic-1.0.0
13959,2011-12-10,At-risk established,1076.18,6,0.6595899159411716,1,0.4,Priority 3 - Nurture,Automated email nurture or product reminder,38851.33209999985,709.83747573757,1401,1588,Priority 3 - Nurture,Low-cost relationship nurture for value protection,churn-logistic-1.0.0
13960,2011-12-10,Recent developing,230.22,2,0.6261832389559767,1,0.4,Priority 3 - Nurture,Automated email nurture or product reminder,38851.33209999985,144.15990527244495,1574,3180,Standard monitoring,Monitor customer value and churn risk; no paid intervention,churn-logistic-1.0.0
13962,2011-12-10,Recent developing,362.8,3,0.741453429479918,1,0.4,Priority 3 - Nurture,Automated email nurture or product reminder,38851.33209999985,268.9993042153143,1109,2842,Standard monitoring,Monitor customer value and churn risk; no paid intervention,churn-logistic-1.0.0
13967,2011-12-10,Lapsed low-value,166.3,2,0.8785507736621689,1,0.4,Priority 1 - Immediate,Personalized outreach for the highest-ranked 10%; use segment and value,38851.33209999985,146.1029936600187,149,3171,Standard monitoring,Monitor customer value and churn risk; no paid intervention,churn-logistic-1.0.0
13969,2011-12-10,Champions,13283.17,35,0.0044270449036561,0,0.4,Standard monitoring,Normal low-cost engagement; no paid retention incentive,38851.33209999985,58.8051900528976,3413,3388,Standard monitoring,Monitor customer value and churn risk; no paid intervention,churn-logistic-1.0.0
13971,2011-12-10,Champions,4593.83,14,0.1653203985247407,0,0.4,Standard monitoring,Normal low-cost engagement; no paid retention incentive,38851.33209999985,759.4538063549096,3037,1467,Priority 3 - Nurture,Low-cost relationship nurture for value protection,churn-logistic-1.0.0
13972,2011-12-10,Lapsed low-value,190.25,2,0.7749107035124116,1,0.4,Priority 3 - Nurture,Automated email nurture or product reminder,38851.33209999985,147.4267613432363,963,3166,Standard monitoring,Monitor customer value and churn risk; no paid intervention,churn-logistic-1.0.0
13974,2011-12-10,Recent developing,663.52,2,0.9209967060097364,1,0.4,Priority 1 - Immediate,Personalized outreach for the highest-ranked 10%; use segment and value,38851.33209999985,611.0997343715802,52,1832,Standard monitoring,Monitor customer value and churn risk; no paid intervention,churn-logistic-1.0.0
13975,2011-12-10,Champions,5335.79,12,0.2146199477220857,0,0.4,Standard monitoring,Normal low-cost engagement; no paid retention incentive,38851.33209999985,1145.1669708560278,2909,850,Priority 3 - Nurture,Low-cost relationship nurture for value protection,churn-logistic-1.0.0
13978,2011-12-10,Recent developing,196.79,2,0.5912312300574593,1,0.4,Priority 3 - Nurture,Automated email nurture or product reminder,38851.33209999985,116.34839376300741,1730,3262,Standard monitoring,Monitor customer value and churn risk; no paid intervention,churn-logistic-1.0.0
13979,2011-12-10,At-risk established,3374.53,7,0.5507492784954001,1,0.4,Standard monitoring,Normal low-cost engagement; no paid retention incentive,38851.33209999985,1858.5199627610828,1911,322,Priority 1 - Immediate,Account-manager outreach; prioritize the highest exposed customer value,churn-logistic-1.0.0
13980,2011-12-10,At-risk established,763.87,5,0.7357663573175027,1,0.4,Priority 3 - Nurture,Automated email nurture or product reminder,38851.33209999985,562.0298473641208,1126,1950,Standard monitoring,Monitor customer value and churn risk; no paid intervention,churn-logistic-1.0.0
13982,2011-12-10,Champions,4419.39,9,0.3731405122016581,0,0.4,Standard monitoring,Normal low-cost engagement; no paid retention incentive,38851.33209999985,1649.053448218886,2502,412,Priority 2 - Targeted,Personalized retention offer for a high-value account,churn-logistic-1.0.0
13983,2011-12-10,Champions,7023.98,21,0.1233882439449862,0,0.4,Standard monitoring,Normal low-cost engagement; no paid retention incentive,38851.33209999985,866.6765577047041,3123,1258,Priority 3 - Nurture,Low-cost relationship nurture for value protection,churn-logistic-1.0.0
13984,2011-12-10,Champions,1614.22,12,0.4203172568022971,1,0.4,Standard monitoring,Normal low-cost engagement; no paid retention incentive,38851.33209999985,678.4845222754041,2344,1670,Priority 3 - Nurture,Low-cost relationship nurture for value protection,churn-logistic-1.0.0
13985,2011-12-10,Champions,9982.31,22,0.0098660478175092,0,0.4,Standard monitoring,Normal low-cost engagement; no paid retention incentive,38851.33209999985,98.48594778920025,3393,3308,Standard monitoring,Monitor customer value and churn risk; no paid intervention,churn-logistic-1.0.0
13986,2011-12-10,Recent developing,320.46,1,0.7949480601204993,1,0.4,Priority 3 - Nurture,Automated email nurture or product reminder,38851.33209999985,254.74905534621521,817,2884,Standard monitoring,Monitor customer value and churn risk; no paid intervention,churn-logistic-1.0.0
13988,2011-12-10,Champions,4708.64,8,0.2060899659717511,0,0.4,Standard monitoring,Normal low-cost engagement; no paid retention incentive,38851.33209999985,970.4034573732262,2929,1081,Priority 3 - Nurture,Low-cost relationship nurture for value protection,churn-logistic-1.0.0
13989,2011-12-10,At-risk established,2026.06,5,0.7049011384482672,1,0.4,Priority 3 - Nurture,Automated email nurture or product reminder,38851.33209999985,1428.172000564496,1243,574,Priority 2 - Targeted,Personalized retention offer for a high-value account,churn-logistic-1.0.0
13991,2011-12-10,Recent developing,849.63,6,0.3170687161820923,0,0.4,Standard monitoring,Normal low-cost engagement; no paid retention incentive,38851.33209999985,269.3910933297911,2648,2839,Standard monitoring,Monitor customer value and churn risk; no paid intervention,churn-logistic-1.0.0
13992,2011-12-10,Recent developing,219.5,3,0.8579373546766237,1,0.4,Priority 1 - Immediate,Personalized outreach for the highest-ranked 10%; use segment and value,38851.33209999985,188.3172493515189,293,3053,Standard monitoring,Monitor customer value and churn risk; no paid intervention,churn-logistic-1.0.0
13993,2011-12-10,Champions,6690.36,19,0.1337350801970124,0,0.4,Standard monitoring,Normal low-cost engagement; no paid retention incentive,38851.33209999985,894.7358311468839,3112,1216,Priority 3 - Nurture,Low-cost relationship nurture for value protection,churn-logistic-1.0.0
13994,2011-12-10,Champions,2313.14,6,0.2102514387118879,0,0.4,Standard monitoring,Normal low-cost engagement; no paid retention incentive,38851.33209999985,486.34101294201633,2922,2169,Standard monitoring,Monitor customer value and churn risk; no paid intervention,churn-logistic-1.0.0
13995,2011-12-10,Champions,3836.26,14,0.1877786793471357,0,0.4,Standard monitoring,Normal low-cost engagement; no paid retention incentive,38851.33209999985,720.3678364322429,2978,1569,Priority 3 - Nurture,Low-cost relationship nurture for value protection,churn-logistic-1.0.0
13999,2011-12-10,Champions,9441.26,29,0.0476069295332226,0,0.4,Standard monitoring,Normal low-cost engagement; no paid retention incentive,38851.33209999985,449.4693995248332,3281,2285,Standard monitoring,Monitor customer value and churn risk; no paid intervention,churn-logistic-1.0.0
14001,2011-12-10,Champions,4530.09,9,0.5504716771130692,1,0.4,Standard monitoring,Normal low-cost engagement; no paid retention incentive,38851.33209999985,2493.686239773144,1912,153,Priority 1 - Immediate,Account-manager outreach; prioritize the highest exposed customer value,churn-logistic-1.0.0
14002,2011-12-10,Lapsed low-value,529.73,2,0.7155825516464703,1,0.4,Priority 3 - Nurture,Automated email nurture or product reminder,38851.33209999985,379.06554508368475,1202,2486,Standard monitoring,Monitor customer value and churn risk; no paid intervention,churn-logistic-1.0.0
14004,2011-12-10,Champions,6258.45,11,0.2650070367617409,0,0.4,Standard monitoring,Normal low-cost engagement; no paid retention incentive,38851.33209999985,1658.5332892215174,2783,401,Priority 2 - Targeted,Personalized retention offer for a high-value account,churn-logistic-1.0.0
14005,2011-12-10,Champions,2874.72,5,0.3792686812641391,0,0.4,Standard monitoring,Normal low-cost engagement; no paid retention incentive,38851.33209999985,1090.2912634036459,2493,921,Priority 3 - Nurture,Low-cost relationship nurture for value protection,churn-logistic-1.0.0
14006,2011-12-10,At-risk established,2196.67,7,0.6502532619927561,1,0.4,Priority 3 - Nurture,Automated email nurture or product reminder,38851.33209999985,1428.3918330216277,1446,573,Priority 2 - Targeted,Personalized retention offer for a high-value account,churn-logistic-1.0.0
14013,2011-12-10,At-risk established,1084.57,5,0.6984126610014764,1,0.4,Priority 3 - Nurture,Automated email nurture or product reminder,38851.33209999985,757.4774197423711,1266,1474,Priority 3 - Nurture,Low-cost relationship nurture for value protection,churn-logistic-1.0.0
14014,2011-12-10,At-risk established,1948.21,3,0.8019243190196811,1,0.4,Priority 3 - Nurture,Automated email nurture or product reminder,38851.33209999985,1562.3169775573328,741,462,Priority 2 - Targeted,Personalized retention offer for a high-value account,churn-logistic-1.0.0
14015,2011-12-10,Recent developing,917.34,1,0.7894495088686588,1,0.4,Priority 3 - Nurture,Automated email nurture or product reminder,38851.33209999985,724.1936124655755,875,1557,Priority 3 - Nurture,Low-cost relationship nurture for value protection,churn-logistic-1.0.0
14016,2011-12-10,Champions,11279.71,11,0.4070287702406656,1,0.4,Standard monitoring,Normal low-cost engagement; no paid retention incentive,38851.33209999985,4591.166489971338,2391,30,Priority 1 - Immediate,Account-manager outreach; prioritize the highest exposed customer value,churn-logistic-1.0.0
14019,2011-12-10,Recent developing,1398.96,3,0.5529121744713494,1,0.4,Standard monitoring,Normal low-cost engagement; no paid retention incentive,38851.33209999985,773.502015598439,1902,1437,Priority 3 - Nurture,Low-cost relationship nurture for value protection,churn-logistic-1.0.0
14020,2011-12-10,Recent developing,1213.26,4,0.6306128115670114,1,0.4,Priority 3 - Nurture,Automated email nurture or product reminder,38851.33209999985,765.0972997617923,1546,1461,Priority 3 - Nurture,Low-cost relationship nurture for value protection,churn-logistic-1.0.0
14021,2011-12-10,At-risk established,1716.58,7,0.6454818897454959,1,0.4,Priority 3 - Nurture,Automated email nurture or product reminder,38851.33209999985,1108.0213022993232,1471,898,Priority 3 - Nurture,Low-cost relationship nurture for value protection,churn-logistic-1.0.0
14023,2011-12-10,Recent developing,584.07,2,0.788064298923863,1,0.4,Priority 3 - Nurture,Automated email nurture or product reminder,38851.33209999985,460.2847150724607,890,2244,Standard monitoring,Monitor customer value and churn risk; no paid intervention,churn-logistic-1.0.0
14024,2011-12-10,At-risk established,645.74,3,0.8380429519293302,1,0.4,Priority 2 - Targeted,Targeted retention message for the next-ranked 10%,38851.33209999985,541.1578557788457,415,2009,Standard monitoring,Monitor customer value and churn risk; no paid intervention,churn-logistic-1.0.0
14027,2011-12-10,Lapsed low-value,104.82,1,0.8316940512802107,1,0.4,Priority 2 - Targeted,Targeted retention message for the next-ranked 10%,38851.33209999985,87.17817045519168,461,3342,Standard monitoring,Monitor customer value and churn risk; no paid intervention,churn-logistic-1.0.0
14029,2011-12-10,Recent developing,467.66,2,0.6835228365181466,1,0.4,Priority 3 - Nurture,Automated email nurture or product reminder,38851.33209999985,319.65628972607647,1320,2660,Standard monitoring,Monitor customer value and churn risk; no paid intervention,churn-logistic-1.0.0
14030,2011-12-10,Champions,8262.29,20,0.1094117966210022,0,0.4,Standard monitoring,Normal low-cost engagement; no paid retention incentive,38851.33209999985,903.9919931037404,3148,1207,Priority 3 - Nurture,Low-cost relationship nurture for value protection,churn-logistic-1.0.0
14031,2011-12-10,Champions,38058.6,43,0.0189595600169844,0,0.4,Standard monitoring,Normal low-cost engagement; no paid retention incentive,38851.33209999985,721.5743108624025,3354,1564,Priority 3 - Nurture,Low-cost relationship nurture for value protection,churn-logistic-1.0.0
14032,2011-12-10,Champions,4786.43,16,0.0888211805946639,0,0.4,Standard monitoring,Normal low-cost engagement; no paid retention incentive,38851.33209999985,425.1363634337172,3188,2355,Standard monitoring,Monitor customer value and churn risk; no paid intervention,churn-logistic-1.0.0
14034,2011-12-10,Recent developing,512.02,3,0.670563019018914,1,0.4,Priority 3 - Nurture,Automated email nurture or product reminder,38851.33209999985,343.3416769980644,1360,2595,Standard monitoring,Monitor customer value and churn risk; no paid intervention,churn-logistic-1.0.0
14035,2011-12-10,Champions,2852.47,9,0.3239350260160454,0,0.4,Standard monitoring,Normal low-cost engagement; no paid retention incentive,38851.33209999985,924.014943659989,2630,1170,Priority 3 - Nurture,Low-cost relationship nurture for value protection,churn-logistic-1.0.0
14037,2011-12-10,At-risk established,722.2,6,0.7355167635362382,1,0.4,Priority 3 - Nurture,Automated email nurture or product reminder,38851.33209999985,531.1902066258713,1128,2038,Standard monitoring,Monitor customer value and churn risk; no paid intervention,churn-logistic-1.0.0
14038,2011-12-10,At-risk established,3000.93,5,0.6033888399234729,1,0.4,Priority 3 - Nurture,Automated email nurture or product reminder,38851.33209999985,1810.7276713915476,1682,338,Priority 1 - Immediate,Account-manager outreach; prioritize the highest exposed customer value,churn-logistic-1.0.0
14039,2011-12-10,Recent developing,267.28000000000003,2,0.92689250588,1,0.4,Priority 1 - Immediate,Personalized outreach for the highest-ranked 10%; use segment and value,38851.33209999985,247.73982897160644,40,2900,Standard monitoring,Monitor customer value and churn risk; no paid intervention,churn-logistic-1.0.0
14040,2011-12-10,Champions,12454.78,35,0.0717531363499617,0,0.4,Standard monitoring,Normal low-cost engagement; no paid retention incentive,38851.33209999985,893.6695275487759,3222,1217,Priority 3 - Nurture,Low-cost relationship nurture for value protection,churn-logistic-1.0.0
14044,2011-12-10,Champions,3102.4,10,0.2103263657428394,0,0.4,Standard monitoring,Normal low-cost engagement; no paid retention incentive,38851.33209999985,652.5165170805849,2921,1734,Standard monitoring,Monitor customer value and churn risk; no paid intervention,churn-logistic-1.0.0
14045,2011-12-10,Champions,9665.73,14,0.5657226986622975,1,0.4,Standard monitoring,Normal low-cost engagement; no paid retention incentive,38851.33209999985,5468.1228601411285,1847,16,Priority 1 - Immediate,Account-manager outreach; prioritize the highest exposed customer value,churn-logistic-1.0.0
14047,2011-12-10,Champions,4163.77,14,0.3385453873801592,0,0.4,Standard monitoring,Normal low-cost engagement; no paid retention incentive,38851.33209999985,1409.6251276118858,2595,582,Priority 2 - Targeted,Personalized retention offer for a high-value account,churn-logistic-1.0.0
14049,2011-12-10,Champions,13067.49,13,0.1444687945718177,0,0.4,Standard monitoring,Normal low-cost engagement; no paid retention incentive,38851.33209999985,1887.8445283792819,3090,310,Priority 1 - Immediate,Account-manager outreach; prioritize the highest exposed customer value,churn-logistic-1.0.0
14050,2011-12-10,Recent developing,746.36,2,0.6253288331888203,1,0.4,Priority 3 - Nurture,Automated email nurture or product reminder,38851.33209999985,466.7204279388079,1580,2220,Standard monitoring,Monitor customer value and churn risk; no paid intervention,churn-logistic-1.0.0
14051,2011-12-10,Champions,22121.65,37,0.006090266994844,0,0.4,Standard monitoring,Normal low-cost engagement; no paid retention incentive,38851.33209999985,134.72675486649078,3405,3203,Standard monitoring,Monitor customer value and churn risk; no paid intervention,churn-logistic-1.0.0
14052,2011-12-10,Recent developing,480.81,2,0.8418734709380503,1,0.4,Priority 2 - Targeted,Targeted retention message for the next-ranked 10%,38851.33209999985,404.781183561724,387,2414,Standard monitoring,Monitor customer value and churn risk; no paid intervention,churn-logistic-1.0.0
14053,2011-12-10,At-risk established,572.3,4,0.761524695837035,1,0.4,Priority 3 - Nurture,Automated email nurture or product reminder,38851.33209999985,435.8205834275351,1041,2325,Standard monitoring,Monitor customer value and churn risk; no paid intervention,churn-logistic-1.0.0
14054,2011-12-10,Lapsed low-value,92.46,1,0.8341587858088773,1,0.4,Priority 2 - Targeted,Targeted retention message for the next-ranked 10%,38851.33209999985,77.12632133588879,443,3362,Standard monitoring,Monitor customer value and churn risk; no paid intervention,churn-logistic-1.0.0
14055,2011-12-10,At-risk established,1520.96,3,0.916884908219432,1,0.4,Priority 1 - Immediate,Personalized outreach for the highest-ranked 10%; use segment and value,38851.33209999985,1394.5452700054273,60,595,Priority 2 - Targeted,Personalized retention offer for a high-value account,churn-logistic-1.0.0
14056,2011-12-10,Champions,8125.62,23,0.0162336805594175,0,0.4,Standard monitoring,Normal low-cost engagement; no paid retention incentive,38851.33209999985,131.908719427214,3363,3216,Standard monitoring,Monitor customer value and churn risk; no paid intervention,churn-logistic-1.0.0
14057,2011-12-10,Champions,8338.28,22,0.0731801198082617,0,0.4,Standard monitoring,Normal low-cost engagement; no paid retention incentive,38851.33209999985,610.1963293948323,3218,1834,Standard monitoring,Monitor customer value and churn risk; no paid intervention,churn-logistic-1.0.0
14060,2011-12-10,Champions,9504.14,30,0.0389540295104553,0,0.4,Standard monitoring,Normal low-cost engagement; no paid retention incentive,38851.33209999985,370.2245500314986,3295,2512,Standard monitoring,Monitor customer value and churn risk; no paid intervention,churn-logistic-1.0.0
14062,2011-12-10,Champions,25437.63,24,0.092697016227558,0,0.4,Standard monitoring,Normal low-cost engagement; no paid retention incentive,38851.33209999985,2357.9924009006163,3181,176,Priority 1 - Immediate,Account-manager outreach; prioritize the highest exposed customer value,churn-logistic-1.0.0
14064,2011-12-10,Champions,3016.23,15,0.3155628959966396,0,0.4,Standard monitoring,Normal low-cost engagement; no paid retention incentive,38851.33209999985,951.8102737919443,2653,1118,Priority 3 - Nurture,Low-cost relationship nurture for value protection,churn-logistic-1.0.0
14067,2011-12-10,Recent developing,374.7,2,0.6350472868656293,1,0.4,Priority 3 - Nurture,Automated email nurture or product reminder,38851.33209999985,237.95221838855127,1527,2934,Standard monitoring,Monitor customer value and churn risk; no paid intervention,churn-logistic-1.0.0
14071,2011-12-10,Champions,1292.59,8,0.264185474584636,0,0.4,Standard monitoring,Normal low-cost engagement; no paid retention incentive,38851.33209999985,341.4835025933546,2785,2604,Standard monitoring,Monitor customer value and churn risk; no paid intervention,churn-logistic-1.0.0
14073,2011-12-10,Recent developing,139.54,1,0.805570455814255,1,0.4,Priority 3 - Nurture,Automated email nurture or product reminder,38851.33209999985,112.40930140432114,703,3270,Standard monitoring,Monitor customer value and churn risk; no paid intervention,churn-logistic-1.0.0
14075,2011-12-10,Recent developing,1724.87,5,0.5544938494646036,1,0.4,Standard monitoring,Normal low-cost engagement; no paid retention incentive,38851.33209999985,956.4298061260107,1895,1106,Priority 3 - Nurture,Low-cost relationship nurture for value protection,churn-logistic-1.0.0
14076,2011-12-10,Lapsed low-value,122.47,1,0.8586022971197765,1,0.4,Priority 1 - Immediate,Personalized outreach for the highest-ranked 10%; use segment and value,38851.33209999985,105.15302332825902,291,3284,Standard monitoring,Monitor customer value and churn risk; no paid intervention,churn-logistic-1.0.0
14077,2011-12-10,Recent developing,615.0799999999999,6,0.5328141409350424,1,0.4,Standard monitoring,Normal low-cost engagement; no paid retention incentive,38851.33209999985,327.7233218063258,1966,2638,Standard monitoring,Monitor customer value and churn risk; no paid intervention,churn-logistic-1.0.0
14078,2011-12-10,At-risk established,1690.98,9,0.57694637884926,1,0.4,Standard monitoring,Normal low-cost engagement; no paid retention incentive,38851.33209999985,975.6047877065217,1801,1069,Priority 3 - Nurture,Low-cost relationship nurture for value protection,churn-logistic-1.0.0
14079,2011-12-10,Lapsed low-value,375.1,1,0.8587737570763923,1,0.4,Priority 1 - Immediate,Personalized outreach for the highest-ranked 10%; use segment and value,38851.33209999985,322.12603627935476,290,2653,Standard monitoring,Monitor customer value and churn risk; no paid intervention,churn-logistic-1.0.0
14080,2011-12-10,Recent developing,1075.73,5,0.7380452036338329,1,0.4,Priority 3 - Nurture,Automated email nurture or product reminder,38851.33209999985,793.937366905023,1118,1383,Priority 3 - Nurture,Low-cost relationship nurture for value protection,churn-logistic-1.0.0
14083,2011-12-10,Champions,1407.26,11,0.2434766050100039,0,0.4,Standard monitoring,Normal low-cost engagement; no paid retention incentive,38851.33209999985,342.63488716637806,2838,2600,Standard monitoring,Monitor customer value and churn risk; no paid intervention,churn-logistic-1.0.0
14085,2011-12-10,Champions,10077.22,32,0.0287470903071118,0,0.4,Standard monitoring,Normal low-cost engagement; no paid retention incentive,38851.33209999985,289.6907533846332,3317,2763,Standard monitoring,Monitor customer value and churn risk; no paid intervention,churn-logistic-1.0.0
14087,2011-12-10,Recent developing,803.47,3,0.7587001979364791,1,0.4,Priority 3 - Nurture,Automated email nurture or product reminder,38851.33209999985,609.5928480360229,1055,1837,Standard monitoring,Monitor customer value and churn risk; no paid intervention,churn-logistic-1.0.0
14088,2011-12-10,Exceptional high-value,63731.63,15,0.0016582731050958,0,0.4,Standard monitoring,Normal low-cost engagement; no paid retention incentive,38851.33209999985,64.42611911857487,3426,3379,Standard monitoring,Monitor customer value and churn risk; no paid intervention,churn-logistic-1.0.0
14089,2011-12-10,Lapsed low-value,161.0,1,0.8179339943848056,1,0.4,Priority 2 - Targeted,Targeted retention message for the next-ranked 10%,38851.33209999985,131.68737309595372,579,3218,Standard monitoring,Monitor customer value and churn risk; no paid intervention,churn-logistic-1.0.0
14092,2011-12-10,Champions,7209.74,24,0.085253053957005,0,0.4,Standard monitoring,Normal low-cost engagement; no paid retention incentive,38851.33209999985,614.6523532359772,3194,1817,Standard monitoring,Monitor customer value and churn risk; no paid intervention,churn-logistic-1.0.0
14093,2011-12-10,Recent developing,442.85,1,0.7627114792894257,1,0.4,Priority 3 - Nurture,Automated email nurture or product reminder,38851.33209999985,337.7667786033222,1038,2617,Standard monitoring,Monitor customer value and churn risk; no paid intervention,churn-logistic-1.0.0
14096,2011-12-10,Exceptional high-value,53258.43,17,8.345407412861584e-06,0,0.4,Standard monitoring,Normal low-cost engagement; no paid retention incentive,38851.33209999985,0.3242301949068859,3452,3451,Standard monitoring,Monitor customer value and churn risk; no paid intervention,churn-logistic-1.0.0
14098,2011-12-10,Recent developing,147.35,1,0.8066888081796422,1,0.4,Priority 2 - Targeted,Targeted retention message for the next-ranked 10%,38851.33209999985,118.86559588527027,688,3255,Standard monitoring,Monitor customer value and churn risk; no paid intervention,churn-logistic-1.0.0
14099,2011-12-10,Champions,5700.51,20,0.0764399821746006,0,0.4,Standard monitoring,Normal low-cost engagement; no paid retention incentive,38851.33209999985,435.7468827861325,3210,2327,Standard monitoring,Monitor customer value and churn risk; no paid intervention,churn-logistic-1.0.0
14100,2011-12-10,Lapsed low-value,194.9,1,0.8640047268818691,1,0.4,Priority 1 - Immediate,Personalized outreach for the highest-ranked 10%; use segment and value,38851.33209999985,168.3945212692763,241,3104,Standard monitoring,Monitor customer value and churn risk; no paid intervention,churn-logistic-1.0.0
14101,2011-12-10,Champions,9942.13,13,0.3896198137384509,0,0.4,Standard monitoring,Normal low-cost engagement; no paid retention incentive,38851.33209999985,3873.6508387634644,2448,46,Priority 1 - Immediate,Account-manager outreach; prioritize the highest exposed customer value,churn-logistic-1.0.0
14102,2011-12-10,Recent developing,1314.73,5,0.2992092257865251,0,0.4,Standard monitoring,Normal low-cost engagement; no paid retention incentive,38851.33209999985,393.3793454183181,2709,2452,Standard monitoring,Monitor customer value and churn risk; no paid intervention,churn-logistic-1.0.0
14104,2011-12-10,At-risk established,768.5799999999999,5,0.7227579787876914,1,0.4,Priority 3 - Nurture,Automated email nurture or product reminder,38851.33209999985,555.4973273366438,1170,1974,Standard monitoring,Monitor customer value and churn risk; no paid intervention,churn-logistic-1.0.0
14107,2011-12-10,Champions,4853.7,11,0.329208624365682,0,0.4,Standard monitoring,Normal low-cost engagement; no paid retention incentive,38851.33209999985,1597.8799000837107,2619,437,Priority 2 - Targeted,Personalized retention offer for a high-value account,churn-logistic-1.0.0
14108,2011-12-10,Recent developing,1041.21,4,0.7160442574891454,1,0.4,Priority 3 - Nurture,Automated email nurture or product reminder,38851.33209999985,745.552441340273,1196,1501,Priority 3 - Nurture,Low-cost relationship nurture for value protection,churn-logistic-1.0.0
14109,2011-12-10,Lapsed low-value,80.2,1,0.8290318492708973,1,0.4,Priority 2 - Targeted,Targeted retention message for the next-ranked 10%,38851.33209999985,66.48835431152597,486,3377,Standard monitoring,Monitor customer value and churn risk; no paid intervention,churn-logistic-1.0.0
14110,2011-12-10,Champions,12959.6,33,0.0135314018929261,0,0.4,Standard monitoring,Normal low-cost engagement; no paid retention incentive,38851.33209999985,175.36155597156508,3374,3089,Standard monitoring,Monitor customer value and churn risk; no paid intervention,churn-logistic-1.0.0
14111,2011-12-10,Recent developing,688.6,4,0.600377248938777,1,0.4,Priority 3 - Nurture,Automated email nurture or product reminder,38851.33209999985,413.4197736192418,1700,2392,Standard monitoring,Monitor customer value and churn risk; no paid intervention,churn-logistic-1.0.0
14112,2011-12-10,Champions,5544.24,12,0.2499676383573971,0,0.4,Standard monitoring,Normal low-cost engagement; no paid retention incentive,38851.33209999985,1385.8805792866153,2826,607,Priority 2 - Targeted,Personalized retention offer for a high-value account,churn-logistic-1.0.0
14113,2011-12-10,Champions,6367.45,16,0.2358704033935385,0,0.4,Standard monitoring,Normal low-cost engagement; no paid retention incentive,38851.33209999985,1501.8930000881867,2857,520,Priority 2 - Targeted,Personalized retention offer for a high-value account,churn-logistic-1.0.0
14116,2011-12-10,Recent developing,1382.74,5,0.3307319008963089,0,0.4,Standard monitoring,Normal low-cost engagement; no paid retention incentive,38851.33209999985,457.3162286453622,2616,2255,Standard monitoring,Monitor customer value and churn risk; no paid intervention,churn-logistic-1.0.0
14117,2011-12-10,Lapsed low-value,90.0,1,0.872495045451964,1,0.4,Priority 1 - Immediate,Personalized outreach for the highest-ranked 10%; use segment and value,38851.33209999985,78.52455409067676,180,3359,Standard monitoring,Monitor customer value and churn risk; no paid intervention,churn-logistic-1.0.0
14121,2011-12-10,Recent developing,2740.3,4,0.315786367554879,0,0.4,Standard monitoring,Normal low-cost engagement; no paid retention incentive,38851.33209999985,865.3493830106349,2650,1261,Priority 3 - Nurture,Low-cost relationship nurture for value protection,churn-logistic-1.0.0
14124,2011-12-10,Lapsed low-value,419.58,1,0.8400302222850378,1,0.4,Priority 2 - Targeted,Targeted retention message for the next-ranked 10%,38851.33209999985,352.4598806663561,400,2562,Standard monitoring,Monitor customer value and churn risk; no paid intervention,churn-logistic-1.0.0
14125,2011-12-10,Recent developing,2740.43,3,0.421707132278441,1,0.4,Standard monitoring,Normal low-cost engagement; no paid retention incentive,38851.33209999985,1155.658876509808,2337,830,Priority 3 - Nurture,Low-cost relationship nurture for value protection,churn-logistic-1.0.0
14126,2011-12-10,Recent developing,1109.96,4,0.8391285439475382,1,0.4,Priority 2 - Targeted,Targeted retention message for the next-ranked 10%,38851.33209999985,931.3991186400095,408,1154,Priority 3 - Nurture,Low-cost relationship nurture for value protection,churn-logistic-1.0.0
14127,2011-12-10,At-risk established,1900.08,6,0.6869727236746115,1,0.4,Priority 3 - Nurture,Automated email nurture or product reminder,38851.33209999985,1305.3031327996557,1306,682,Priority 2 - Targeted,Personalized retention offer for a high-value account,churn-logistic-1.0.0
14128,2011-12-10,Recent developing,909.36,3,0.7952714789604451,1,0.4,Priority 3 - Nurture,Automated email nurture or product reminder,38851.33209999985,723.1880721074704,814,1559,Priority 3 - Nurture,Low-cost relationship nurture for value protection,churn-logistic-1.0.0
14129,2011-12-10,Champions,2591.34,9,0.3625406575175515,0,0.4,Standard monitoring,Normal low-cost engagement; no paid retention incentive,38851.33209999985,939.4661074515319,2536,1135,Priority 3 - Nurture,Low-cost relationship nurture for value protection,churn-logistic-1.0.0
14132,2011-12-10,Champions,3580.13,11,0.0701104398453192,0,0.4,Standard monitoring,Normal low-cost engagement; no paid retention incentive,38851.33209999985,251.00448900342263,3226,2893,Standard monitoring,Monitor customer value and churn risk; no paid intervention,churn-logistic-1.0.0
14133,2011-12-10,At-risk established,898.39,4,0.8954061070466607,1,0.4,Priority 1 - Immediate,Personalized outreach for the highest-ranked 10%; use segment and value,38851.33209999985,804.4238925096495,100,1369,Priority 3 - Nurture,Low-cost relationship nurture for value protection,churn-logistic-1.0.0
14135,2011-12-10,Champions,9605.05,24,0.0526196471175572,0,0.4,Standard monitoring,Normal low-cost engagement; no paid retention incentive,38851.33209999985,505.4143415464927,3269,2115,Standard monitoring,Monitor customer value and churn risk; no paid intervention,churn-logistic-1.0.0
14138,2011-12-10,Recent developing,982.38,2,0.5916943995333647,1,0.4,Priority 3 - Nurture,Automated email nurture or product reminder,38851.33209999985,581.2687442135867,1728,1912,Standard monitoring,Monitor customer value and churn risk; no paid intervention,churn-logistic-1.0.0
14139,2011-12-10,Recent developing,1086.8,4,0.7745165554986694,1,0.4,Priority 3 - Nurture,Automated email nurture or product reminder,38851.33209999985,841.7445925159539,966,1300,Priority 3 - Nurture,Low-cost relationship nurture for value protection,churn-logistic-1.0.0
14140,2011-12-10,Recent developing,920.05,2,0.53675080538156,1,0.4,Standard monitoring,Normal low-cost engagement; no paid retention incentive,38851.33209999985,493.8375784913042,1957,2154,Standard monitoring,Monitor customer value and churn risk; no paid intervention,churn-logistic-1.0.0
14141,2011-12-10,Recent developing,880.2800000000001,4,0.3847864245719049,0,0.4,Standard monitoring,Normal low-cost engagement; no paid retention incentive,38851.33209999985,338.7197938221565,2473,2614,Standard monitoring,Monitor customer value and churn risk; no paid intervention,churn-logistic-1.0.0
14143,2011-12-10,Lapsed low-value,115.8,1,0.867570631391021,1,0.4,Priority 1 - Immediate,Personalized outreach for the highest-ranked 10%; use segment and value,38851.33209999985,100.46467911508023,219,3301,Standard monitoring,Monitor customer value and churn risk; no paid intervention,churn-logistic-1.0.0
14145,2011-12-10,Champions,7006.05,7,0.5001599191284062,1,0.4,Standard monitoring,Normal low-cost engagement; no paid retention incentive,38851.33209999985,3504.1454014095702,2103,57,Priority 1 - Immediate,Account-manager outreach; prioritize the highest exposed customer value,churn-logistic-1.0.0
14146,2011-12-10,Champions,8202.47,12,0.2927550069602769,0,0.4,Standard monitoring,Normal low-cost engagement; no paid retention incentive,38851.33209999985,2401.3141619414623,2724,165,Priority 1 - Immediate,Account-manager outreach; prioritize the highest exposed customer value,churn-logistic-1.0.0
14147,2011-12-10,At-risk established,2035.2,9,0.6519660719676081,1,0.4,Priority 3 - Nurture,Automated email nurture or product reminder,38851.33209999985,1326.881349668476,1437,658,Priority 2 - Targeted,Personalized retention offer for a high-value account,churn-logistic-1.0.0
14150,2011-12-10,Recent developing,658.64,2,0.8451451807774015,1,0.4,Priority 2 - Targeted,Targeted retention message for the next-ranked 10%,38851.33209999985,556.6464218672278,366,1968,Standard monitoring,Monitor customer value and churn risk; no paid intervention,churn-logistic-1.0.0
14152,2011-12-10,At-risk established,1975.44,7,0.6628097685335036,1,0.4,Priority 3 - Nurture,Automated email nurture or product reminder,38851.33209999985,1309.3409291518244,1390,680,Priority 2 - Targeted,Personalized retention offer for a high-value account,churn-logistic-1.0.0
14156,2011-12-10,Exceptional high-value,298229.5,143,2.916659544744543e-07,0,0.4,Standard monitoring,Normal low-cost engagement; no paid retention incentive,38851.33209999985,0.01133161085955046,3456,3455,Standard monitoring,Monitor customer value and churn risk; no paid intervention,churn-logistic-1.0.0
14157,2011-12-10,Recent developing,970.33,5,0.6956329783076926,1,0.4,Priority 3 - Nurture,Automated email nurture or product reminder,38851.33209999985,674.9935478413033,1277,1677,Priority 3 - Nurture,Low-cost relationship nurture for value protection,churn-logistic-1.0.0
14158,2011-12-10,Recent developing,507.66,1,0.7938160020984137,1,0.4,Priority 3 - Nurture,Automated email nurture or product reminder,38851.33209999985,402.98863162528073,828,2422,Standard monitoring,Monitor customer value and churn risk; no paid intervention,churn-logistic-1.0.0
14159,2011-12-10,Champions,7602.23,20,0.0207330836648637,0,0.4,Standard monitoring,Normal low-cost engagement; no paid retention incentive,38851.33209999985,157.61767062953678,3344,3137,Standard monitoring,Monitor customer value and churn risk; no paid intervention,churn-logistic-1.0.0
14162,2011-12-10,Lapsed low-value,289.36,2,0.8235751155662325,1,0.4,Priority 2 - Targeted,Targeted retention message for the next-ranked 10%,38851.33209999985,238.30969544024506,538,2930,Standard monitoring,Monitor customer value and churn risk; no paid intervention,churn-logistic-1.0.0
14163,2011-12-10,At-risk established,2594.62,5,0.6133604585171525,1,0.4,Priority 3 - Nurture,Automated email nurture or product reminder,38851.33209999985,1591.437312877774,1639,442,Priority 2 - Targeted,Personalized retention offer for a high-value account,churn-logistic-1.0.0
14164,2011-12-10,At-risk established,1631.77,2,0.6042599562864862,1,0.4,Priority 3 - Nurture,Automated email nurture or product reminder,38851.33209999985,986.0132688695996,1680,1055,Priority 3 - Nurture,Low-cost relationship nurture for value protection,churn-logistic-1.0.0
14167,2011-12-10,At-risk established,1296.49,8,0.4533130968121758,1,0.4,Standard monitoring,Normal low-cost engagement; no paid retention incentive,38851.33209999985,587.7158968860178,2243,1895,Standard monitoring,Monitor customer value and churn risk; no paid intervention,churn-logistic-1.0.0
14171,2011-12-10,Lapsed low-value,498.79,2,0.9559908310862776,1,0.4,Priority 1 - Immediate,Personalized outreach for the highest-ranked 10%; use segment and value,38851.33209999985,476.8386666375244,2,2197,Standard monitoring,Monitor customer value and churn risk; no paid intervention,churn-logistic-1.0.0
14173,2011-12-10,Recent developing,586.0,6,0.6402775965671869,1,0.4,Priority 3 - Nurture,Automated email nurture or product reminder,38851.33209999985,375.2026715883715,1493,2497,Standard monitoring,Monitor customer value and churn risk; no paid intervention,churn-logistic-1.0.0
14174,2011-12-10,Recent developing,134.46,1,0.8042405264530488,1,0.4,Priority 3 - Nurture,Automated email nurture or product reminder,38851.33209999985,108.13818118687695,715,3278,Standard monitoring,Monitor customer value and churn risk; no paid intervention,churn-logistic-1.0.0
14175,2011-12-10,Champions,7357.58,8,0.301897134933643,0,0.4,Standard monitoring,Normal low-cost engagement; no paid retention incentive,38851.33209999985,2221.232322045073,2700,208,Priority 1 - Immediate,Account-manager outreach; prioritize the highest exposed customer value,churn-logistic-1.0.0
14177,2011-12-10,Champions,2223.89,13,0.4543433772526705,1,0.4,Standard monitoring,Normal low-cost engagement; no paid retention incentive,38851.33209999985,1010.4096932384413,2241,1017,Priority 3 - Nurture,Low-cost relationship nurture for value protection,churn-logistic-1.0.0
14178,2011-12-10,Champions,1600.93,7,0.1857551187368973,0,0.4,Standard monitoring,Normal low-cost engagement; no paid retention incentive,38851.33209999985,297.380942239461,2984,2734,Standard monitoring,Monitor customer value and churn risk; no paid intervention,churn-logistic-1.0.0
14179,2011-12-10,Recent developing,719.78,2,0.523881670596704,1,0.4,Standard monitoring,Normal low-cost engagement; no paid retention incentive,38851.33209999985,377.0795488620956,2002,2488,Standard monitoring,Monitor customer value and churn risk; no paid intervention,churn-logistic-1.0.0
14180,2011-12-10,Champions,6110.75,33,0.0578319758284459,0,0.4,Standard monitoring,Normal low-cost engagement; no paid retention incentive,38851.33209999985,353.3967462936758,3252,2558,Standard monitoring,Monitor customer value and churn risk; no paid intervention,churn-logistic-1.0.0
14184,2011-12-10,Recent developing,452.89,1,0.8207145420603531,1,0.4,Priority 2 - Targeted,Targeted retention message for the next-ranked 10%,38851.33209999985,371.6934089537133,560,2507,Standard monitoring,Monitor customer value and churn risk; no paid intervention,churn-logistic-1.0.0
14188,2011-12-10,At-risk established,2023.11,6,0.3843107261657608,0,0.4,Standard monitoring,Normal low-cost engagement; no paid retention incentive,38851.33209999985,777.5028732132123,2476,1425,Priority 3 - Nurture,Low-cost relationship nurture for value protection,churn-logistic-1.0.0
14189,2011-12-10,Champions,5764.62,16,0.0798055877546373,0,0.4,Standard monitoring,Normal low-cost engagement; no paid retention incentive,38851.33209999985,460.04888728213723,3202,2247,Standard monitoring,Monitor customer value and churn risk; no paid intervention,churn-logistic-1.0.0
14191,2011-12-10,Champions,4795.86,15,0.0374161241411496,0,0.4,Standard monitoring,Normal low-cost engagement; no paid retention incentive,38851.33209999985,179.4424931235737,3298,3075,Standard monitoring,Monitor customer value and churn risk; no paid intervention,churn-logistic-1.0.0
14193,2011-12-10,At-risk established,1210.19,3,0.7647371704756207,1,0.4,Priority 3 - Nurture,Automated email nurture or product reminder,38851.33209999985,925.4772763378915,1024,1167,Priority 3 - Nurture,Low-cost relationship nurture for value protection,churn-logistic-1.0.0
14194,2011-12-10,Champions,18444.42,36,0.0055877131643861,0,0.4,Standard monitoring,Normal low-cost engagement; no paid retention incentive,38851.33209999985,103.06212844346625,3408,3291,Standard monitoring,Monitor customer value and churn risk; no paid intervention,churn-logistic-1.0.0
14196,2011-12-10,Lapsed low-value,335.52,1,0.8535716205118606,1,0.4,Priority 1 - Immediate,Personalized outreach for the highest-ranked 10%; use segment and value,38851.33209999985,286.3903501141395,322,2776,Standard monitoring,Monitor customer value and churn risk; no paid intervention,churn-logistic-1.0.0
14198,2011-12-10,Champions,1527.58,9,0.320719576672648,0,0.4,Standard monitoring,Normal low-cost engagement; no paid retention incentive,38851.33209999985,489.9248109336036,2639,2162,Standard monitoring,Monitor customer value and churn risk; no paid intervention,churn-logistic-1.0.0
14201,2011-12-10,At-risk established,1163.84,10,0.3985634532094665,0,0.4,Standard monitoring,Normal low-cost engagement; no paid retention incentive,38851.33209999985,463.8640893833055,2422,2229,Standard monitoring,Monitor customer value and churn risk; no paid intervention,churn-logistic-1.0.0
14204,2011-12-10,Recent developing,1062.96,4,0.7050478555627534,1,0.4,Priority 3 - Nurture,Automated email nurture or product reminder,38851.33209999985,749.4376685489843,1240,1489,Priority 3 - Nurture,Low-cost relationship nurture for value protection,churn-logistic-1.0.0
14205,2011-12-10,Champions,1949.0,9,0.5344199548822749,1,0.4,Standard monitoring,Normal low-cost engagement; no paid retention incentive,38851.33209999985,1041.5844920655538,1961,986,Priority 3 - Nurture,Low-cost relationship nurture for value protection,churn-logistic-1.0.0
14208,2011-12-10,Recent developing,567.05,2,0.9226046675977376,1,0.4,Priority 1 - Immediate,Personalized outreach for the highest-ranked 10%; use segment and value,38851.33209999985,523.162976761297,49,2060,Standard monitoring,Monitor customer value and churn risk; no paid intervention,churn-logistic-1.0.0
14209,2011-12-10,Champions,4946.32,15,0.2589168667851779,0,0.4,Standard monitoring,Normal low-cost engagement; no paid retention incentive,38851.33209999985,1280.6856765168611,2801,703,Priority 3 - Nurture,Low-cost relationship nurture for value protection,churn-logistic-1.0.0
14210,2011-12-10,Champions,5814.320000000001,16,0.4320773019304242,1,0.4,Standard monitoring,Normal low-cost engagement; no paid retention incentive,38851.33209999985,2512.235698160104,2302,149,Priority 1 - Immediate,Account-manager outreach; prioritize the highest exposed customer value,churn-logistic-1.0.0
14211,2011-12-10,Champions,4302.69,18,0.1698322959906545,0,0.4,Standard monitoring,Normal low-cost engagement; no paid retention incentive,38851.33209999985,730.7357216360291,3022,1535,Priority 3 - Nurture,Low-cost relationship nurture for value protection,churn-logistic-1.0.0
14212,2011-12-10,At-risk established,2190.14,2,0.873644225196444,1,0.4,Priority 1 - Immediate,Personalized outreach for the highest-ranked 10%; use segment and value,38851.33209999985,1913.4031633717398,171,300,Priority 1 - Immediate,Account-manager outreach; prioritize the highest exposed customer value,churn-logistic-1.0.0
14214,2011-12-10,Recent developing,1000.23,5,0.4576242798687143,1,0.4,Standard monitoring,Normal low-cost engagement; no paid retention incentive,38851.33209999985,457.7295334530841,2227,2254,Standard monitoring,Monitor customer value and churn risk; no paid intervention,churn-logistic-1.0.0
14215,2011-12-10,Champions,3404.53,9,0.3675483654449222,0,0.4,Standard monitoring,Normal low-cost engagement; no paid retention incentive,38851.33209999985,1251.3294366082011,2518,738,Priority 3 - Nurture,Low-cost relationship nurture for value protection,churn-logistic-1.0.0
14216,2011-12-10,Recent developing,2142.39,5,0.4114271097058424,1,0.4,Standard monitoring,Normal low-cost engagement; no paid retention incentive,38851.33209999985,881.4373255626997,2375,1243,Priority 3 - Nurture,Low-cost relationship nurture for value protection,churn-logistic-1.0.0
14217,2011-12-10,Champions,3202.87,23,0.041342727596136,0,0.4,Standard monitoring,Normal low-cost engagement; no paid retention incentive,38851.33209999985,132.4153819358361,3291,3213,Standard monitoring,Monitor customer value and churn risk; no paid intervention,churn-logistic-1.0.0
14218,2011-12-10,Recent developing,169.48000000000002,1,0.8115309815496593,1,0.4,Priority 2 - Targeted,Targeted retention message for the next-ranked 10%,38851.33209999985,137.53827075303627,632,3196,Standard monitoring,Monitor customer value and churn risk; no paid intervention,churn-logistic-1.0.0
14219,2011-12-10,Recent developing,633.83,3,0.8649454720687669,1,0.4,Priority 1 - Immediate,Personalized outreach for the highest-ranked 10%; use segment and value,38851.33209999985,548.2283885613466,235,1989,Standard monitoring,Monitor customer value and churn risk; no paid intervention,churn-logistic-1.0.0
14221,2011-12-10,Champions,6512.54,17,0.2374078831700739,0,0.4,Standard monitoring,Normal low-cost engagement; no paid retention incentive,38851.33209999985,1546.1283354604332,2854,478,Priority 2 - Targeted,Personalized retention offer for a high-value account,churn-logistic-1.0.0
14222,2011-12-10,Lapsed low-value,683.17,1,0.8666453598873,1,0.4,Priority 1 - Immediate,Personalized outreach for the highest-ranked 10%; use segment and value,38851.33209999985,592.0661105142067,228,1881,Standard monitoring,Monitor customer value and churn risk; no paid intervention,churn-logistic-1.0.0
14223,2011-12-10,At-risk established,975.23,3,0.7177914981831726,1,0.4,Priority 3 - Nurture,Automated email nurture or product reminder,38851.33209999985,700.0118027731754,1190,1616,Priority 3 - Nurture,Low-cost relationship nurture for value protection,churn-logistic-1.0.0
14224,2011-12-10,At-risk established,1897.9,9,0.5119448199702636,1,0.4,Standard monitoring,Normal low-cost engagement; no paid retention incentive,38851.33209999985,971.6200738215634,2040,1076,Priority 3 - Nurture,Low-cost relationship nurture for value protection,churn-logistic-1.0.0
14226,2011-12-10,Champions,2968.18,6,0.4343214577376813,1,0.4,Standard monitoring,Normal low-cost engagement; no paid retention incentive,38851.33209999985,1289.1442644278309,2299,697,Priority 3 - Nurture,Low-cost relationship nurture for value protection,churn-logistic-1.0.0
14227,2011-12-10,Champions,6331.01,15,0.3252973410834118,0,0.4,Standard monitoring,Normal low-cost engagement; no paid retention incentive,38851.33209999985,2059.460719372491,2624,250,Priority 1 - Immediate,Account-manager outreach; prioritize the highest exposed customer value,churn-logistic-1.0.0
14229,2011-12-10,At-risk established,2456.39,7,0.6366005942933215,1,0.4,Priority 3 - Nurture,Automated email nurture or product reminder,38851.33209999985,1563.739333816172,1519,461,Priority 2 - Targeted,Personalized retention offer for a high-value account,churn-logistic-1.0.0
14232,2011-12-10,At-risk established,2043.93,5,0.518754930756424,1,0.4,Standard monitoring,Normal low-cost engagement; no paid retention incentive,38851.33209999985,1060.2987656209777,2015,955,Priority 3 - Nurture,Low-cost relationship nurture for value protection,churn-logistic-1.0.0
14233,2011-12-10,At-risk established,2766.96,7,0.595114088197149,1,0.4,Priority 3 - Nurture,Automated email nurture or product reminder,38851.33209999985,1646.6568774779832,1718,414,Priority 2 - Targeted,Personalized retention offer for a high-value account,churn-logistic-1.0.0
14234,2011-12-10,Recent developing,775.46,4,0.3730558071004847,0,0.4,Standard monitoring,Normal low-cost engagement; no paid retention incentive,38851.33209999985,289.28985617414185,2503,2768,Standard monitoring,Monitor customer value and churn risk; no paid intervention,churn-logistic-1.0.0
14235,2011-12-10,Champions,4666.99,9,0.5293263829491073,1,0.4,Standard monitoring,Normal low-cost engagement; no paid retention incentive,38851.33209999985,2470.360935959654,1982,157,Priority 1 - Immediate,Account-manager outreach; prioritize the highest exposed customer value,churn-logistic-1.0.0
14236,2011-12-10,At-risk established,1733.74,5,0.7267186335764094,1,0.4,Priority 3 - Nurture,Automated email nurture or product reminder,38851.33209999985,1259.9411637767641,1162,730,Priority 3 - Nurture,Low-cost relationship nurture for value protection,churn-logistic-1.0.0
14239,2011-12-10,Champions,4203.72,21,0.1670731944932948,0,0.4,Standard monitoring,Normal low-cost engagement; no paid retention incentive,38851.33209999985,702.3289291553533,3030,1610,Priority 3 - Nurture,Low-cost relationship nurture for value protection,churn-logistic-1.0.0
14240,2011-12-10,Recent developing,1247.49,3,0.7009287852769339,1,0.4,Priority 3 - Nurture,Automated email nurture or product reminder,38851.33209999985,874.4016503451223,1256,1249,Priority 3 - Nurture,Low-cost relationship nurture for value protection,churn-logistic-1.0.0
14243,2011-12-10,Champions,7365.36,17,0.1432506235157073,0,0.4,Standard monitoring,Normal low-cost engagement; no paid retention incentive,38851.33209999985,1055.09241241765,3091,964,Priority 3 - Nurture,Low-cost relationship nurture for value protection,churn-logistic-1.0.0
14246,2011-12-10,At-risk established,1474.06,3,0.7282818241895354,1,0.4,Priority 3 - Nurture,Automated email nurture or product reminder,38851.33209999985,1073.5311057648264,1157,938,Priority 3 - Nurture,Low-cost relationship nurture for value protection,churn-logistic-1.0.0
14250,2011-12-10,Recent developing,1904.05,3,0.6146757516775618,1,0.4,Priority 3 - Nurture,Automated email nurture or product reminder,38851.33209999985,1170.3733649816616,1633,815,Priority 3 - Nurture,Low-cost relationship nurture for value protection,churn-logistic-1.0.0
14251,2011-12-10,Champions,2879.7000000000003,5,0.2904835455869271,0,0.4,Standard monitoring,Normal low-cost engagement; no paid retention incentive,38851.33209999985,836.5054662266741,2733,1309,Priority 3 - Nurture,Low-cost relationship nurture for value protection,churn-logistic-1.0.0
14257,2011-12-10,Champions,5954.45,9,0.3649088587844435,0,0.4,Standard monitoring,Normal low-cost engagement; no paid retention incentive,38851.33209999985,2172.8315541890297,2525,219,Priority 1 - Immediate,Account-manager outreach; prioritize the highest exposed customer value,churn-logistic-1.0.0
14258,2011-12-10,Champions,31342.65,25,0.1178108527176927,0,0.4,Standard monitoring,Normal low-cost engagement; no paid retention incentive,38851.33209999985,3692.5043229321914,3130,51,Priority 1 - Immediate,Account-manager outreach; prioritize the highest exposed customer value,churn-logistic-1.0.0
14259,2011-12-10,Lapsed low-value,120.0,1,0.8708108545512286,1,0.4,Priority 1 - Immediate,Personalized outreach for the highest-ranked 10%; use segment and value,38851.33209999985,104.49730254614744,194,3286,Standard monitoring,Monitor customer value and churn risk; no paid intervention,churn-logistic-1.0.0
14261,2011-12-10,Recent developing,1163.45,2,0.587900026377964,1,0.4,Standard monitoring,Normal low-cost engagement; no paid retention incentive,38851.33209999985,683.9922856894423,1741,1659,Priority 3 - Nurture,Low-cost relationship nurture for value protection,churn-logistic-1.0.0
14262,2011-12-10,Champions,2618.23,8,0.140816557464312,0,0.4,Standard monitoring,Normal low-cost engagement; no paid retention incentive,38851.33209999985,368.69013524978556,3093,2514,Standard monitoring,Monitor customer value and churn risk; no paid intervention,churn-logistic-1.0.0
14264,2011-12-10,At-risk established,1461.36,6,0.6982370939061743,1,0.4,Priority 3 - Nurture,Automated email nurture or product reminder,38851.33209999985,1020.3757595507268,1268,1003,Priority 3 - Nurture,Low-cost relationship nurture for value protection,churn-logistic-1.0.0
14265,2011-12-10,At-risk established,1373.35,4,0.7598866072709634,1,0.4,Priority 3 - Nurture,Automated email nurture or product reminder,38851.33209999985,1043.5902720955773,1047,981,Priority 3 - Nurture,Low-cost relationship nurture for value protection,churn-logistic-1.0.0
14267,2011-12-10,At-risk established,1279.09,3,0.7850681682622317,1,0.4,Priority 3 - Nurture,Automated email nurture or product reminder,38851.33209999985,1004.1728433425378,909,1030,Priority 3 - Nurture,Low-cost relationship nurture for value protection,churn-logistic-1.0.0
14272,2011-12-10,At-risk established,920.81,4,0.7997033211488994,1,0.4,Priority 3 - Nurture,Automated email nurture or product reminder,38851.33209999985,736.374815147118,774,1522,Priority 3 - Nurture,Low-cost relationship nurture for value protection,churn-logistic-1.0.0
14273,2011-12-10,Recent developing,559.97,4,0.6476789503408731,1,0.4,Priority 3 - Nurture,Automated email nurture or product reminder,38851.33209999985,362.6807818223787,1457,2536,Standard monitoring,Monitor customer value and churn risk; no paid intervention,churn-logistic-1.0.0
14276,2011-12-10,At-risk established,1933.73,7,0.6282368734508479,1,0.4,Priority 3 - Nurture,Automated email nurture or product reminder,38851.33209999985,1214.8404892981082,1563,770,Priority 3 - Nurture,Low-cost relationship nurture for value protection,churn-logistic-1.0.0
14277,2011-12-10,Champions,4761.08,8,0.3324303869734632,0,0.4,Standard monitoring,Normal low-cost engagement; no paid retention incentive,38851.33209999985,1582.7276668116162,2611,447,Priority 2 - Targeted,Personalized retention offer for a high-value account,churn-logistic-1.0.0
14282,2011-12-10,Champions,7844.66,25,0.0263198196873565,0,0.4,Standard monitoring,Normal low-cost engagement; no paid retention incentive,38851.33209999985,206.47003670861804,3324,3013,Standard monitoring,Monitor customer value and churn risk; no paid intervention,churn-logistic-1.0.0
14284,2011-12-10,Recent developing,1282.85,3,0.8725175899578222,1,0.4,Priority 1 - Immediate,Personalized outreach for the highest-ranked 10%; use segment and value,38851.33209999985,1119.3091902773922,179,880,Priority 3 - Nurture,Low-cost relationship nurture for value protection,churn-logistic-1.0.0
14285,2011-12-10,Champions,3284.42,8,0.2931790569551771,0,0.4,Standard monitoring,Normal low-cost engagement; no paid retention incentive,38851.33209999985,962.9231582447228,2723,1097,Priority 3 - Nurture,Low-cost relationship nurture for value protection,churn-logistic-1.0.0
14286,2011-12-10,Champions,8396.7,7,0.3602379673676195,0,0.4,Standard monitoring,Normal low-cost engagement; no paid retention incentive,38851.33209999985,3024.810140595691,2543,89,Priority 1 - Immediate,Account-manager outreach; prioritize the highest exposed customer value,churn-logistic-1.0.0
14287,2011-12-10,Recent developing,156.23000000000002,3,0.771158056844705,1,0.4,Priority 3 - Nurture,Automated email nurture or product reminder,38851.33209999985,120.47802322084827,991,3247,Standard monitoring,Monitor customer value and churn risk; no paid intervention,churn-logistic-1.0.0
14289,2011-12-10,Recent developing,911.26,6,0.5111693689948056,1,0.4,Standard monitoring,Normal low-cost engagement; no paid retention incentive,38851.33209999985,465.80819919020655,2044,2223,Standard monitoring,Monitor customer value and churn risk; no paid intervention,churn-logistic-1.0.0
14290,2011-12-10,Champions,4478.91,8,0.2844727596790604,0,0.4,Standard monitoring,Normal low-cost engagement; no paid retention incentive,38851.33209999985,1274.1278880541404,2745,718,Priority 3 - Nurture,Low-cost relationship nurture for value protection,churn-logistic-1.0.0
14291,2011-12-10,Champions,7844.4,23,0.1289664604944106,0,0.4,Standard monitoring,Normal low-cost engagement; no paid retention incentive,38851.33209999985,1011.6645027023545,3121,1015,Priority 3 - Nurture,Low-cost relationship nurture for value protection,churn-logistic-1.0.0
14292,2011-12-10,Champions,8927.75,16,0.17455802081419,0,0.4,Standard monitoring,Normal low-cost engagement; no paid retention incentive,38851.33209999985,1558.4103703238848,3009,467,Priority 2 - Targeted,Personalized retention offer for a high-value account,churn-logistic-1.0.0
14293,2011-12-10,Champions,3174.33,9,0.4380186182772713,1,0.4,Standard monitoring,Normal low-cost engagement; no paid retention incentive,38851.33209999985,1390.4156405560905,2290,600,Priority 2 - Targeted,Personalized retention offer for a high-value account,churn-logistic-1.0.0
14295,2011-12-10,At-risk established,2317.56,4,0.7670126933577018,1,0.4,Priority 3 - Nurture,Automated email nurture or product reminder,38851.33209999985,1777.5979376180753,1016,354,Priority 2 - Targeted,Personalized retention offer for a high-value account,churn-logistic-1.0.0
14297,2011-12-10,Recent developing,1290.48,4,0.5312962348906005,1,0.4,Standard monitoring,Normal low-cost engagement; no paid retention incentive,38851.33209999985,685.6271652016221,1972,1652,Priority 3 - Nurture,Low-cost relationship nurture for value protection,churn-logistic-1.0.0
14298,2011-12-10,Exceptional high-value,90489.31,82,0.0007333791082601,0,0.4,Standard monitoring,Normal low-cost engagement; no paid retention incentive,38851.33209999985,28.492755290214888,3440,3423,Standard monitoring,Monitor customer value and churn risk; no paid intervention,churn-logistic-1.0.0
14299,2011-12-10,Champions,12825.82,26,0.0655988653895301,0,0.4,Standard monitoring,Normal low-cost engagement; no paid retention incentive,38851.33209999985,841.3592396903429,3233,1301,Priority 3 - Nurture,Low-cost relationship nurture for value protection,churn-logistic-1.0.0
14300,2011-12-10,Recent developing,43.2,1,0.8057027803776429,1,0.4,Priority 3 - Nurture,Automated email nurture or product reminder,38851.33209999985,34.806360112314174,702,3413,Standard monitoring,Monitor customer value and churn risk; no paid intervention,churn-logistic-1.0.0
14301,2011-12-10,At-risk established,1956.51,4,0.7857304867766809,1,0.4,Priority 3 - Nurture,Automated email nurture or product reminder,38851.33209999985,1537.2895546834438,905,489,Priority 2 - Targeted,Personalized retention offer for a high-value account,churn-logistic-1.0.0
14305,2011-12-10,At-risk established,1803.76,3,0.5434606308232299,1,0.4,Standard monitoring,Normal low-cost engagement; no paid retention incentive,38851.33209999985,980.2725474537092,1938,1061,Priority 3 - Nurture,Low-cost relationship nurture for value protection,churn-logistic-1.0.0
14306,2011-12-10,At-risk established,3141.5,6,0.5587305936516858,1,0.4,Standard monitoring,Normal low-cost engagement; no paid retention incentive,38851.33209999985,1755.2521599567708,1876,363,Priority 2 - Targeted,Personalized retention offer for a high-value account,churn-logistic-1.0.0
14307,2011-12-10,Champions,5063.08,10,0.3833363708153977,0,0.4,Standard monitoring,Normal low-cost engagement; no paid retention incentive,38851.33209999985,1940.8627123480237,2481,291,Priority 1 - Immediate,Account-manager outreach; prioritize the highest exposed customer value,churn-logistic-1.0.0
14309,2011-12-10,Champions,3747.96,11,0.245105366331684,0,0.4,Standard monitoring,Normal low-cost engagement; no paid retention incentive,38851.33209999985,918.6451087964984,2834,1178,Priority 3 - Nurture,Low-cost relationship nurture for value protection,churn-logistic-1.0.0
14312,2011-12-10,Champions,3090.29,11,0.3852964705985708,0,0.4,Standard monitoring,Normal low-cost engagement; no paid retention incentive,38851.33209999985,1190.6778301260574,2470,794,Priority 3 - Nurture,Low-cost relationship nurture for value protection,churn-logistic-1.0.0
14314,2011-12-10,Lapsed low-value,221.9,2,0.8921520641690418,1,0.4,Priority 1 - Immediate,Personalized outreach for the highest-ranked 10%; use segment and value,38851.33209999985,197.9685430391104,110,3032,Standard monitoring,Monitor customer value and churn risk; no paid intervention,churn-logistic-1.0.0
14315,2011-12-10,Champions,3168.72,8,0.4189091559884229,1,0.4,Standard monitoring,Normal low-cost engagement; no paid retention incentive,38851.33209999985,1327.4058207636353,2355,657,Priority 2 - Targeted,Personalized retention offer for a high-value account,churn-logistic-1.0.0
14317,2011-12-10,Recent developing,508.58,1,0.8187803164987545,1,0.4,Priority 2 - Targeted,Targeted retention message for the next-ranked 10%,38851.33209999985,416.41529336493653,571,2379,Standard monitoring,Monitor customer value and churn risk; no paid intervention,churn-logistic-1.0.0
14321,2011-12-10,Champions,2207.08,7,0.3204108080396005,0,0.4,Standard monitoring,Normal low-cost engagement; no paid retention incentive,38851.33209999985,707.1722862080414,2641,1597,Priority 3 - Nurture,Low-cost relationship nurture for value protection,churn-logistic-1.0.0
14323,2011-12-10,Lapsed low-value,574.26,2,0.7927963053917507,1,0.4,Priority 3 - Nurture,Automated email nurture or product reminder,38851.33209999985,455.27120633426676,843,2262,Standard monitoring,Monitor customer value and churn risk; no paid intervention,churn-logistic-1.0.0
14327,2011-12-10,At-risk established,1894.93,6,0.6983225592814444,1,0.4,Priority 3 - Nurture,Automated email nurture or product reminder,38851.33209999985,1323.2723672591874,1267,663,Priority 2 - Targeted,Personalized retention offer for a high-value account,churn-logistic-1.0.0
14329,2011-12-10,Champions,9735.52,15,0.1190208566521714,0,0.4,Standard monitoring,Normal low-cost engagement; no paid retention incentive,38851.33209999985,1158.7299303543477,3129,827,Priority 3 - Nurture,Low-cost relationship nurture for value protection,churn-logistic-1.0.0
14331,2011-12-10,Lapsed low-value,462.66,2,0.7062718730832537,1,0.4,Priority 3 - Nurture,Automated email nurture or product reminder,38851.33209999985,326.7637448006982,1238,2639,Standard monitoring,Monitor customer value and churn risk; no paid intervention,churn-logistic-1.0.0
14332,2011-12-10,Recent developing,1943.51,5,0.4882938745659403,1,0.4,Standard monitoring,Normal low-cost engagement; no paid retention incentive,38851.33209999985,949.0040281576506,2137,1124,Priority 3 - Nurture,Low-cost relationship nurture for value protection,churn-logistic-1.0.0
14333,2011-12-10,Lapsed low-value,351.45,1,0.8192461879465198,1,0.4,Priority 2 - Targeted,Targeted retention message for the next-ranked 10%,38851.33209999985,287.9240727538044,568,2771,Standard monitoring,Monitor customer value and churn risk; no paid intervention,churn-logistic-1.0.0
14334,2011-12-10,Champions,4292.98,12,0.2970112674123557,0,0.4,Standard monitoring,Normal low-cost engagement; no paid retention incentive,38851.33209999985,1275.0634307758946,2711,714,Priority 3 - Nurture,Low-cost relationship nurture for value protection,churn-logistic-1.0.0
14335,2011-12-10,Recent developing,468.26,2,0.6228664026548917,1,0.4,Priority 3 - Nurture,Automated email nurture or product reminder,38851.33209999985,291.66342170717957,1595,2759,Standard monitoring,Monitor customer value and churn risk; no paid intervention,churn-logistic-1.0.0
14336,2011-12-10,Recent developing,1614.91,4,0.6579476945193209,1,0.4,Priority 3 - Nurture,Automated email nurture or product reminder,38851.33209999985,1062.5263113561966,1405,950,Priority 3 - Nurture,Low-cost relationship nurture for value protection,churn-logistic-1.0.0
14338,2011-12-10,At-risk established,902.35,3,0.8843560010508255,1,0.4,Priority 1 - Immediate,Personalized outreach for the highest-ranked 10%; use segment and value,38851.33209999985,797.9986375482124,123,1379,Priority 3 - Nurture,Low-cost relationship nurture for value protection,churn-logistic-1.0.0
14341,2011-12-10,Champions,4443.47,18,0.3097555889304275,0,0.4,Standard monitoring,Normal low-cost engagement; no paid retention incentive,38851.33209999985,1376.3896667446868,2673,615,Priority 2 - Targeted,Personalized retention offer for a high-value account,churn-logistic-1.0.0
14342,2011-12-10,Recent developing,843.74,6,0.4684302541553095,1,0.4,Standard monitoring,Normal low-cost engagement; no paid retention incentive,38851.33209999985,395.23334264100083,2194,2445,Standard monitoring,Monitor customer value and churn risk; no paid intervention,churn-logistic-1.0.0
14344,2011-12-10,Champions,3333.7000000000003,20,0.4040311381242253,1,0.4,Standard monitoring,Normal low-cost engagement; no paid retention incentive,38851.33209999985,1346.91860516473,2400,647,Priority 2 - Targeted,Personalized retention offer for a high-value account,churn-logistic-1.0.0
14345,2011-12-10,Lapsed low-value,108.98,1,0.8127608656979082,1,0.4,Priority 2 - Targeted,Targeted retention message for the next-ranked 10%,38851.33209999985,88.57467914375803,623,3341,Standard monitoring,Monitor customer value and churn risk; no paid intervention,churn-logistic-1.0.0
14346,2011-12-10,At-risk established,2315.75,5,0.7352310707103737,1,0.4,Priority 3 - Nurture,Automated email nurture or product reminder,38851.33209999985,1702.611351997548,1129,380,Priority 2 - Targeted,Personalized retention offer for a high-value account,churn-logistic-1.0.0
14349,2011-12-10,Recent developing,133.5,1,0.7910000204858952,1,0.4,Priority 3 - Nurture,Automated email nurture or product reminder,38851.33209999985,105.59850273486701,863,3281,Standard monitoring,Monitor customer value and churn risk; no paid intervention,churn-logistic-1.0.0
14351,2011-12-10,Lapsed low-value,51.0,1,0.8804446432206006,1,0.4,Priority 1 - Immediate,Personalized outreach for the highest-ranked 10%; use segment and value,38851.33209999985,44.90267680425063,135,3403,Standard monitoring,Monitor customer value and churn risk; no paid intervention,churn-logistic-1.0.0
14352,2011-12-10,At-risk established,1078.96,4,0.782945337665797,1,0.4,Priority 3 - Nurture,Automated email nurture or product reminder,38851.33209999985,844.7667015278884,931,1293,Priority 3 - Nurture,Low-cost relationship nurture for value protection,churn-logistic-1.0.0
14354,2011-12-10,Recent developing,163.62,2,0.5816217714898724,1,0.4,Standard monitoring,Normal low-cost engagement; no paid retention incentive,38851.33209999985,95.16495425117292,1778,3319,Standard monitoring,Monitor customer value and churn risk; no paid intervention,churn-logistic-1.0.0
14356,2011-12-10,Recent developing,682.24,2,0.6053583446471887,1,0.4,Priority 3 - Nurture,Automated email nurture or product reminder,38851.33209999985,412.99967705209804,1675,2396,Standard monitoring,Monitor customer value and churn risk; no paid intervention,churn-logistic-1.0.0
14357,2011-12-10,Recent developing,225.77,1,0.8026100787948769,1,0.4,Priority 3 - Nurture,Automated email nurture or product reminder,38851.33209999985,181.20527748951937,732,3073,Standard monitoring,Monitor customer value and churn risk; no paid intervention,churn-logistic-1.0.0
14359,2011-12-10,Recent developing,882.58,3,0.5003225155171575,1,0.4,Standard monitoring,Normal low-cost engagement; no paid retention incentive,38851.33209999985,441.57464574513284,2101,2308,Standard monitoring,Monitor customer value and churn risk; no paid intervention,churn-logistic-1.0.0
14360,2011-12-10,Recent developing,2128.23,4,0.4605419529237792,1,0.4,Standard monitoring,Normal low-cost engagement; no paid retention incentive,38851.33209999985,980.1392004709746,2216,1063,Priority 3 - Nurture,Low-cost relationship nurture for value protection,churn-logistic-1.0.0
14362,2011-12-10,Recent developing,161.2,1,0.7944611185512456,1,0.4,Priority 3 - Nurture,Automated email nurture or product reminder,38851.33209999985,128.06713231046078,820,3225,Standard monitoring,Monitor customer value and churn risk; no paid intervention,churn-logistic-1.0.0
14364,2011-12-10,At-risk established,3717.35,8,0.5820475971905018,1,0.4,Standard monitoring,Normal low-cost engagement; no paid retention incentive,38851.33209999985,2163.674635416112,1775,222,Priority 1 - Immediate,Account-manager outreach; prioritize the highest exposed customer value,churn-logistic-1.0.0
14367,2011-12-10,Champions,9167.82,16,0.0503982115029358,0,0.4,Standard monitoring,Normal low-cost engagement; no paid retention incentive,38851.33209999985,462.0417313808449,3275,2240,Standard monitoring,Monitor customer value and churn risk; no paid intervention,churn-logistic-1.0.0
14379,2011-12-10,Recent developing,1268.91,4,0.6774545508511288,1,0.4,Priority 3 - Nurture,Automated email nurture or product reminder,38851.33209999985,859.6288541205059,1340,1270,Priority 3 - Nurture,Low-cost relationship nurture for value protection,churn-logistic-1.0.0
14381,2011-12-10,Recent developing,631.34,2,0.8682320372862405,1,0.4,Priority 1 - Immediate,Personalized outreach for the highest-ranked 10%; use segment and value,38851.33209999985,548.1496144202952,212,1990,Standard monitoring,Monitor customer value and churn risk; no paid intervention,churn-logistic-1.0.0
14382,2011-12-10,Recent developing,1246.8,2,0.8037583550164681,1,0.4,Priority 3 - Nurture,Automated email nurture or product reminder,38851.33209999985,1002.1259170345323,722,1034,Priority 3 - Nurture,Low-cost relationship nurture for value protection,churn-logistic-1.0.0
14383,2011-12-10,Recent developing,1247.69,3,0.5477331379714095,1,0.4,Standard monitoring,Normal low-cost engagement; no paid retention incentive,38851.33209999985,683.401158915548,1923,1661,Priority 3 - Nurture,Low-cost relationship nurture for value protection,churn-logistic-1.0.0
14385,2011-12-10,Recent developing,202.11,3,0.4883922805688777,1,0.4,Standard monitoring,Normal low-cost engagement; no paid retention incentive,38851.33209999985,98.70896382577587,2136,3306,Standard monitoring,Monitor customer value and churn risk; no paid intervention,churn-logistic-1.0.0
14387,2011-12-10,Recent developing,1770.56,3,0.4455848520139504,1,0.4,Standard monitoring,Normal low-cost engagement; no paid retention incentive,38851.33209999985,788.93471558182,2265,1396,Priority 3 - Nurture,Low-cost relationship nurture for value protection,churn-logistic-1.0.0
14388,2011-12-10,Champions,6589.3,16,0.1344837233031378,0,0.4,Standard monitoring,Normal low-cost engagement; no paid retention incentive,38851.33209999985,886.1535979613659,3109,1237,Priority 3 - Nurture,Low-cost relationship nurture for value protection,churn-logistic-1.0.0
14389,2011-12-10,At-risk established,1840.07,5,0.628769453930709,1,0.4,Priority 3 - Nurture,Automated email nurture or product reminder,38851.33209999985,1156.9798090942797,1556,829,Priority 3 - Nurture,Low-cost relationship nurture for value protection,churn-logistic-1.0.0
14390,2011-12-10,Champions,6323.33,13,0.1320538205107216,0,0.4,Standard monitoring,Normal low-cost engagement; no paid retention incentive,38851.33209999985,835.0198848500612,3116,1311,Priority 3 - Nurture,Low-cost relationship nurture for value protection,churn-logistic-1.0.0
14395,2011-12-10,Champions,8162.31,20,0.1077991661030733,0,0.4,Standard monitoring,Normal low-cost engagement; no paid retention incentive,38851.33209999985,879.8902114747763,3155,1246,Priority 3 - Nurture,Low-cost relationship nurture for value protection,churn-logistic-1.0.0
14396,2011-12-10,At-risk established,2121.93,7,0.6336243145939847,1,0.4,Priority 3 - Nurture,Automated email nurture or product reminder,38851.33209999985,1344.506441866414,1531,648,Priority 2 - Targeted,Personalized retention offer for a high-value account,churn-logistic-1.0.0
14397,2011-12-10,Champions,2567.18,19,0.0122447661515215,0,0.4,Standard monitoring,Normal low-cost engagement; no paid retention incentive,38851.33209999985,31.43451876886296,3379,3417,Standard monitoring,Monitor customer value and churn risk; no paid intervention,churn-logistic-1.0.0
14400,2011-12-10,At-risk established,1703.0,3,0.8141986433295202,1,0.4,Priority 2 - Targeted,Targeted retention message for the next-ranked 10%,38851.33209999985,1386.580289590173,612,606,Priority 2 - Targeted,Personalized retention offer for a high-value account,churn-logistic-1.0.0
14401,2011-12-10,Champions,6703.4,22,0.0586849921763286,0,0.4,Standard monitoring,Normal low-cost engagement; no paid retention incentive,38851.33209999985,393.38897655480116,3249,2451,Standard monitoring,Monitor customer value and churn risk; no paid intervention,churn-logistic-1.0.0
14403,2011-12-10,At-risk established,1822.76,6,0.7014799278975232,1,0.4,Priority 3 - Nurture,Automated email nurture or product reminder,38851.33209999985,1278.6295533744894,1254,705,Priority 3 - Nurture,Low-cost relationship nurture for value protection,churn-logistic-1.0.0
14404,2011-12-10,Champions,2800.11,13,0.3131694990737794,0,0.4,Standard monitoring,Normal low-cost engagement; no paid retention incentive,38851.33209999985,876.9090460514805,2664,1248,Priority 3 - Nurture,Low-cost relationship nurture for value protection,churn-logistic-1.0.0
14406,2011-12-10,Lapsed low-value,156.75,1,0.8616252679486407,1,0.4,Priority 1 - Immediate,Personalized outreach for the highest-ranked 10%; use segment and value,38851.33209999985,135.05976075094944,261,3201,Standard monitoring,Monitor customer value and churn risk; no paid intervention,churn-logistic-1.0.0
14407,2011-12-10,At-risk established,2096.08,5,0.6456081609581764,1,0.4,Priority 3 - Nurture,Automated email nurture or product reminder,38851.33209999985,1353.2463540212143,1469,640,Priority 2 - Targeted,Personalized retention offer for a high-value account,churn-logistic-1.0.0
14408,2011-12-10,Champions,4109.77,11,0.3070592465764525,0,0.4,Standard monitoring,Normal low-cost engagement; no paid retention incentive,38851.33209999985,1261.9428798025074,2685,729,Priority 3 - Nurture,Low-cost relationship nurture for value protection,churn-logistic-1.0.0
14409,2011-12-10,Champions,3453.69,9,0.4667934952729017,1,0.4,Standard monitoring,Normal low-cost engagement; no paid retention incentive,38851.33209999985,1612.160026689068,2203,427,Priority 2 - Targeted,Personalized retention offer for a high-value account,churn-logistic-1.0.0
14410,2011-12-10,At-risk established,2154.35,11,0.2506634561995458,0,0.4,Standard monitoring,Normal low-cost engagement; no paid retention incentive,38851.33209999985,540.0168168634914,2825,2013,Standard monitoring,Monitor customer value and churn risk; no paid intervention,churn-logistic-1.0.0
14412,2011-12-10,Recent developing,1417.49,3,0.779971761147693,1,0.4,Priority 3 - Nurture,Automated email nurture or product reminder,38851.33209999985,1105.6021717092433,944,902,Priority 3 - Nurture,Low-cost relationship nurture for value protection,churn-logistic-1.0.0
14414,2011-12-10,At-risk established,2387.48,8,0.5268201191053397,1,0.4,Standard monitoring,Normal low-cost engagement; no paid retention incentive,38851.33209999985,1257.7724979616164,1988,733,Priority 3 - Nurture,Low-cost relationship nurture for value protection,churn-logistic-1.0.0
14415,2011-12-10,Champions,11933.27,23,0.0234446546749291,0,0.4,Standard monitoring,Normal low-cost engagement; no paid retention incentive,38851.33209999985,279.7713942926912,3336,2801,Standard monitoring,Monitor customer value and churn risk; no paid intervention,churn-logistic-1.0.0
14416,2011-12-10,Recent developing,490.22,2,0.5782352501678348,1,0.4,Standard monitoring,Normal low-cost engagement; no paid retention incentive,38851.33209999985,283.462484337276,1792,2789,Standard monitoring,Monitor customer value and churn risk; no paid intervention,churn-logistic-1.0.0
14418,2011-12-10,Recent developing,1937.25,3,0.4410294656989901,1,0.4,Standard monitoring,Normal low-cost engagement; no paid retention incentive,38851.33209999985,854.3843324253686,2279,1279,Priority 3 - Nurture,Low-cost relationship nurture for value protection,churn-logistic-1.0.0
14419,2011-12-10,Recent developing,1260.91,7,0.3463878283395641,0,0.4,Standard monitoring,Normal low-cost engagement; no paid retention incentive,38851.33209999985,436.7638766316398,2579,2321,Standard monitoring,Monitor customer value and churn risk; no paid intervention,churn-logistic-1.0.0
14420,2011-12-10,At-risk established,1627.72,4,0.7658631352009627,1,0.4,Priority 3 - Nurture,Automated email nurture or product reminder,38851.33209999985,1246.6107424293111,1018,741,Priority 3 - Nurture,Low-cost relationship nurture for value protection,churn-logistic-1.0.0
14421,2011-12-10,At-risk established,2456.62,6,0.6627688219328124,1,0.4,Priority 3 - Nurture,Automated email nurture or product reminder,38851.33209999985,1628.1711433365856,1391,421,Priority 2 - Targeted,Personalized retention offer for a high-value account,churn-logistic-1.0.0
14422,2011-12-10,Champions,10197.32,19,0.0578835363428493,0,0.4,Standard monitoring,Normal low-cost engagement; no paid retention incentive,38851.33209999985,590.256942819664,3251,1888,Standard monitoring,Monitor customer value and churn risk; no paid intervention,churn-logistic-1.0.0
14424,2011-12-10,Recent developing,322.08,1,0.7969529400211309,1,0.4,Priority 3 - Nurture,Automated email nurture or product reminder,38851.33209999985,256.68260292200586,798,2879,Standard monitoring,Monitor customer value and churn risk; no paid intervention,churn-logistic-1.0.0
14426,2011-12-10,Champions,11146.75,17,0.0581326951331062,0,0.4,Standard monitoring,Normal low-cost engagement; no paid retention incentive,38851.33209999985,647.9906194749515,3250,1746,Standard monitoring,Monitor customer value and churn risk; no paid intervention,churn-logistic-1.0.0
14427,2011-12-10,At-risk established,1263.52,4,0.7172390139112592,1,0.4,Priority 3 - Nurture,Automated email nurture or product reminder,38851.33209999985,906.2458388571542,1191,1204,Priority 3 - Nurture,Low-cost relationship nurture for value protection,churn-logistic-1.0.0
14428,2011-12-10,Recent developing,1229.38,5,0.4409294961256437,1,0.4,Standard monitoring,Normal low-cost engagement; no paid retention incentive,38851.33209999985,542.0699039469439,2281,2004,Standard monitoring,Monitor customer value and churn risk; no paid intervention,churn-logistic-1.0.0
14432,2011-12-10,Champions,2255.51,6,0.2009082717121892,0,0.4,Standard monitoring,Normal low-cost engagement; no paid retention incentive,38851.33209999985,453.1506159295599,2947,2272,Standard monitoring,Monitor customer value and churn risk; no paid intervention,churn-logistic-1.0.0
14434,2011-12-10,Recent developing,1372.8,6,0.3095020113283121,0,0.4,Standard monitoring,Normal low-cost engagement; no paid retention incentive,38851.33209999985,424.8843611515069,2675,2357,Standard monitoring,Monitor customer value and churn risk; no paid intervention,churn-logistic-1.0.0
14436,2011-12-10,Lapsed low-value,271.70000000000005,2,0.9275961655987532,1,0.4,Priority 1 - Immediate,Personalized outreach for the highest-ranked 10%; use segment and value,38851.33209999985,252.0278781931813,37,2888,Standard monitoring,Monitor customer value and churn risk; no paid intervention,churn-logistic-1.0.0
14440,2011-12-10,Champions,6529.9800000000005,12,0.2756483170315165,0,0.4,Standard monitoring,Normal low-cost engagement; no paid retention incentive,38851.33209999985,1799.977997249462,2758,346,Priority 1 - Immediate,Account-manager outreach; prioritize the highest exposed customer value,churn-logistic-1.0.0
14441,2011-12-10,Champions,4408.29,11,0.2332641837501139,0,0.4,Standard monitoring,Normal low-cost engagement; no paid retention incentive,38851.33209999985,1028.2961685837895,2862,995,Priority 3 - Nurture,Low-cost relationship nurture for value protection,churn-logistic-1.0.0
14443,2011-12-10,At-risk established,2365.48,5,0.5645996103758624,1,0.4,Standard monitoring,Normal low-cost engagement; no paid retention incentive,38851.33209999985,1335.5490863518949,1852,653,Priority 2 - Targeted,Personalized retention offer for a high-value account,churn-logistic-1.0.0
14446,2011-12-10,Recent developing,1236.51,5,0.4042645525190123,1,0.4,Standard monitoring,Normal low-cost engagement; no paid retention incentive,38851.33209999985,499.87716183528386,2399,2130,Standard monitoring,Monitor customer value and churn risk; no paid intervention,churn-logistic-1.0.0
14447,2011-12-10,Recent developing,1711.73,6,0.5533559499540105,1,0.4,Standard monitoring,Normal low-cost engagement; no paid retention incentive,38851.33209999985,947.1959802147784,1898,1125,Priority 3 - Nurture,Low-cost relationship nurture for value protection,churn-logistic-1.0.0
14448,2011-12-10,Recent developing,375.35,2,0.8528893393539935,1,0.4,Priority 1 - Immediate,Personalized outreach for the highest-ranked 10%; use segment and value,38851.33209999985,320.13201352652146,326,2659,Standard monitoring,Monitor customer value and churn risk; no paid intervention,churn-logistic-1.0.0
14449,2011-12-10,Champions,2482.8,8,0.3883894459010538,0,0.4,Standard monitoring,Normal low-cost engagement; no paid retention incentive,38851.33209999985,964.2933162831364,2456,1091,Priority 3 - Nurture,Low-cost relationship nurture for value protection,churn-logistic-1.0.0
14451,2011-12-10,Champions,3265.59,12,0.4040220086822525,1,0.4,Standard monitoring,Normal low-cost engagement; no paid retention incentive,38851.33209999985,1319.3702313326771,2401,668,Priority 2 - Targeted,Personalized retention offer for a high-value account,churn-logistic-1.0.0
14452,2011-12-10,Recent developing,665.59,4,0.5988966652355542,1,0.4,Priority 3 - Nurture,Automated email nurture or product reminder,38851.33209999985,398.6196314141325,1704,2435,Standard monitoring,Monitor customer value and churn risk; no paid intervention,churn-logistic-1.0.0
14456,2011-12-10,Champions,3045.92,9,0.0454878444183713,0,0.4,Standard monitoring,Normal low-cost engagement; no paid retention incentive,38851.33209999985,138.55233507080553,3284,3193,Standard monitoring,Monitor customer value and churn risk; no paid intervention,churn-logistic-1.0.0
14459,2011-12-10,At-risk established,5375.74,2,0.9068627382570978,1,0.4,Priority 1 - Immediate,Personalized outreach for the highest-ranked 10%; use segment and value,38851.33209999985,4875.058296558211,79,25,Priority 1 - Immediate,Account-manager outreach; prioritize the highest exposed customer value,churn-logistic-1.0.0
14460,2011-12-10,At-risk established,919.6,8,0.6059166927477927,1,0.4,Priority 3 - Nurture,Automated email nurture or product reminder,38851.33209999985,557.2009906508702,1672,1966,Standard monitoring,Monitor customer value and churn risk; no paid intervention,churn-logistic-1.0.0
14461,2011-12-10,Champions,6697.21,13,0.3334258468111562,0,0.4,Standard monitoring,Normal low-cost engagement; no paid retention incentive,38851.33209999985,2233.0229155221436,2609,204,Priority 1 - Immediate,Account-manager outreach; prioritize the highest exposed customer value,churn-logistic-1.0.0
14462,2011-12-10,Champions,2236.96,12,0.3246776117338377,0,0.4,Standard monitoring,Normal low-cost engagement; no paid retention incentive,38851.33209999985,726.2908303441255,2626,1554,Priority 3 - Nurture,Low-cost relationship nurture for value protection,churn-logistic-1.0.0
14463,2011-12-10,At-risk established,786.5699999999999,4,0.750546830298441,1,0.4,Priority 3 - Nurture,Automated email nurture or product reminder,38851.33209999985,590.3576203078447,1082,1887,Standard monitoring,Monitor customer value and churn risk; no paid intervention,churn-logistic-1.0.0
14466,2011-12-10,Champions,4646.9,13,0.2586344467610715,0,0.4,Standard monitoring,Normal low-cost engagement; no paid retention incentive,38851.33209999985,1201.8484106540232,2802,780,Priority 3 - Nurture,Low-cost relationship nurture for value protection,churn-logistic-1.0.0
14467,2011-12-10,Champions,2220.99,12,0.2609869787089659,0,0.4,Standard monitoring,Normal low-cost engagement; no paid retention incentive,38851.33209999985,579.6494698428262,2798,1915,Standard monitoring,Monitor customer value and churn risk; no paid intervention,churn-logistic-1.0.0
14470,2011-12-10,Recent developing,712.04,3,0.7734329946958176,1,0.4,Priority 3 - Nurture,Automated email nurture or product reminder,38851.33209999985,550.71522954321,977,1985,Standard monitoring,Monitor customer value and churn risk; no paid intervention,churn-logistic-1.0.0
14472,2011-12-10,At-risk established,2228.22,9,0.5078805410884033,1,0.4,Standard monitoring,Normal low-cost engagement; no paid retention incentive,38851.33209999985,1131.6695792640019,2063,866,Priority 3 - Nurture,Low-cost relationship nurture for value protection,churn-logistic-1.0.0
14473,2011-12-10,Lapsed low-value,234.34000000000003,2,0.8222643145158215,1,0.4,Priority 2 - Targeted,Targeted retention message for the next-ranked 10%,38851.33209999985,192.68941946363765,550,3043,Standard monitoring,Monitor customer value and churn risk; no paid intervention,churn-logistic-1.0.0
14474,2011-12-10,Recent developing,1268.13,2,0.9033204186267578,1,0.4,Priority 1 - Immediate,Personalized outreach for the highest-ranked 10%; use segment and value,38851.33209999985,1145.5277224731506,83,848,Priority 3 - Nurture,Low-cost relationship nurture for value protection,churn-logistic-1.0.0
14475,2011-12-10,At-risk established,1035.07,4,0.6841783057246593,1,0.4,Priority 3 - Nurture,Automated email nurture or product reminder,38851.33209999985,708.172438906423,1318,1595,Priority 3 - Nurture,Low-cost relationship nurture for value protection,churn-logistic-1.0.0
14477,2011-12-10,Champions,1964.51,7,0.4673333284887581,1,0.4,Standard monitoring,Normal low-cost engagement; no paid retention incentive,38851.33209999985,918.0809971494501,2200,1180,Priority 3 - Nurture,Low-cost relationship nurture for value protection,churn-logistic-1.0.0
14480,2011-12-10,Recent developing,1295.27,4,0.8293817682431036,1,0.4,Priority 2 - Targeted,Targeted retention message for the next-ranked 10%,38851.33209999985,1074.2733229522448,483,936,Priority 3 - Nurture,Low-cost relationship nurture for value protection,churn-logistic-1.0.0
14481,2011-12-10,At-risk established,2311.49,5,0.714772013555446,1,0.4,Priority 3 - Nurture,Automated email nurture or product reminder,38851.33209999985,1652.1883616132775,1206,409,Priority 2 - Targeted,Personalized retention offer for a high-value account,churn-logistic-1.0.0
14482,2011-12-10,Champions,4192.25,12,0.1596484750488591,0,0.4,Standard monitoring,Normal low-cost engagement; no paid retention incentive,38851.33209999985,669.2863195235796,3050,1690,Priority 3 - Nurture,Low-cost relationship nurture for value protection,churn-logistic-1.0.0
14484,2011-12-10,Recent developing,1070.98,4,0.7937141143343958,1,0.4,Priority 3 - Nurture,Automated email nurture or product reminder,38851.33209999985,850.0519421698511,833,1284,Priority 3 - Nurture,Low-cost relationship nurture for value protection,churn-logistic-1.0.0
14485,2011-12-10,Recent developing,165.75,1,0.8004423611437905,1,0.4,Priority 3 - Nurture,Automated email nurture or product reminder,38851.33209999985,132.67332135958327,763,3210,Standard monitoring,Monitor customer value and churn risk; no paid intervention,churn-logistic-1.0.0
14487,2011-12-10,Recent developing,1440.86,7,0.4170969267197915,1,0.4,Standard monitoring,Normal low-cost engagement; no paid retention incentive,38851.33209999985,600.9782778334787,2361,1858,Standard monitoring,Monitor customer value and churn risk; no paid intervention,churn-logistic-1.0.0
14488,2011-12-10,Recent developing,1048.33,1,0.7937503452422714,1,0.4,Priority 3 - Nurture,Automated email nurture or product reminder,38851.33209999985,832.1122994278303,831,1318,Priority 3 - Nurture,Low-cost relationship nurture for value protection,churn-logistic-1.0.0
14491,2011-12-10,Lapsed low-value,468.13,2,0.861600263414503,1,0.4,Priority 1 - Immediate,Personalized outreach for the highest-ranked 10%; use segment and value,38851.33209999985,403.3409313122313,262,2420,Standard monitoring,Monitor customer value and churn risk; no paid intervention,churn-logistic-1.0.0
14493,2011-12-10,Champions,5036.05,10,0.1130364324702631,0,0.4,Standard monitoring,Normal low-cost engagement; no paid retention incentive,38851.33209999985,569.2571257418685,3139,1934,Standard monitoring,Monitor customer value and churn risk; no paid intervention,churn-logistic-1.0.0
14494,2011-12-10,Recent developing,401.46,3,0.8065224853707516,1,0.4,Priority 2 - Targeted,Targeted retention message for the next-ranked 10%,38851.33209999985,323.7865169769419,690,2645,Standard monitoring,Monitor customer value and churn risk; no paid intervention,churn-logistic-1.0.0
14495,2011-12-10,Recent developing,166.3,3,0.8874552752896248,1,0.4,Priority 1 - Immediate,Personalized outreach for the highest-ranked 10%; use segment and value,38851.33209999985,147.5838122806646,114,3165,Standard monitoring,Monitor customer value and churn risk; no paid intervention,churn-logistic-1.0.0
14498,2011-12-10,Champions,3911.27,10,0.3033922454380647,0,0.4,Standard monitoring,Normal low-cost engagement; no paid retention incentive,38851.33209999985,1186.6489878145394,2697,796,Priority 3 - Nurture,Low-cost relationship nurture for value protection,churn-logistic-1.0.0
14499,2011-12-10,Champions,2120.62,7,0.4476709341256836,1,0.4,Standard monitoring,Normal low-cost engagement; no paid retention incentive,38851.33209999985,949.3399363256071,2259,1123,Priority 3 - Nurture,Low-cost relationship nurture for value protection,churn-logistic-1.0.0
14500,2011-12-10,Recent developing,356.85,3,0.6897538554798379,1,0.4,Priority 3 - Nurture,Automated email nurture or product reminder,38851.33209999985,246.13866332798017,1291,2907,Standard monitoring,Monitor customer value and churn risk; no paid intervention,churn-logistic-1.0.0
14502,2011-12-10,Champions,2347.73,11,0.1930950141428809,0,0.4,Standard monitoring,Normal low-cost engagement; no paid retention incentive,38851.33209999985,453.3349575536658,2965,2270,Standard monitoring,Monitor customer value and churn risk; no paid intervention,churn-logistic-1.0.0
14503,2011-12-10,Champions,3543.26,6,0.1652250000902048,0,0.4,Standard monitoring,Normal low-cost engagement; no paid retention incentive,38851.33209999985,585.4351338196191,3038,1905,Standard monitoring,Monitor customer value and churn risk; no paid intervention,churn-logistic-1.0.0
14504,2011-12-10,Recent developing,673.26,4,0.6788400304498236,1,0.4,Priority 3 - Nurture,Automated email nurture or product reminder,38851.33209999985,457.0358389006482,1337,2258,Standard monitoring,Monitor customer value and churn risk; no paid intervention,churn-logistic-1.0.0
14505,2011-12-10,Champions,11799.54,19,0.0527786929385913,0,0.4,Standard monitoring,Normal low-cost engagement; no paid retention incentive,38851.33209999985,622.7642984766256,3267,1802,Standard monitoring,Monitor customer value and churn risk; no paid intervention,churn-logistic-1.0.0
14506,2011-12-10,Champions,3290.67,7,0.308863864930014,0,0.4,Standard monitoring,Normal low-cost engagement; no paid retention incentive,38851.33209999985,1016.3690544092492,2677,1010,Priority 3 - Nurture,Low-cost relationship nurture for value protection,churn-logistic-1.0.0
14507,2011-12-10,Champions,3209.93,11,0.2581263806122283,0,0.4,Standard monitoring,Normal low-cost engagement; no paid retention incentive,38851.33209999985,828.5676129186099,2804,1329,Priority 3 - Nurture,Low-cost relationship nurture for value protection,churn-logistic-1.0.0
14508,2011-12-10,Recent developing,856.09,5,0.6256095853406334,1,0.4,Priority 3 - Nurture,Automated email nurture or product reminder,38851.33209999985,535.5781099142629,1578,2030,Standard monitoring,Monitor customer value and churn risk; no paid intervention,churn-logistic-1.0.0
14511,2011-12-10,Recent developing,1267.41,5,0.3155872557629709,0,0.4,Standard monitoring,Normal low-cost engagement; no paid retention incentive,38851.33209999985,399.978443826547,2652,2427,Standard monitoring,Monitor customer value and churn risk; no paid intervention,churn-logistic-1.0.0
14513,2011-12-10,At-risk established,770.9100000000001,6,0.7121557519736406,1,0.4,Priority 3 - Nurture,Automated email nurture or product reminder,38851.33209999985,549.0079907539993,1220,1987,Standard monitoring,Monitor customer value and churn risk; no paid intervention,churn-logistic-1.0.0
14514,2011-12-10,Champions,4598.9800000000005,9,0.4373578162453832,1,0.4,Standard monitoring,Normal low-cost engagement; no paid retention incentive,38851.33209999985,2011.3998497561927,2291,262,Priority 1 - Immediate,Account-manager outreach; prioritize the highest exposed customer value,churn-logistic-1.0.0
14515,2011-12-10,Champions,3718.9,12,0.3546089662746369,0,0.4,Standard monitoring,Normal low-cost engagement; no paid retention incentive,38851.33209999985,1318.755284678747,2560,669,Priority 2 - Targeted,Personalized retention offer for a high-value account,churn-logistic-1.0.0
14517,2011-12-10,Recent developing,330.45,2,0.6754298991992741,1,0.4,Priority 3 - Nurture,Automated email nurture or product reminder,38851.33209999985,223.19581019040012,1343,2969,Standard monitoring,Monitor customer value and churn risk; no paid intervention,churn-logistic-1.0.0
14518,2011-12-10,Lapsed low-value,174.37,1,0.829931925257201,1,0.4,Priority 2 - Targeted,Targeted retention message for the next-ranked 10%,38851.33209999985,144.71522980709815,477,3177,Standard monitoring,Monitor customer value and churn risk; no paid intervention,churn-logistic-1.0.0
14520,2011-12-10,Recent developing,270.6,2,0.8235270771520278,1,0.4,Priority 2 - Targeted,Targeted retention message for the next-ranked 10%,38851.33209999985,222.84642707733875,539,2971,Standard monitoring,Monitor customer value and churn risk; no paid intervention,churn-logistic-1.0.0
14522,2011-12-10,Champions,1758.62,8,0.4203039099535938,1,0.4,Standard monitoring,Normal low-cost engagement; no paid retention incentive,38851.33209999985,739.1548621225891,2345,1517,Priority 3 - Nurture,Low-cost relationship nurture for value protection,churn-logistic-1.0.0
14523,2011-12-10,Lapsed low-value,241.09,1,0.8554330898280524,1,0.4,Priority 1 - Immediate,Personalized outreach for the highest-ranked 10%; use segment and value,38851.33209999985,206.23636362664516,309,3015,Standard monitoring,Monitor customer value and churn risk; no paid intervention,churn-logistic-1.0.0
14524,2011-12-10,Champions,2933.71,13,0.3210149136477999,0,0.4,Standard monitoring,Normal low-cost engagement; no paid retention incentive,38851.33209999985,941.764662317687,2637,1131,Priority 3 - Nurture,Low-cost relationship nurture for value protection,churn-logistic-1.0.0
14525,2011-12-10,Champions,8166.86,17,0.1032763250684968,0,0.4,Standard monitoring,Normal low-cost engagement; no paid retention incentive,38851.33209999985,843.4432881489037,3167,1297,Priority 3 - Nurture,Low-cost relationship nurture for value protection,churn-logistic-1.0.0
14527,2011-12-10,Exceptional high-value,27324.1,121,5.320531590269156e-06,0,0.4,Standard monitoring,Normal low-cost engagement; no paid retention incentive,38851.33209999985,0.14537873722567346,3454,3452,Standard monitoring,Monitor customer value and churn risk; no paid intervention,churn-logistic-1.0.0
14528,2011-12-10,Recent developing,364.22,1,0.8014568745119208,1,0.4,Priority 3 - Nurture,Automated email nurture or product reminder,38851.33209999985,291.9066228347318,747,2758,Standard monitoring,Monitor customer value and churn risk; no paid intervention,churn-logistic-1.0.0
14529,2011-12-10,Recent developing,620.04,3,0.4886794949773024,1,0.4,Standard monitoring,Normal low-cost engagement; no paid retention incentive,38851.33209999985,303.00083406572656,2134,2717,Standard monitoring,Monitor customer value and churn risk; no paid intervention,churn-logistic-1.0.0
14530,2011-12-10,Champions,6085.65,16,0.2084501333963238,0,0.4,Standard monitoring,Normal low-cost engagement; no paid retention incentive,38851.33209999985,1268.5545543033377,2926,721,Priority 3 - Nurture,Low-cost relationship nurture for value protection,churn-logistic-1.0.0
14533,2011-12-10,Champions,3181.52,11,0.1687827447963031,0,0.4,Standard monitoring,Normal low-cost engagement; no paid retention incentive,38851.33209999985,536.9856782243342,3026,2026,Standard monitoring,Monitor customer value and churn risk; no paid intervention,churn-logistic-1.0.0
14534,2011-12-10,Champions,5772.27,26,0.0169607689841993,0,0.4,Standard monitoring,Normal low-cost engagement; no paid retention incentive,38851.33209999985,97.9021379844241,3360,3311,Standard monitoring,Monitor customer value and churn risk; no paid intervention,churn-logistic-1.0.0
14535,2011-12-10,Champions,5861.29,9,0.2215314885000931,0,0.4,Standard monitoring,Normal low-cost engagement; no paid retention incentive,38851.33209999985,1298.4602982307108,2898,687,Priority 2 - Targeted,Personalized retention offer for a high-value account,churn-logistic-1.0.0
14537,2011-12-10,Recent developing,635.45,2,0.9332167523606806,1,0.4,Priority 1 - Immediate,Personalized outreach for the highest-ranked 10%; use segment and value,38851.33209999985,593.0125852875946,28,1876,Standard monitoring,Monitor customer value and churn risk; no paid intervention,churn-logistic-1.0.0
14538,2011-12-10,At-risk established,1370.84,5,0.7343114272533543,1,0.4,Priority 3 - Nurture,Automated email nurture or product reminder,38851.33209999985,1006.6234769359882,1132,1025,Priority 3 - Nurture,Low-cost relationship nurture for value protection,churn-logistic-1.0.0
14539,2011-12-10,Recent developing,537.48,2,0.5726219103136677,1,0.4,Standard monitoring,Normal low-cost engagement; no paid retention incentive,38851.33209999985,307.7728243553901,1819,2697,Standard monitoring,Monitor customer value and churn risk; no paid intervention,churn-logistic-1.0.0
14540,2011-12-10,Champions,3785.44,11,0.3121820801492823,0,0.4,Standard monitoring,Normal low-cost engagement; no paid retention incentive,38851.33209999985,1181.7465334802991,2667,802,Priority 3 - Nurture,Low-cost relationship nurture for value protection,churn-logistic-1.0.0
14541,2011-12-10,Champions,2499.68,14,0.3728321229961299,0,0.4,Standard monitoring,Normal low-cost engagement; no paid retention incentive,38851.33209999985,931.961001210966,2504,1152,Priority 3 - Nurture,Low-cost relationship nurture for value protection,churn-logistic-1.0.0
14543,2011-12-10,Champions,12259.37,38,0.0574243868795738,0,0.4,Standard monitoring,Normal low-cost engagement; no paid retention incentive,38851.33209999985,703.9868057798407,3253,1605,Priority 3 - Nurture,Low-cost relationship nurture for value protection,churn-logistic-1.0.0
14544,2011-12-10,Recent developing,2982.43,3,0.7778925685201493,1,0.4,Priority 3 - Nurture,Automated email nurture or product reminder,38851.33209999985,2320.0101331315486,953,189,Priority 1 - Immediate,Account-manager outreach; prioritize the highest exposed customer value,churn-logistic-1.0.0
14546,2011-12-10,Champions,5016.29,11,0.1365179370230742,0,0.4,Standard monitoring,Normal low-cost engagement; no paid retention incentive,38851.33209999985,684.8135623094768,3100,1656,Priority 3 - Nurture,Low-cost relationship nurture for value protection,churn-logistic-1.0.0
14547,2011-12-10,Champions,3986.74,8,0.1037099162338784,0,0.4,Standard monitoring,Normal low-cost engagement; no paid retention incentive,38851.33209999985,413.46447144625233,3164,2390,Standard monitoring,Monitor customer value and churn risk; no paid intervention,churn-logistic-1.0.0
14548,2011-12-10,At-risk established,2627.49,9,0.7134068582596458,1,0.4,Priority 3 - Nurture,Automated email nurture or product reminder,38851.33209999985,1874.4693860086365,1211,317,Priority 1 - Immediate,Account-manager outreach; prioritize the highest exposed customer value,churn-logistic-1.0.0
14550,2011-12-10,Recent developing,1353.31,4,0.607814737972217,1,0.4,Priority 3 - Nurture,Automated email nurture or product reminder,38851.33209999985,822.5617630451809,1664,1338,Priority 3 - Nurture,Low-cost relationship nurture for value protection,churn-logistic-1.0.0
14551,2011-12-10,Recent developing,858.59,7,0.6381765617063181,1,0.4,Priority 3 - Nurture,Automated email nurture or product reminder,38851.33209999985,547.9320141154277,1510,1992,Standard monitoring,Monitor customer value and churn risk; no paid intervention,churn-logistic-1.0.0
14552,2011-12-10,At-risk established,511.28,3,0.7973470994897759,1,0.4,Priority 3 - Nurture,Automated email nurture or product reminder,38851.33209999985,407.6676250271326,790,2407,Standard monitoring,Monitor customer value and churn risk; no paid intervention,churn-logistic-1.0.0
14553,2011-12-10,Champions,1816.04,9,0.4165936876644776,1,0.4,Standard monitoring,Normal low-cost engagement; no paid retention incentive,38851.33209999985,756.5508005461978,2362,1480,Priority 3 - Nurture,Low-cost relationship nurture for value protection,churn-logistic-1.0.0
14554,2011-12-10,Recent developing,2381.04,4,0.3240822905578038,0,0.4,Standard monitoring,Normal low-cost engagement; no paid retention incentive,38851.33209999985,771.6528971097531,2628,1442,Priority 3 - Nurture,Low-cost relationship nurture for value protection,churn-logistic-1.0.0
14555,2011-12-10,At-risk established,2310.68,6,0.6378603518755341,1,0.4,Priority 3 - Nurture,Automated email nurture or product reminder,38851.33209999985,1473.891157871759,1513,541,Priority 2 - Targeted,Personalized retention offer for a high-value account,churn-logistic-1.0.0
14560,2011-12-10,Champions,6051.89,43,0.0173756279572663,0,0.4,Standard monitoring,Normal low-cost engagement; no paid retention incentive,38851.33209999985,105.15538907830035,3359,3283,Standard monitoring,Monitor customer value and churn risk; no paid intervention,churn-logistic-1.0.0
14561,2011-12-10,At-risk established,1080.76,3,0.662577663754327,1,0.4,Priority 3 - Nurture,Automated email nurture or product reminder,38851.33209999985,716.0874358791265,1392,1577,Priority 3 - Nurture,Low-cost relationship nurture for value protection,churn-logistic-1.0.0
14562,2011-12-10,Champions,6418.35,26,0.0044403027525962,0,0.4,Standard monitoring,Normal low-cost engagement; no paid retention incentive,38851.33209999985,28.49941717212582,3412,3422,Standard monitoring,Monitor customer value and churn risk; no paid intervention,churn-logistic-1.0.0
14565,2011-12-10,At-risk established,3683.87,5,0.6286931688920682,1,0.4,Priority 3 - Nurture,Automated email nurture or product reminder,38851.33209999985,2316.023904086423,1557,191,Priority 1 - Immediate,Account-manager outreach; prioritize the highest exposed customer value,churn-logistic-1.0.0
14566,2011-12-10,At-risk established,4092.0,4,0.7682266198968105,1,0.4,Priority 3 - Nurture,Automated email nurture or product reminder,38851.33209999985,3143.5833286177485,1009,79,Priority 1 - Immediate,Account-manager outreach; prioritize the highest exposed customer value,churn-logistic-1.0.0
14567,2011-12-10,Recent developing,1524.46,2,0.6173231101002946,1,0.4,Priority 3 - Nurture,Automated email nurture or product reminder,38851.33209999985,941.0843884234952,1623,1132,Priority 3 - Nurture,Low-cost relationship nurture for value protection,churn-logistic-1.0.0
14569,2011-12-10,Recent developing,598.98,4,0.7737419501491247,1,0.4,Priority 3 - Nurture,Automated email nurture or product reminder,38851.33209999985,463.45595330032273,972,2231,Standard monitoring,Monitor customer value and churn risk; no paid intervention,churn-logistic-1.0.0
14572,2011-12-10,Champions,5567.38,11,0.1709423615120359,0,0.4,Standard monitoring,Normal low-cost engagement; no paid retention incentive,38851.33209999985,951.7010846348785,3019,1119,Priority 3 - Nurture,Low-cost relationship nurture for value protection,churn-logistic-1.0.0
14573,2011-12-10,At-risk established,2571.72,13,0.5587377347464424,1,0.4,Standard monitoring,Normal low-cost engagement; no paid retention incentive,38851.33209999985,1436.9170072021207,1875,565,Priority 2 - Targeted,Personalized retention offer for a high-value account,churn-logistic-1.0.0
14577,2011-12-10,Recent developing,1374.25,7,0.4796176036384676,1,0.4,Standard monitoring,Normal low-cost engagement; no paid retention incentive,38851.33209999985,659.1144918001642,2166,1717,Priority 3 - Nurture,Low-cost relationship nurture for value protection,churn-logistic-1.0.0
14578,2011-12-10,Recent developing,168.63,1,0.7887708443639639,1,0.4,Priority 3 - Nurture,Automated email nurture or product reminder,38851.33209999985,133.01042748509525,885,3209,Standard monitoring,Monitor customer value and churn risk; no paid intervention,churn-logistic-1.0.0
14581,2011-12-10,Recent developing,433.8,2,0.9120396653306662,1,0.4,Priority 1 - Immediate,Personalized outreach for the highest-ranked 10%; use segment and value,38851.33209999985,395.642806820443,69,2444,Standard monitoring,Monitor customer value and churn risk; no paid intervention,churn-logistic-1.0.0
14582,2011-12-10,Lapsed low-value,114.11,1,0.8136342335804221,1,0.4,Priority 2 - Targeted,Targeted retention message for the next-ranked 10%,38851.33209999985,92.84380239386196,615,3327,Standard monitoring,Monitor customer value and churn risk; no paid intervention,churn-logistic-1.0.0
14583,2011-12-10,Champions,1781.03,8,0.3225094737719362,0,0.4,Standard monitoring,Normal low-cost engagement; no paid retention incentive,38851.33209999985,574.3990480720315,2634,1925,Standard monitoring,Monitor customer value and churn risk; no paid intervention,churn-logistic-1.0.0
14584,2011-12-10,At-risk established,1684.11,8,0.629190979793953,1,0.4,Priority 3 - Nurture,Automated email nurture or product reminder,38851.33209999985,1059.626820980794,1553,957,Priority 3 - Nurture,Low-cost relationship nurture for value protection,churn-logistic-1.0.0
14585,2011-12-10,At-risk established,1143.27,5,0.7057529163882496,1,0.4,Priority 3 - Nurture,Automated email nurture or product reminder,38851.33209999985,806.8661367191941,1239,1365,Priority 3 - Nurture,Low-cost relationship nurture for value protection,churn-logistic-1.0.0
14587,2011-12-10,Champions,1598.24,9,0.515300697926701,1,0.4,Standard monitoring,Normal low-cost engagement; no paid retention incentive,38851.33209999985,823.5741874543705,2027,1336,Priority 3 - Nurture,Low-cost relationship nurture for value protection,churn-logistic-1.0.0
14591,2011-12-10,Recent developing,1447.14,4,0.7758215138360899,1,0.4,Priority 3 - Nurture,Automated email nurture or product reminder,38851.33209999985,1122.7223455327592,960,877,Priority 3 - Nurture,Low-cost relationship nurture for value protection,churn-logistic-1.0.0
14592,2011-12-10,Recent developing,570.46,3,0.4786866187440857,1,0.4,Standard monitoring,Normal low-cost engagement; no paid retention incentive,38851.33209999985,273.07156852875113,2167,2828,Standard monitoring,Monitor customer value and churn risk; no paid intervention,churn-logistic-1.0.0
14593,2011-12-10,Champions,3648.79,12,0.3890995497960541,0,0.4,Standard monitoring,Normal low-cost engagement; no paid retention incentive,38851.33209999985,1419.7425463003442,2450,578,Priority 2 - Targeted,Personalized retention offer for a high-value account,churn-logistic-1.0.0
14594,2011-12-10,Recent developing,634.83,2,0.8490327663790889,1,0.4,Priority 1 - Immediate,Personalized outreach for the highest-ranked 10%; use segment and value,38851.33209999985,538.991471080437,345,2020,Standard monitoring,Monitor customer value and churn risk; no paid intervention,churn-logistic-1.0.0
14595,2011-12-10,Champions,2164.45,8,0.2313795329185712,0,0.4,Standard monitoring,Normal low-cost engagement; no paid retention incentive,38851.33209999985,500.8094300256014,2868,2127,Standard monitoring,Monitor customer value and churn risk; no paid intervention,churn-logistic-1.0.0
14597,2011-12-10,Champions,2201.54,6,0.6572225356563105,1,0.4,Priority 3 - Nurture,Automated email nurture or product reminder,38851.33209999985,1446.9017011487938,1411,559,Priority 2 - Targeted,Personalized retention offer for a high-value account,churn-logistic-1.0.0
14598,2011-12-10,Recent developing,221.97,1,0.8006086320690908,1,0.4,Priority 3 - Nurture,Automated email nurture or product reminder,38851.33209999985,177.7110980603761,760,3078,Standard monitoring,Monitor customer value and churn risk; no paid intervention,churn-logistic-1.0.0
14601,2011-12-10,Recent developing,213.96,1,0.7955801089284616,1,0.4,Priority 3 - Nurture,Automated email nurture or product reminder,38851.33209999985,170.22232010633365,812,3100,Standard monitoring,Monitor customer value and churn risk; no paid intervention,churn-logistic-1.0.0
14606,2011-12-10,Exceptional high-value,29953.04,184,6.714130854792138e-09,0,0.4,Standard monitoring,Normal low-cost engagement; no paid retention incentive,38851.33209999985,0.0002011086300588231,3458,3457,Standard monitoring,Monitor customer value and churn risk; no paid intervention,churn-logistic-1.0.0
14607,2011-12-10,Champions,17264.83,19,0.3083849907642239,0,0.4,Standard monitoring,Normal low-cost engagement; no paid retention incentive,38851.33209999985,5324.214440095896,2679,19,Priority 1 - Immediate,Account-manager outreach; prioritize the highest exposed customer value,churn-logistic-1.0.0
14608,2011-12-10,Champions,3279.44,10,0.3311872643774426,0,0.4,Standard monitoring,Normal low-cost engagement; no paid retention incentive,38851.33209999985,1086.1087622899604,2615,926,Priority 3 - Nurture,Low-cost relationship nurture for value protection,churn-logistic-1.0.0
14609,2011-12-10,At-risk established,1222.2,9,0.5011861392933663,1,0.4,Standard monitoring,Normal low-cost engagement; no paid retention incentive,38851.33209999985,612.5496994443523,2096,1826,Standard monitoring,Monitor customer value and churn risk; no paid intervention,churn-logistic-1.0.0
14618,2011-12-10,Recent developing,1310.52,7,0.5143143539358731,1,0.4,Standard monitoring,Normal low-cost engagement; no paid retention incentive,38851.33209999985,674.0192471200404,2033,1681,Priority 3 - Nurture,Low-cost relationship nurture for value protection,churn-logistic-1.0.0
14621,2011-12-10,Champions,2920.27,9,0.2825572793708615,0,0.4,Standard monitoring,Normal low-cost engagement; no paid retention incentive,38851.33209999985,825.1435462283457,2749,1334,Priority 3 - Nurture,Low-cost relationship nurture for value protection,churn-logistic-1.0.0
14623,2011-12-10,Champions,2026.15,10,0.2922739743993875,0,0.4,Standard monitoring,Normal low-cost engagement; no paid retention incentive,38851.33209999985,592.190913229319,2728,1878,Standard monitoring,Monitor customer value and churn risk; no paid intervention,churn-logistic-1.0.0
14624,2011-12-10,At-risk established,814.07,6,0.5758221864956944,1,0.4,Standard monitoring,Normal low-cost engagement; no paid retention incentive,38851.33209999985,468.75956736054997,1803,2215,Standard monitoring,Monitor customer value and churn risk; no paid intervention,churn-logistic-1.0.0
14626,2011-12-10,Champions,5374.77,11,0.2247464282112383,0,0.4,Standard monitoring,Normal low-cost engagement; no paid retention incentive,38851.33209999985,1207.9603599569175,2887,774,Priority 3 - Nurture,Low-cost relationship nurture for value protection,churn-logistic-1.0.0
14628,2011-12-10,At-risk established,1998.0,5,0.7311170041320987,1,0.4,Priority 3 - Nurture,Automated email nurture or product reminder,38851.33209999985,1460.7717742559332,1147,546,Priority 2 - Targeted,Personalized retention offer for a high-value account,churn-logistic-1.0.0
14629,2011-12-10,Recent developing,939.21,2,0.5149390614571118,1,0.4,Standard monitoring,Normal low-cost engagement; no paid retention incentive,38851.33209999985,483.63591591113396,2029,2180,Standard monitoring,Monitor customer value and churn risk; no paid intervention,churn-logistic-1.0.0
14631,2011-12-10,At-risk established,2023.17,6,0.6138461672324611,1,0.4,Priority 3 - Nurture,Automated email nurture or product reminder,38851.33209999985,1241.9151501596984,1636,744,Priority 3 - Nurture,Low-cost relationship nurture for value protection,churn-logistic-1.0.0
14636,2011-12-10,Recent developing,609.85,2,0.7966834561612788,1,0.4,Priority 3 - Nurture,Automated email nurture or product reminder,38851.33209999985,485.8574057399559,799,2170,Standard monitoring,Monitor customer value and churn risk; no paid intervention,churn-logistic-1.0.0
14638,2011-12-10,Recent developing,443.6,1,0.8051039464688887,1,0.4,Priority 3 - Nurture,Automated email nurture or product reminder,38851.33209999985,357.14411065359906,709,2550,Standard monitoring,Monitor customer value and churn risk; no paid intervention,churn-logistic-1.0.0
14639,2011-12-10,Champions,4946.81,9,0.40172597533839,1,0.4,Standard monitoring,Normal low-cost engagement; no paid retention incentive,38851.33209999985,1987.2620720637012,2409,271,Priority 1 - Immediate,Account-manager outreach; prioritize the highest exposed customer value,churn-logistic-1.0.0
14640,2011-12-10,Champions,3464.03,10,0.2133065846353074,0,0.4,Standard monitoring,Normal low-cost engagement; no paid retention incentive,38851.33209999985,738.900408374244,2915,1518,Priority 3 - Nurture,Low-cost relationship nurture for value protection,churn-logistic-1.0.0
14641,2011-12-10,Recent developing,110.46,1,0.8040939558096497,1,0.4,Priority 3 - Nurture,Automated email nurture or product reminder,38851.33209999985,88.8202183587339,718,3340,Standard monitoring,Monitor customer value and churn risk; no paid intervention,churn-logistic-1.0.0
14642,2011-12-10,Lapsed low-value,96.12,1,0.823514643021814,1,0.4,Priority 2 - Targeted,Targeted retention message for the next-ranked 10%,38851.33209999985,79.15622748725676,540,3357,Standard monitoring,Monitor customer value and churn risk; no paid intervention,churn-logistic-1.0.0
14643,2011-12-10,At-risk established,1654.69,5,0.7965514326284788,1,0.4,Priority 3 - Nurture,Automated email nurture or product reminder,38851.33209999985,1318.0456900560177,801,673,Priority 2 - Targeted,Personalized retention offer for a high-value account,churn-logistic-1.0.0
14644,2011-12-10,At-risk established,2076.27,7,0.6620305073112753,1,0.4,Priority 3 - Nurture,Automated email nurture or product reminder,38851.33209999985,1374.5540814151816,1393,618,Priority 2 - Targeted,Personalized retention offer for a high-value account,churn-logistic-1.0.0
14645,2011-12-10,At-risk established,840.24,3,0.8821266328602202,1,0.4,Priority 1 - Immediate,Personalized outreach for the highest-ranked 10%; use segment and value,38851.33209999985,741.1980819944714,128,1513,Priority 3 - Nurture,Low-cost relationship nurture for value protection,churn-logistic-1.0.0
14646,2011-12-10,Exceptional high-value,522870.65,145,5.409650643680067e-10,0,0.4,Standard monitoring,Normal low-cost engagement; no paid retention incentive,38851.33209999985,2.101721337025922e-05,3460,3459,Standard monitoring,Monitor customer value and churn risk; no paid intervention,churn-logistic-1.0.0
14649,2011-12-10,Champions,3754.16,9,0.2788792960108833,0,0.4,Standard monitoring,Normal low-cost engagement; no paid retention incentive,38851.33209999985,1046.9574979122176,2756,977,Priority 3 - Nurture,Low-cost relationship nurture for value protection,churn-logistic-1.0.0
14651,2011-12-10,At-risk established,2034.12,9,0.4930895470700745,1,0.4,Standard monitoring,Normal low-cost engagement; no paid retention incentive,38851.33209999985,1003.0033094861799,2122,1033,Priority 3 - Nurture,Low-cost relationship nurture for value protection,churn-logistic-1.0.0
14652,2011-12-10,Lapsed low-value,114.18,1,0.8330392270837442,1,0.4,Priority 2 - Targeted,Targeted retention message for the next-ranked 10%,38851.33209999985,95.11641894842192,448,3320,Standard monitoring,Monitor customer value and churn risk; no paid intervention,churn-logistic-1.0.0
14653,2011-12-10,Champions,3426.28,11,0.1640589466831269,0,0.4,Standard monitoring,Normal low-cost engagement; no paid retention incentive,38851.33209999985,562.1118878414641,3039,1949,Standard monitoring,Monitor customer value and churn risk; no paid intervention,churn-logistic-1.0.0
14655,2011-12-10,Champions,3836.86,7,0.3890157665900228,0,0.4,Standard monitoring,Normal low-cost engagement; no paid retention incentive,38851.33209999985,1492.5990341985948,2452,530,Priority 2 - Targeted,Personalized retention offer for a high-value account,churn-logistic-1.0.0
14656,2011-12-10,At-risk established,814.65,5,0.6893017705905428,1,0.4,Priority 3 - Nurture,Automated email nurture or product reminder,38851.33209999985,561.5396874115856,1293,1951,Standard monitoring,Monitor customer value and churn risk; no paid intervention,churn-logistic-1.0.0
14657,2011-12-10,Recent developing,1450.92,6,0.5331211273564114,1,0.4,Standard monitoring,Normal low-cost engagement; no paid retention incentive,38851.33209999985,773.5161061039644,1965,1436,Priority 3 - Nurture,Low-cost relationship nurture for value protection,churn-logistic-1.0.0
14658,2011-12-10,Recent developing,247.15,2,0.6559364809249223,1,0.4,Priority 3 - Nurture,Automated email nurture or product reminder,38851.33209999985,162.11470126059456,1420,3127,Standard monitoring,Monitor customer value and churn risk; no paid intervention,churn-logistic-1.0.0
14659,2011-12-10,Champions,2456.53,9,0.2537935457232987,0,0.4,Standard monitoring,Normal low-cost engagement; no paid retention incentive,38851.33209999985,623.451458875655,2813,1799,Standard monitoring,Monitor customer value and churn risk; no paid intervention,churn-logistic-1.0.0
14660,2011-12-10,Lapsed low-value,285.74,2,0.6477440607976335,1,0.4,Priority 3 - Nurture,Automated email nurture or product reminder,38851.33209999985,185.0863879323158,1456,3063,Standard monitoring,Monitor customer value and churn risk; no paid intervention,churn-logistic-1.0.0
14661,2011-12-10,Recent developing,107.95,1,0.8072635726225762,1,0.4,Priority 2 - Targeted,Targeted retention message for the next-ranked 10%,38851.33209999985,87.1441026646071,682,3343,Standard monitoring,Monitor customer value and churn risk; no paid intervention,churn-logistic-1.0.0
14662,2011-12-10,Recent developing,1416.33,7,0.5053824827946091,1,0.4,Standard monitoring,Normal low-cost engagement; no paid retention incentive,38851.33209999985,715.7883718564887,2081,1578,Priority 3 - Nurture,Low-cost relationship nurture for value protection,churn-logistic-1.0.0
14664,2011-12-10,Recent developing,637.89,2,0.5382932123197243,1,0.4,Standard monitoring,Normal low-cost engagement; no paid retention incentive,38851.33209999985,343.37185720662893,1950,2594,Standard monitoring,Monitor customer value and churn risk; no paid intervention,churn-logistic-1.0.0
14665,2011-12-10,At-risk established,2183.53,7,0.5251410332790305,1,0.4,Standard monitoring,Normal low-cost engagement; no paid retention incentive,38851.33209999985,1146.6612003957616,1994,844,Priority 3 - Nurture,Low-cost relationship nurture for value protection,churn-logistic-1.0.0
14666,2011-12-10,Recent developing,179.95,1,0.8018616561920048,1,0.4,Priority 3 - Nurture,Automated email nurture or product reminder,38851.33209999985,144.29500503175126,744,3179,Standard monitoring,Monitor customer value and churn risk; no paid intervention,churn-logistic-1.0.0
14667,2011-12-10,Champions,21793.34,54,0.0025652009123537,0,0.4,Standard monitoring,Normal low-cost engagement; no paid retention incentive,38851.33209999985,55.904295651234385,3420,3393,Standard monitoring,Monitor customer value and churn risk; no paid intervention,churn-logistic-1.0.0
14673,2011-12-10,Champions,3410.81,7,0.3447587062793676,0,0.4,Standard monitoring,Normal low-cost engagement; no paid retention incentive,38851.33209999985,1175.9064429647299,2581,808,Priority 3 - Nurture,Low-cost relationship nurture for value protection,churn-logistic-1.0.0
14675,2011-12-10,Recent developing,1066.9,2,0.8118473486603718,1,0.4,Priority 2 - Targeted,Targeted retention message for the next-ranked 10%,38851.33209999985,866.1599362857507,629,1259,Priority 3 - Nurture,Low-cost relationship nurture for value protection,churn-logistic-1.0.0
14676,2011-12-10,Champions,8286.86,12,0.284020639571097,0,0.4,Standard monitoring,Normal low-cost engagement; no paid retention incentive,38851.33209999985,2353.6392772361414,2746,177,Priority 1 - Immediate,Account-manager outreach; prioritize the highest exposed customer value,churn-logistic-1.0.0
14680,2011-12-10,Exceptional high-value,54723.95,57,0.0190975005922503,0,0.4,Standard monitoring,Normal low-cost engagement; no paid retention incentive,38851.33209999985,741.9633377894602,3351,1510,Priority 3 - Nurture,Low-cost relationship nurture for value protection,churn-logistic-1.0.0
14681,2011-12-10,At-risk established,875.1500000000001,6,0.7554391614829993,1,0.4,Priority 3 - Nurture,Automated email nurture or product reminder,38851.33209999985,661.1225821718468,1068,1714,Priority 3 - Nurture,Low-cost relationship nurture for value protection,churn-logistic-1.0.0
14684,2011-12-10,Recent developing,1468.55,6,0.355956060285111,0,0.4,Standard monitoring,Normal low-cost engagement; no paid retention incentive,38851.33209999985,522.7392723316998,2554,2061,Standard monitoring,Monitor customer value and churn risk; no paid intervention,churn-logistic-1.0.0
14687,2011-12-10,At-risk established,1402.06,3,0.8463962614069928,1,0.4,Priority 2 - Targeted,Targeted retention message for the next-ranked 10%,38851.33209999985,1186.6983422682881,357,795,Priority 3 - Nurture,Low-cost relationship nurture for value protection,churn-logistic-1.0.0
14688,2011-12-10,Champions,7181.85,28,0.0322374515778263,0,0.4,Standard monitoring,Normal low-cost engagement; no paid retention incentive,38851.33209999985,231.52454161421184,3309,2950,Standard monitoring,Monitor customer value and churn risk; no paid intervention,churn-logistic-1.0.0
14690,2011-12-10,Recent developing,781.24,4,0.6527607947439836,1,0.4,Priority 3 - Nurture,Automated email nurture or product reminder,38851.33209999985,509.9628432857898,1433,2097,Standard monitoring,Monitor customer value and churn risk; no paid intervention,churn-logistic-1.0.0
14691,2011-12-10,At-risk established,2114.33,5,0.4925337448331534,1,0.4,Standard monitoring,Normal low-cost engagement; no paid retention incentive,38851.33209999985,1041.3788727130811,2124,987,Priority 3 - Nurture,Low-cost relationship nurture for value protection,churn-logistic-1.0.0
14692,2011-12-10,At-risk established,1735.59,12,0.5647812292359048,1,0.4,Standard monitoring,Normal low-cost engagement; no paid retention incentive,38851.33209999985,980.228653649544,1849,1062,Priority 3 - Nurture,Low-cost relationship nurture for value protection,churn-logistic-1.0.0
14696,2011-12-10,Champions,2760.37,8,0.3270994386994175,0,0.4,Standard monitoring,Normal low-cost engagement; no paid retention incentive,38851.33209999985,902.915477602711,2622,1210,Priority 3 - Nurture,Low-cost relationship nurture for value protection,churn-logistic-1.0.0
14698,2011-12-10,Recent developing,1250.76,5,0.2730976575522608,0,0.4,Standard monitoring,Normal low-cost engagement; no paid retention incentive,38851.33209999985,341.5796261600657,2767,2603,Standard monitoring,Monitor customer value and churn risk; no paid intervention,churn-logistic-1.0.0
14700,2011-12-10,At-risk established,3116.26,5,0.6096930387699079,1,0.4,Priority 3 - Nurture,Automated email nurture or product reminder,38851.33209999985,1899.9620289971133,1651,305,Priority 1 - Immediate,Account-manager outreach; prioritize the highest exposed customer value,churn-logistic-1.0.0
14701,2011-12-10,Champions,4498.9400000000005,15,0.2485308664849932,0,0.4,Standard monitoring,Normal low-cost engagement; no paid retention incentive,38851.33209999985,1118.1254564639955,2831,884,Priority 3 - Nurture,Low-cost relationship nurture for value protection,churn-logistic-1.0.0
14702,2011-12-10,Champions,6683.92,29,0.0077829458508172,0,0.4,Standard monitoring,Normal low-cost engagement; no paid retention incentive,38851.33209999985,52.0205874311941,3397,3398,Standard monitoring,Monitor customer value and churn risk; no paid intervention,churn-logistic-1.0.0
14703,2011-12-10,Recent developing,318.17,1,0.789860332016224,1,0.4,Priority 3 - Nurture,Automated email nurture or product reminder,38851.33209999985,251.309861837602,868,2891,Standard monitoring,Monitor customer value and churn risk; no paid intervention,churn-logistic-1.0.0
14704,2011-12-10,Champions,1781.23,9,0.1086633385830523,0,0.4,Standard monitoring,Normal low-cost engagement; no paid retention incentive,38851.33209999985,193.55439858429025,3151,3041,Standard monitoring,Monitor customer value and churn risk; no paid intervention,churn-logistic-1.0.0
14708,2011-12-10,Recent developing,2182.58,5,0.5852678604562563,1,0.4,Standard monitoring,Normal low-cost engagement; no paid retention incentive,38851.33209999985,1277.393926874616,1759,710,Priority 3 - Nurture,Low-cost relationship nurture for value protection,churn-logistic-1.0.0
14709,2011-12-10,Champions,8866.48,25,0.0753203563400386,0,0.4,Standard monitoring,Normal low-cost engagement; no paid retention incentive,38851.33209999985,667.8264330818254,3215,1691,Priority 3 - Nurture,Low-cost relationship nurture for value protection,churn-logistic-1.0.0
14710,2011-12-10,Champions,1922.59,13,0.1596517684678774,0,0.4,Standard monitoring,Normal low-cost engagement; no paid retention incentive,38851.33209999985,306.9448935386564,3049,2703,Standard monitoring,Monitor customer value and churn risk; no paid intervention,churn-logistic-1.0.0
14711,2011-12-10,Champions,2838.2,11,0.229264669156075,0,0.4,Standard monitoring,Normal low-cost engagement; no paid retention incentive,38851.33209999985,650.698983998772,2871,1739,Standard monitoring,Monitor customer value and churn risk; no paid intervention,churn-logistic-1.0.0
14712,2011-12-10,Recent developing,1328.0700000000002,4,0.551311069831318,1,0.4,Standard monitoring,Normal low-cost engagement; no paid retention incentive,38851.33209999985,732.1796925108786,1908,1533,Priority 3 - Nurture,Low-cost relationship nurture for value protection,churn-logistic-1.0.0
14713,2011-12-10,Champions,5385.57,21,0.1194553343193195,0,0.4,Standard monitoring,Normal low-cost engagement; no paid retention incentive,38851.33209999985,643.3350648500975,3128,1755,Standard monitoring,Monitor customer value and churn risk; no paid intervention,churn-logistic-1.0.0
14714,2011-12-10,Recent developing,899.99,4,0.7383519043237917,1,0.4,Priority 3 - Nurture,Automated email nurture or product reminder,38851.33209999985,664.5093303723693,1116,1700,Priority 3 - Nurture,Low-cost relationship nurture for value protection,churn-logistic-1.0.0
14715,2011-12-10,Champions,1824.55,8,0.4209394284420312,1,0.4,Standard monitoring,Normal low-cost engagement; no paid retention incentive,38851.33209999985,768.025034163908,2341,1453,Priority 3 - Nurture,Low-cost relationship nurture for value protection,churn-logistic-1.0.0
14716,2011-12-10,Recent developing,565.45,3,0.7456953038478689,1,0.4,Priority 3 - Nurture,Automated email nurture or product reminder,38851.33209999985,421.6534095607775,1095,2364,Standard monitoring,Monitor customer value and churn risk; no paid intervention,churn-logistic-1.0.0
14719,2011-12-10,Recent developing,1592.18,5,0.3210590181708873,0,0.4,Standard monitoring,Normal low-cost engagement; no paid retention incentive,38851.33209999985,511.18374755132334,2636,2090,Standard monitoring,Monitor customer value and churn risk; no paid intervention,churn-logistic-1.0.0
14720,2011-12-10,Recent developing,663.81,3,0.5359691715218025,1,0.4,Standard monitoring,Normal low-cost engagement; no paid retention incentive,38851.33209999985,355.7816957478877,1959,2552,Standard monitoring,Monitor customer value and churn risk; no paid intervention,churn-logistic-1.0.0
14722,2011-12-10,At-risk established,513.37,3,0.900602453017365,1,0.4,Priority 1 - Immediate,Personalized outreach for the highest-ranked 10%; use segment and value,38851.33209999985,462.34228130552464,94,2238,Standard monitoring,Monitor customer value and churn risk; no paid intervention,churn-logistic-1.0.0
14723,2011-12-10,Champions,2089.66,11,0.2419839082454215,0,0.4,Standard monitoring,Normal low-cost engagement; no paid retention incentive,38851.33209999985,505.6640937041274,2843,2113,Standard monitoring,Monitor customer value and churn risk; no paid intervention,churn-logistic-1.0.0
14725,2011-12-10,Recent developing,1258.96,4,0.8274400545940573,1,0.4,Priority 2 - Targeted,Targeted retention message for the next-ranked 10%,38851.33209999985,1041.7139311317344,509,985,Priority 3 - Nurture,Low-cost relationship nurture for value protection,churn-logistic-1.0.0
14730,2011-12-10,Champions,2005.06,8,0.2656788963212791,0,0.4,Standard monitoring,Normal low-cost engagement; no paid retention incentive,38851.33209999985,532.7021278579439,2781,2034,Standard monitoring,Monitor customer value and churn risk; no paid intervention,churn-logistic-1.0.0
14731,2011-12-10,Recent developing,380.02,3,0.7617397906727802,1,0.4,Priority 3 - Nurture,Automated email nurture or product reminder,38851.33209999985,289.4763552514699,1040,2766,Standard monitoring,Monitor customer value and churn risk; no paid intervention,churn-logistic-1.0.0
14732,2011-12-10,Champions,5447.52,19,0.1289803707167301,0,0.4,Standard monitoring,Normal low-cost engagement; no paid retention incentive,38851.33209999985,702.6231490868016,3120,1608,Priority 3 - Nurture,Low-cost relationship nurture for value protection,churn-logistic-1.0.0
14733,2011-12-10,Champions,16050.82,15,0.2498124319127305,0,0.4,Standard monitoring,Normal low-cost engagement; no paid retention incentive,38851.33209999985,4009.694378393493,2827,42,Priority 1 - Immediate,Account-manager outreach; prioritize the highest exposed customer value,churn-logistic-1.0.0
14735,2011-12-10,Champions,11899.66,55,0.0136251736306969,0,0.4,Standard monitoring,Normal low-cost engagement; no paid retention incentive,38851.33209999985,162.13493364625867,3372,3126,Standard monitoring,Monitor customer value and churn risk; no paid intervention,churn-logistic-1.0.0
14737,2011-12-10,Champions,3554.17,4,0.6174663737678098,1,0.4,Priority 3 - Nurture,Automated email nurture or product reminder,38851.33209999985,2194.5804616543364,1622,215,Priority 1 - Immediate,Account-manager outreach; prioritize the highest exposed customer value,churn-logistic-1.0.0
14738,2011-12-10,Champions,1797.39,9,0.3687605065858431,0,0.4,Standard monitoring,Normal low-cost engagement; no paid retention incentive,38851.33209999985,662.8064469323285,2513,1707,Priority 3 - Nurture,Low-cost relationship nurture for value protection,churn-logistic-1.0.0
14739,2011-12-10,Champions,12269.57,25,0.0953120628017616,0,0.4,Standard monitoring,Normal low-cost engagement; no paid retention incentive,38851.33209999985,1169.43802639061,3178,816,Priority 3 - Nurture,Low-cost relationship nurture for value protection,churn-logistic-1.0.0
14741,2011-12-10,Champions,1897.59,7,0.3734096666838793,0,0.4,Standard monitoring,Normal low-cost engagement; no paid retention incentive,38851.33209999985,708.5784494026625,2501,1593,Priority 3 - Nurture,Low-cost relationship nurture for value protection,churn-logistic-1.0.0
14744,2011-12-10,Champions,3873.63,14,0.3869202022732642,0,0.4,Standard monitoring,Normal low-cost engagement; no paid retention incentive,38851.33209999985,1498.7857031317844,2464,523,Priority 2 - Targeted,Personalized retention offer for a high-value account,churn-logistic-1.0.0
14745,2011-12-10,At-risk established,2491.46,12,0.5826101166722214,1,0.4,Standard monitoring,Normal low-cost engagement; no paid retention incentive,38851.33209999985,1451.5498012841726,1770,554,Priority 2 - Targeted,Personalized retention offer for a high-value account,churn-logistic-1.0.0
14748,2011-12-10,Champions,2746.01,9,0.4351042248504291,1,0.4,Standard monitoring,Normal low-cost engagement; no paid retention incentive,38851.33209999985,1194.800552481527,2296,791,Priority 3 - Nurture,Low-cost relationship nurture for value protection,churn-logistic-1.0.0
14752,2011-12-10,Recent developing,389.64,1,0.8070452327726216,1,0.4,Priority 2 - Targeted,Targeted retention message for the next-ranked 10%,38851.33209999985,314.45710449752426,684,2672,Standard monitoring,Monitor customer value and churn risk; no paid intervention,churn-logistic-1.0.0
14753,2011-12-10,Recent developing,869.51,2,0.8848129172356726,1,0.4,Priority 1 - Immediate,Personalized outreach for the highest-ranked 10%; use segment and value,38851.33209999985,769.3536796655897,117,1447,Priority 3 - Nurture,Low-cost relationship nurture for value protection,churn-logistic-1.0.0
14754,2011-12-10,At-risk established,1546.28,6,0.6148833432107451,1,0.4,Priority 3 - Nurture,Automated email nurture or product reminder,38851.33209999985,950.781815939911,1632,1121,Priority 3 - Nurture,Low-cost relationship nurture for value protection,churn-logistic-1.0.0
14755,2011-12-10,Champions,9861.05,25,0.0487492330726018,0,0.4,Standard monitoring,Normal low-cost engagement; no paid retention incentive,38851.33209999985,480.71862479057995,3277,2188,Standard monitoring,Monitor customer value and churn risk; no paid intervention,churn-logistic-1.0.0
14756,2011-12-10,Recent developing,2563.46,3,0.82877617475298,1,0.4,Priority 2 - Targeted,Targeted retention message for the next-ranked 10%,38851.33209999985,2124.5345729322744,491,231,Priority 1 - Immediate,Account-manager outreach; prioritize the highest exposed customer value,churn-logistic-1.0.0
14757,2011-12-10,Lapsed low-value,420.5,1,0.8270291371501077,1,0.4,Priority 2 - Targeted,Targeted retention message for the next-ranked 10%,38851.33209999985,347.7657521716203,512,2583,Standard monitoring,Monitor customer value and churn risk; no paid intervention,churn-logistic-1.0.0
14758,2011-12-10,At-risk established,2864.97,7,0.6592441115867562,1,0.4,Priority 3 - Nurture,Automated email nurture or product reminder,38851.33209999985,1888.714602372709,1402,309,Priority 1 - Immediate,Account-manager outreach; prioritize the highest exposed customer value,churn-logistic-1.0.0
14759,2011-12-10,Recent developing,1625.97,3,0.5637240432940718,1,0.4,Standard monitoring,Normal low-cost engagement; no paid retention incentive,38851.33209999985,916.5983826748619,1854,1182,Priority 3 - Nurture,Low-cost relationship nurture for value protection,churn-logistic-1.0.0
14761,2011-12-10,Recent developing,447.92,3,0.8187490781352811,1,0.4,Priority 2 - Targeted,Targeted retention message for the next-ranked 10%,38851.33209999985,366.7340870783551,572,2519,Standard monitoring,Monitor customer value and churn risk; no paid intervention,churn-logistic-1.0.0
14764,2011-12-10,Recent developing,250.55,1,0.8110947793322659,1,0.4,Priority 2 - Targeted,Targeted retention message for the next-ranked 10%,38851.33209999985,203.21979696169925,635,3021,Standard monitoring,Monitor customer value and churn risk; no paid intervention,churn-logistic-1.0.0
14765,2011-12-10,Recent developing,254.11,3,0.5889214635023099,1,0.4,Standard monitoring,Normal low-cost engagement; no paid retention incentive,38851.33209999985,149.65083309057198,1739,3160,Standard monitoring,Monitor customer value and churn risk; no paid intervention,churn-logistic-1.0.0
14766,2011-12-10,Champions,6468.18,11,0.2252805457629078,0,0.4,Standard monitoring,Normal low-cost engagement; no paid retention incentive,38851.33209999985,1457.155120492725,2884,547,Priority 2 - Targeted,Personalized retention offer for a high-value account,churn-logistic-1.0.0
14768,2011-12-10,Recent developing,139.5,2,0.6750258647160441,1,0.4,Priority 3 - Nurture,Automated email nurture or product reminder,38851.33209999985,94.16610812788815,1344,3322,Standard monitoring,Monitor customer value and churn risk; no paid intervention,churn-logistic-1.0.0
14769,2011-12-10,Champions,15695.02,17,0.0397133450083671,0,0.4,Standard monitoring,Normal low-cost engagement; no paid retention incentive,38851.33209999985,623.3017441732219,3293,1800,Standard monitoring,Monitor customer value and churn risk; no paid intervention,churn-logistic-1.0.0
14772,2011-12-10,Lapsed low-value,139.26,1,0.8592043631252605,1,0.4,Priority 1 - Immediate,Personalized outreach for the highest-ranked 10%; use segment and value,38851.33209999985,119.65279960882377,289,3251,Standard monitoring,Monitor customer value and churn risk; no paid intervention,churn-logistic-1.0.0
14775,2011-12-10,At-risk established,1418.46,3,0.7188944342430973,1,0.4,Priority 3 - Nurture,Automated email nurture or product reminder,38851.33209999985,1019.7229991964638,1184,1004,Priority 3 - Nurture,Low-cost relationship nurture for value protection,churn-logistic-1.0.0
14776,2011-12-10,Champions,3339.02,15,0.2224180734717915,0,0.4,Standard monitoring,Normal low-cost engagement; no paid retention incentive,38851.33209999985,742.6583956837812,2894,1508,Priority 3 - Nurture,Low-cost relationship nurture for value protection,churn-logistic-1.0.0
14778,2011-12-10,At-risk established,730.86,2,0.8277672797596144,1,0.4,Priority 2 - Targeted,Targeted retention message for the next-ranked 10%,38851.33209999985,604.9819940851118,504,1848,Standard monitoring,Monitor customer value and churn risk; no paid intervention,churn-logistic-1.0.0
14780,2011-12-10,Recent developing,447.68,2,0.6186072302738136,1,0.4,Priority 3 - Nurture,Automated email nurture or product reminder,38851.33209999985,276.93808484898085,1615,2810,Standard monitoring,Monitor customer value and churn risk; no paid intervention,churn-logistic-1.0.0
14784,2011-12-10,Recent developing,449.93,3,0.8265427817289098,1,0.4,Priority 2 - Targeted,Targeted retention message for the next-ranked 10%,38851.33209999985,371.8863937832884,515,2506,Standard monitoring,Monitor customer value and churn risk; no paid intervention,churn-logistic-1.0.0
14785,2011-12-10,Recent developing,77.4,2,0.572143466217291,1,0.4,Standard monitoring,Normal low-cost engagement; no paid retention incentive,38851.33209999985,44.28390428521832,1821,3406,Standard monitoring,Monitor customer value and churn risk; no paid intervention,churn-logistic-1.0.0
14788,2011-12-10,Recent developing,1156.32,3,0.8677120634131964,1,0.4,Priority 1 - Immediate,Personalized outreach for the highest-ranked 10%; use segment and value,38851.33209999985,1003.3528131659472,216,1032,Priority 3 - Nurture,Low-cost relationship nurture for value protection,churn-logistic-1.0.0
14789,2011-12-10,Recent developing,197.64,1,0.8050991854558857,1,0.4,Priority 3 - Nurture,Automated email nurture or product reminder,38851.33209999985,159.11980301350124,710,3131,Standard monitoring,Monitor customer value and churn risk; no paid intervention,churn-logistic-1.0.0
14790,2011-12-10,Champions,2526.62,10,0.3093634150992497,0,0.4,Standard monitoring,Normal low-cost engagement; no paid retention incentive,38851.33209999985,781.6437918580663,2676,1410,Priority 3 - Nurture,Low-cost relationship nurture for value protection,churn-logistic-1.0.0
14792,2011-12-10,Exceptional high-value,6.2,1,0.8323347423335038,1,0.4,Priority 2 - Targeted,Targeted retention message for the next-ranked 10%,38851.33209999985,5.160475402467724,453,3445,Standard monitoring,Monitor customer value and churn risk; no paid intervention,churn-logistic-1.0.0
14793,2011-12-10,Recent developing,611.0500000000001,2,0.9093725687369024,1,0.4,Priority 1 - Immediate,Personalized outreach for the highest-ranked 10%; use segment and value,38851.33209999985,555.6721081266843,75,1972,Standard monitoring,Monitor customer value and churn risk; no paid intervention,churn-logistic-1.0.0
14794,2011-12-10,Champions,1891.15,10,0.3266210107421227,0,0.4,Standard monitoring,Normal low-cost engagement; no paid retention incentive,38851.33209999985,617.6893244649654,2623,1809,Standard monitoring,Monitor customer value and churn risk; no paid intervention,churn-logistic-1.0.0
14795,2011-12-10,Lapsed low-value,131.45000000000002,1,0.8786855324712625,1,0.4,Priority 1 - Immediate,Personalized outreach for the highest-ranked 10%; use segment and value,38851.33209999985,115.50321324334746,148,3265,Standard monitoring,Monitor customer value and churn risk; no paid intervention,churn-logistic-1.0.0
14796,2011-12-10,Champions,10689.69,27,0.024903897578005,0,0.4,Standard monitoring,Normal low-cost engagement; no paid retention incentive,38851.33209999985,266.2149449006243,3329,2853,Standard monitoring,Monitor customer value and churn risk; no paid intervention,churn-logistic-1.0.0
14798,2011-12-10,At-risk established,715.11,8,0.5092658106400029,1,0.4,Standard monitoring,Normal low-cost engagement; no paid retention incentive,38851.33209999985,364.18107384677245,2053,2528,Standard monitoring,Monitor customer value and churn risk; no paid intervention,churn-logistic-1.0.0
14799,2011-12-10,Recent developing,338.15,2,0.956510458296856,1,0.4,Priority 1 - Immediate,Personalized outreach for the highest-ranked 10%; use segment and value,38851.33209999985,323.44401147308184,1,2647,Standard monitoring,Monitor customer value and churn risk; no paid intervention,churn-logistic-1.0.0
14800,2011-12-10,Champions,7471.82,17,0.136849060077268,0,0.4,Standard monitoring,Normal low-cost engagement; no paid retention incentive,38851.33209999985,1022.5115440665325,3099,1000,Priority 3 - Nurture,Low-cost relationship nurture for value protection,churn-logistic-1.0.0
14801,2011-12-10,Lapsed low-value,193.14,1,0.8173850586639116,1,0.4,Priority 2 - Targeted,Targeted retention message for the next-ranked 10%,38851.33209999985,157.86975023034788,585,3135,Standard monitoring,Monitor customer value and churn risk; no paid intervention,churn-logistic-1.0.0
14803,2011-12-10,At-risk established,845.55,3,0.806464992521307,1,0.4,Priority 3 - Nurture,Automated email nurture or product reminder,38851.33209999985,681.9064744263911,693,1664,Priority 3 - Nurture,Low-cost relationship nurture for value protection,churn-logistic-1.0.0
14804,2011-12-10,Recent developing,353.27,1,0.7883813181538349,1,0.4,Priority 3 - Nurture,Automated email nurture or product reminder,38851.33209999985,278.51146826420523,888,2806,Standard monitoring,Monitor customer value and churn risk; no paid intervention,churn-logistic-1.0.0
14805,2011-12-10,Recent developing,1104.64,7,0.4138135630553199,1,0.4,Standard monitoring,Normal low-cost engagement; no paid retention incentive,38851.33209999985,457.1150142934286,2367,2257,Standard monitoring,Monitor customer value and churn risk; no paid intervention,churn-logistic-1.0.0
14806,2011-12-10,Recent developing,303.43,2,0.8888493192126107,1,0.4,Priority 1 - Immediate,Personalized outreach for the highest-ranked 10%; use segment and value,38851.33209999985,269.70354892868244,112,2836,Standard monitoring,Monitor customer value and churn risk; no paid intervention,churn-logistic-1.0.0
14808,2011-12-10,Champions,2436.62,8,0.3145973469917213,0,0.4,Standard monitoring,Normal low-cost engagement; no paid retention incentive,38851.33209999985,766.554187626968,2657,1458,Priority 3 - Nurture,Low-cost relationship nurture for value protection,churn-logistic-1.0.0
14810,2011-12-10,Champions,2537.02,13,0.3560170387512014,0,0.4,Standard monitoring,Normal low-cost engagement; no paid retention incentive,38851.33209999985,903.2223476525729,2553,1209,Priority 3 - Nurture,Low-cost relationship nurture for value protection,churn-logistic-1.0.0
14815,2011-12-10,Recent developing,778.5,2,0.5924087079087503,1,0.4,Priority 3 - Nurture,Automated email nurture or product reminder,38851.33209999985,461.19017910696215,1725,2242,Standard monitoring,Monitor customer value and churn risk; no paid intervention,churn-logistic-1.0.0
14818,2011-12-10,At-risk established,1170.41,6,0.5474216546962337,1,0.4,Standard monitoring,Normal low-cost engagement; no paid retention incentive,38851.33209999985,640.7077788730189,1925,1765,Standard monitoring,Monitor customer value and churn risk; no paid intervention,churn-logistic-1.0.0
14819,2011-12-10,Recent developing,470.16,4,0.7499031848086457,1,0.4,Priority 3 - Nurture,Automated email nurture or product reminder,38851.33209999985,352.5744813696329,1084,2561,Standard monitoring,Monitor customer value and churn risk; no paid intervention,churn-logistic-1.0.0
14820,2011-12-10,Champions,1274.76,9,0.2877608505684118,0,0.4,Standard monitoring,Normal low-cost engagement; no paid retention incentive,38851.33209999985,366.8260218705886,2737,2518,Standard monitoring,Monitor customer value and churn risk; no paid intervention,churn-logistic-1.0.0
14824,2011-12-10,Champions,3948.31,10,0.2516150001780929,0,0.4,Standard monitoring,Normal low-cost engagement; no paid retention incentive,38851.33209999985,993.454021353166,2821,1042,Priority 3 - Nurture,Low-cost relationship nurture for value protection,churn-logistic-1.0.0
14825,2011-12-10,Champions,4906.53,24,0.0503993183481734,0,0.4,Standard monitoring,Normal low-cost engagement; no paid retention incentive,38851.33209999985,247.28576745486322,3274,2902,Standard monitoring,Monitor customer value and churn risk; no paid intervention,churn-logistic-1.0.0
14829,2011-12-10,Champions,1639.94,7,0.6031891159356493,1,0.4,Priority 3 - Nurture,Automated email nurture or product reminder,38851.33209999985,989.1939587875087,1685,1049,Priority 3 - Nurture,Low-cost relationship nurture for value protection,churn-logistic-1.0.0
14830,2011-12-10,Lapsed low-value,196.28,1,0.808803739958375,1,0.4,Priority 2 - Targeted,Targeted retention message for the next-ranked 10%,38851.33209999985,158.75199807902985,666,3132,Standard monitoring,Monitor customer value and churn risk; no paid intervention,churn-logistic-1.0.0
14834,2011-12-10,Champions,2184.21,7,0.2529871280973193,0,0.4,Standard monitoring,Normal low-cost engagement; no paid retention incentive,38851.33209999985,552.5770150614459,2816,1979,Standard monitoring,Monitor customer value and churn risk; no paid intervention,churn-logistic-1.0.0
14836,2011-12-10,Recent developing,102.45,3,0.5083856132796953,1,0.4,Standard monitoring,Normal low-cost engagement; no paid retention incentive,38851.33209999985,52.08410608050479,2059,3397,Standard monitoring,Monitor customer value and churn risk; no paid intervention,churn-logistic-1.0.0
14837,2011-12-10,At-risk established,3445.82,9,0.4044251239030553,1,0.4,Standard monitoring,Normal low-cost engagement; no paid retention incentive,38851.33209999985,1393.576180447626,2397,598,Priority 2 - Targeted,Personalized retention offer for a high-value account,churn-logistic-1.0.0
14841,2011-12-10,Champions,7163.0,14,0.2127612370637893,0,0.4,Standard monitoring,Normal low-cost engagement; no paid retention incentive,38851.33209999985,1524.0087410879228,2916,502,Priority 2 - Targeted,Personalized retention offer for a high-value account,churn-logistic-1.0.0
14842,2011-12-10,At-risk established,2456.8,4,0.5115367113252849,1,0.4,Standard monitoring,Normal low-cost engagement; no paid retention incentive,38851.33209999985,1256.74339238396,2041,734,Priority 3 - Nurture,Low-cost relationship nurture for value protection,churn-logistic-1.0.0
14844,2011-12-10,Champions,6694.93,10,0.4000445945876373,1,0.4,Standard monitoring,Normal low-cost engagement; no paid retention incentive,38851.33209999985,2678.2705576426106,2414,127,Priority 1 - Immediate,Account-manager outreach; prioritize the highest exposed customer value,churn-logistic-1.0.0
14847,2011-12-10,At-risk established,1320.6,3,0.8389829892988608,1,0.4,Priority 2 - Targeted,Targeted retention message for the next-ranked 10%,38851.33209999985,1107.9609356680755,409,899,Priority 3 - Nurture,Low-cost relationship nurture for value protection,churn-logistic-1.0.0
14849,2011-12-10,Champions,15542.44,43,0.0637229979070513,0,0.4,Standard monitoring,Normal low-cost engagement; no paid retention incentive,38851.33209999985,990.4108715904704,3239,1048,Priority 3 - Nurture,Low-cost relationship nurture for value protection,churn-logistic-1.0.0
14851,2011-12-10,Recent developing,829.4100000000001,3,0.8039467083170683,1,0.4,Priority 3 - Nurture,Automated email nurture or product reminder,38851.33209999985,666.8014393452596,719,1694,Priority 3 - Nurture,Low-cost relationship nurture for value protection,churn-logistic-1.0.0
14852,2011-12-10,Champions,6122.43,18,0.3139637377203641,0,0.4,Standard monitoring,Normal low-cost engagement; no paid retention incentive,38851.33209999985,1922.221006731289,2659,299,Priority 1 - Immediate,Account-manager outreach; prioritize the highest exposed customer value,churn-logistic-1.0.0
14853,2011-12-10,Recent developing,1351.37,5,0.6610009853593879,1,0.4,Priority 3 - Nurture,Automated email nurture or product reminder,38851.33209999985,893.256901585116,1398,1219,Priority 3 - Nurture,Low-cost relationship nurture for value protection,churn-logistic-1.0.0
14854,2011-12-10,Champions,4302.17,11,0.3225218468404134,0,0.4,Standard monitoring,Normal low-cost engagement; no paid retention incentive,38851.33209999985,1387.5438138214213,2633,603,Priority 2 - Targeted,Personalized retention offer for a high-value account,churn-logistic-1.0.0
14855,2011-12-10,At-risk established,6520.3,7,0.6499376662529871,1,0.4,Priority 3 - Nurture,Automated email nurture or product reminder,38851.33209999985,4237.788565269352,1447,36,Priority 1 - Immediate,Account-manager outreach; prioritize the highest exposed customer value,churn-logistic-1.0.0
14856,2011-12-10,Recent developing,1311.38,3,0.5670368156092378,1,0.4,Standard monitoring,Normal low-cost engagement; no paid retention incentive,38851.33209999985,743.6007392536424,1842,1505,Priority 3 - Nurture,Low-cost relationship nurture for value protection,churn-logistic-1.0.0
14857,2011-12-10,At-risk established,3578.931,7,0.5179384211963909,1,0.4,Standard monitoring,Normal low-cost engagement; no paid retention incentive,38851.33209999985,1853.6658717108205,2019,325,Priority 1 - Immediate,Account-manager outreach; prioritize the highest exposed customer value,churn-logistic-1.0.0
14859,2011-12-10,Recent developing,1703.94,5,0.6651887939450153,1,0.4,Priority 3 - Nurture,Automated email nurture or product reminder,38851.33209999985,1133.4417935546694,1381,864,Priority 3 - Nurture,Low-cost relationship nurture for value protection,churn-logistic-1.0.0
14860,2011-12-10,Recent developing,168.62,1,0.7979850637755518,1,0.4,Priority 3 - Nurture,Automated email nurture or product reminder,38851.33209999985,134.55624145383354,788,3204,Standard monitoring,Monitor customer value and churn risk; no paid intervention,churn-logistic-1.0.0
14861,2011-12-10,At-risk established,1322.15,10,0.5734343583679574,1,0.4,Standard monitoring,Normal low-cost engagement; no paid retention incentive,38851.33209999985,758.166236916195,1815,1472,Priority 3 - Nurture,Low-cost relationship nurture for value protection,churn-logistic-1.0.0
14862,2011-12-10,Recent developing,841.1999999999999,2,0.6555228385800282,1,0.4,Priority 3 - Nurture,Automated email nurture or product reminder,38851.33209999985,551.4258118135197,1423,1983,Standard monitoring,Monitor customer value and churn risk; no paid intervention,churn-logistic-1.0.0
14863,2011-12-10,Recent developing,266.76,1,0.8020522651031271,1,0.4,Priority 3 - Nurture,Automated email nurture or product reminder,38851.33209999985,213.95546223891017,740,2995,Standard monitoring,Monitor customer value and churn risk; no paid intervention,churn-logistic-1.0.0
14865,2011-12-10,Recent developing,129.72,4,0.8929798103518715,1,0.4,Priority 1 - Immediate,Personalized outreach for the highest-ranked 10%; use segment and value,38851.33209999985,115.83734099884477,109,3263,Standard monitoring,Monitor customer value and churn risk; no paid intervention,churn-logistic-1.0.0
14866,2011-12-10,Champions,20610.06,17,0.020132237406572,0,0.4,Standard monitoring,Normal low-cost engagement; no paid retention incentive,38851.33209999985,414.9266208836933,3349,2386,Standard monitoring,Monitor customer value and churn risk; no paid intervention,churn-logistic-1.0.0
14868,2011-12-10,Champions,4170.06,12,0.1500665393076601,0,0.4,Standard monitoring,Normal low-cost engagement; no paid retention incentive,38851.33209999985,625.7864729053011,3077,1796,Standard monitoring,Monitor customer value and churn risk; no paid intervention,churn-logistic-1.0.0
14869,2011-12-10,Champions,2776.8,6,0.4120409492102129,1,0.4,Standard monitoring,Normal low-cost engagement; no paid retention incentive,38851.33209999985,1144.1553077669191,2372,851,Priority 3 - Nurture,Low-cost relationship nurture for value protection,churn-logistic-1.0.0
14871,2011-12-10,Champions,1258.97,9,0.3929416632681882,0,0.4,Standard monitoring,Normal low-cost engagement; no paid retention incentive,38851.33209999985,494.7017658047509,2442,2152,Standard monitoring,Monitor customer value and churn risk; no paid intervention,churn-logistic-1.0.0
14875,2011-12-10,At-risk established,2851.0,3,0.7370597042289014,1,0.4,Priority 3 - Nurture,Automated email nurture or product reminder,38851.33209999985,2101.357216756598,1122,240,Priority 1 - Immediate,Account-manager outreach; prioritize the highest exposed customer value,churn-logistic-1.0.0
14878,2011-12-10,Champions,3963.04,25,0.136194890513659,0,0.4,Standard monitoring,Normal low-cost engagement; no paid retention incentive,38851.33209999985,539.7457989012511,3102,2018,Standard monitoring,Monitor customer value and churn risk; no paid intervention,churn-logistic-1.0.0
14880,2011-12-10,Recent developing,706.19,3,0.7140411436313231,1,0.4,Priority 3 - Nurture,Automated email nurture or product reminder,38851.33209999985,504.2487152210041,1209,2118,Standard monitoring,Monitor customer value and churn risk; no paid intervention,churn-logistic-1.0.0
14881,2011-12-10,Recent developing,255.4,1,0.7962914464632951,1,0.4,Priority 3 - Nurture,Automated email nurture or product reminder,38851.33209999985,203.37283542672557,802,3020,Standard monitoring,Monitor customer value and churn risk; no paid intervention,churn-logistic-1.0.0
14882,2011-12-10,Champions,3408.15,14,0.4077745288390023,1,0.4,Standard monitoring,Normal low-cost engagement; no paid retention incentive,38851.33209999985,1389.7567604626456,2386,601,Priority 2 - Targeted,Personalized retention offer for a high-value account,churn-logistic-1.0.0
14883,2011-12-10,Recent developing,756.64,6,0.3937066309408223,0,0.4,Standard monitoring,Normal low-cost engagement; no paid retention incentive,38851.33209999985,297.8941852350638,2440,2731,Standard monitoring,Monitor customer value and churn risk; no paid intervention,churn-logistic-1.0.0
14885,2011-12-10,At-risk established,1496.12,3,0.8813466927082498,1,0.4,Priority 1 - Immediate,Personalized outreach for the highest-ranked 10%; use segment and value,38851.33209999985,1318.6004138946666,131,670,Priority 2 - Targeted,Personalized retention offer for a high-value account,churn-logistic-1.0.0
14887,2011-12-10,Recent developing,1862.0,1,0.795261131655765,1,0.4,Priority 3 - Nurture,Automated email nurture or product reminder,38851.33209999985,1480.7762271430342,815,537,Priority 2 - Targeted,Personalized retention offer for a high-value account,churn-logistic-1.0.0
14891,2011-12-10,At-risk established,1106.73,4,0.7610916846408959,1,0.4,Priority 3 - Nurture,Automated email nurture or product reminder,38851.33209999985,842.3230001426188,1043,1299,Priority 3 - Nurture,Low-cost relationship nurture for value protection,churn-logistic-1.0.0
14893,2011-12-10,Recent developing,1785.01,3,0.868755487591008,1,0.4,Priority 1 - Immediate,Personalized outreach for the highest-ranked 10%; use segment and value,38851.33209999985,1550.737232904825,207,470,Priority 2 - Targeted,Personalized retention offer for a high-value account,churn-logistic-1.0.0
14894,2011-12-10,At-risk established,1426.51,3,0.8265982805413937,1,0.4,Priority 2 - Targeted,Targeted retention message for the next-ranked 10%,38851.33209999985,1179.1507131751036,514,805,Priority 3 - Nurture,Low-cost relationship nurture for value protection,churn-logistic-1.0.0
14895,2011-12-10,Champions,24454.89,37,0.0330876079252706,0,0.4,Standard monitoring,Normal low-cost engagement; no paid retention incentive,38851.33209999985,809.1538121756207,3307,1363,Priority 3 - Nurture,Low-cost relationship nurture for value protection,churn-logistic-1.0.0
14897,2011-12-10,Champions,3100.74,8,0.3606624262468745,0,0.4,Standard monitoring,Normal low-cost engagement; no paid retention incentive,38851.33209999985,1118.3204115607336,2541,882,Priority 3 - Nurture,Low-cost relationship nurture for value protection,churn-logistic-1.0.0
14898,2011-12-10,Champions,3359.41,14,0.2812083889723797,0,0.4,Standard monitoring,Normal low-cost engagement; no paid retention incentive,38851.33209999985,944.6942739977021,2753,1127,Priority 3 - Nurture,Low-cost relationship nurture for value protection,churn-logistic-1.0.0
14901,2011-12-10,Champions,2277.05,12,0.1696886900415595,0,0.4,Standard monitoring,Normal low-cost engagement; no paid retention incentive,38851.33209999985,386.3896316591331,3023,2466,Standard monitoring,Monitor customer value and churn risk; no paid intervention,churn-logistic-1.0.0
14902,2011-12-10,Recent developing,1000.27,3,0.8239021889898434,1,0.4,Priority 2 - Targeted,Targeted retention message for the next-ranked 10%,38851.33209999985,824.1246425808706,535,1335,Priority 3 - Nurture,Low-cost relationship nurture for value protection,churn-logistic-1.0.0
14903,2011-12-10,Champions,2755.43,5,0.4635829856957972,1,0.4,Standard monitoring,Normal low-cost engagement; no paid retention incentive,38851.33209999985,1277.3704662757705,2208,711,Priority 3 - Nurture,Low-cost relationship nurture for value protection,churn-logistic-1.0.0
14904,2011-12-10,Recent developing,1640.64,4,0.5647624001054649,1,0.4,Standard monitoring,Normal low-cost engagement; no paid retention incentive,38851.33209999985,926.5717841090299,1850,1163,Priority 3 - Nurture,Low-cost relationship nurture for value protection,churn-logistic-1.0.0
14905,2011-12-10,At-risk established,1939.69,8,0.6296781687801836,1,0.4,Priority 3 - Nurture,Automated email nurture or product reminder,38851.33209999985,1221.3804472012343,1551,759,Priority 3 - Nurture,Low-cost relationship nurture for value protection,churn-logistic-1.0.0
14907,2011-12-10,Champions,6107.29,16,0.214748619279229,0,0.4,Standard monitoring,Normal low-cost engagement; no paid retention incentive,38851.33209999985,1311.5320950378425,2908,677,Priority 2 - Targeted,Personalized retention offer for a high-value account,churn-logistic-1.0.0
14908,2011-12-10,Recent developing,381.9,2,0.8963700272765812,1,0.4,Priority 1 - Immediate,Personalized outreach for the highest-ranked 10%; use segment and value,38851.33209999985,342.32371341692635,99,2602,Standard monitoring,Monitor customer value and churn risk; no paid intervention,churn-logistic-1.0.0
14910,2011-12-10,Recent developing,397.36,4,0.4006325026602985,1,0.4,Standard monitoring,Normal low-cost engagement; no paid retention incentive,38851.33209999985,159.1953312570962,2412,3130,Standard monitoring,Monitor customer value and churn risk; no paid intervention,churn-logistic-1.0.0
14911,2011-12-10,Exceptional high-value,262502.76,373,2.772454548415457e-18,0,0.4,Standard monitoring,Normal low-cost engagement; no paid retention incentive,38851.33209999985,1.0771355239264402e-13,3464,3463,Standard monitoring,Monitor customer value and churn risk; no paid intervention,churn-logistic-1.0.0
14912,2011-12-10,Recent developing,1829.78,5,0.6672449501236838,1,0.4,Priority 3 - Nurture,Automated email nurture or product reminder,38851.33209999985,1220.911464837314,1376,761,Priority 3 - Nurture,Low-cost relationship nurture for value protection,churn-logistic-1.0.0
14913,2011-12-10,Champions,4073.13,8,0.464458812884946,1,0.4,Standard monitoring,Normal low-cost engagement; no paid retention incentive,38851.33209999985,1891.8011245260602,2207,308,Priority 1 - Immediate,Account-manager outreach; prioritize the highest exposed customer value,churn-logistic-1.0.0
14915,2011-12-10,At-risk established,1750.65,11,0.5770528155566208,1,0.4,Standard monitoring,Normal low-cost engagement; no paid retention incentive,38851.33209999985,1010.2175115541983,1800,1019,Priority 3 - Nurture,Low-cost relationship nurture for value protection,churn-logistic-1.0.0
14916,2011-12-10,At-risk established,2886.41,8,0.4390783219459898,1,0.4,Standard monitoring,Normal low-cost engagement; no paid retention incentive,38851.33209999985,1267.3600592481243,2286,722,Priority 3 - Nurture,Low-cost relationship nurture for value protection,churn-logistic-1.0.0
14918,2011-12-10,At-risk established,5955.81,9,0.5787642357629574,1,0.4,Standard monitoring,Normal low-cost engagement; no paid retention incentive,38851.33209999985,3447.0098229993796,1791,59,Priority 1 - Immediate,Account-manager outreach; prioritize the highest exposed customer value,churn-logistic-1.0.0
14921,2011-12-10,Recent developing,1316.07,2,0.7268591594440337,1,0.4,Priority 3 - Nurture,Automated email nurture or product reminder,38851.33209999985,956.5975339695093,1161,1104,Priority 3 - Nurture,Low-cost relationship nurture for value protection,churn-logistic-1.0.0
14923,2011-12-10,Recent developing,749.1,1,0.7875909931141062,1,0.4,Priority 3 - Nurture,Automated email nurture or product reminder,38851.33209999985,589.984412941777,894,1890,Standard monitoring,Monitor customer value and churn risk; no paid intervention,churn-logistic-1.0.0
14929,2011-12-10,Recent developing,836.69,2,0.8692605606142291,1,0.4,Priority 1 - Immediate,Personalized outreach for the highest-ranked 10%; use segment and value,38851.33209999985,727.3016184603193,201,1551,Priority 3 - Nurture,Low-cost relationship nurture for value protection,churn-logistic-1.0.0
14930,2011-12-10,At-risk established,5136.64,6,0.6677247474806519,1,0.4,Priority 3 - Nurture,Automated email nurture or product reminder,38851.33209999985,3429.8616468990163,1374,60,Priority 1 - Immediate,Account-manager outreach; prioritize the highest exposed customer value,churn-logistic-1.0.0
14931,2011-12-10,Recent developing,864.6800000000001,4,0.5276274259846444,1,0.4,Standard monitoring,Normal low-cost engagement; no paid retention incentive,38851.33209999985,456.2288827004024,1985,2259,Standard monitoring,Monitor customer value and churn risk; no paid intervention,churn-logistic-1.0.0
14934,2011-12-10,At-risk established,2471.07,3,0.752745900714597,1,0.4,Priority 3 - Nurture,Automated email nurture or product reminder,38851.33209999985,1860.0878128788195,1075,319,Priority 1 - Immediate,Account-manager outreach; prioritize the highest exposed customer value,churn-logistic-1.0.0
14936,2011-12-10,Champions,12378.46,12,0.1836675795551006,0,0.4,Standard monitoring,Normal low-cost engagement; no paid retention incentive,38851.33209999985,2273.5217868196305,2992,198,Priority 1 - Immediate,Account-manager outreach; prioritize the highest exposed customer value,churn-logistic-1.0.0
14937,2011-12-10,At-risk established,1617.63,3,0.6232513255486375,1,0.4,Priority 3 - Nurture,Automated email nurture or product reminder,38851.33209999985,1008.1900417472425,1591,1022,Priority 3 - Nurture,Low-cost relationship nurture for value protection,churn-logistic-1.0.0
14944,2011-12-10,Champions,9577.32,19,0.2028405605665132,0,0.4,Standard monitoring,Normal low-cost engagement; no paid retention incentive,38851.33209999985,1942.6689575248781,2941,290,Priority 1 - Immediate,Account-manager outreach; prioritize the highest exposed customer value,churn-logistic-1.0.0
14946,2011-12-10,Recent developing,100.9,1,0.8019126001917707,1,0.4,Priority 3 - Nurture,Automated email nurture or product reminder,38851.33209999985,80.91298135934967,742,3353,Standard monitoring,Monitor customer value and churn risk; no paid intervention,churn-logistic-1.0.0
14947,2011-12-10,At-risk established,1049.79,6,0.5864983209299564,1,0.4,Standard monitoring,Normal low-cost engagement; no paid retention incentive,38851.33209999985,615.7000723290589,1754,1815,Standard monitoring,Monitor customer value and churn risk; no paid intervention,churn-logistic-1.0.0
14948,2011-12-10,Recent developing,1066.57,6,0.3883079532314147,0,0.4,Standard monitoring,Normal low-cost engagement; no paid retention incentive,38851.33209999985,414.15761367803,2457,2388,Standard monitoring,Monitor customer value and churn risk; no paid intervention,churn-logistic-1.0.0
14950,2011-12-10,Recent developing,361.25,1,0.7894676409899729,1,0.4,Priority 3 - Nurture,Automated email nurture or product reminder,38851.33209999985,285.1951853076277,873,2780,Standard monitoring,Monitor customer value and churn risk; no paid intervention,churn-logistic-1.0.0
14951,2011-12-10,Lapsed low-value,311.69,1,0.8319624408006085,1,0.4,Priority 2 - Targeted,Targeted retention message for the next-ranked 10%,38851.33209999985,259.3143731731417,460,2868,Standard monitoring,Monitor customer value and churn risk; no paid intervention,churn-logistic-1.0.0
14952,2011-12-10,Champions,17324.45,32,0.1522680527254884,0,0.4,Standard monitoring,Normal low-cost engagement; no paid retention incentive,38851.33209999985,2637.960266040088,3068,134,Priority 1 - Immediate,Account-manager outreach; prioritize the highest exposed customer value,churn-logistic-1.0.0
14953,2011-12-10,Recent developing,1002.87,4,0.8445910635429702,1,0.4,Priority 2 - Targeted,Targeted retention message for the next-ranked 10%,38851.33209999985,847.0150398953385,371,1289,Priority 3 - Nurture,Low-cost relationship nurture for value protection,churn-logistic-1.0.0
14954,2011-12-10,Recent developing,503.44,2,0.9429638450028476,1,0.4,Priority 1 - Immediate,Personalized outreach for the highest-ranked 10%; use segment and value,38851.33209999985,474.7257181282336,15,2204,Standard monitoring,Monitor customer value and churn risk; no paid intervention,churn-logistic-1.0.0
14958,2011-12-10,At-risk established,957.94,6,0.7137062234888369,1,0.4,Priority 3 - Nurture,Automated email nurture or product reminder,38851.33209999985,683.6877397288965,1210,1660,Priority 3 - Nurture,Low-cost relationship nurture for value protection,churn-logistic-1.0.0
14959,2011-12-10,Recent developing,684.97,4,0.633684188056745,1,0.4,Priority 3 - Nurture,Automated email nurture or product reminder,38851.33209999985,434.0546582932286,1530,2332,Standard monitoring,Monitor customer value and churn risk; no paid intervention,churn-logistic-1.0.0
14960,2011-12-10,Recent developing,221.27,2,0.700707930270834,1,0.4,Priority 3 - Nurture,Automated email nurture or product reminder,38851.33209999985,155.04564373102744,1258,3148,Standard monitoring,Monitor customer value and churn risk; no paid intervention,churn-logistic-1.0.0
14961,2011-12-10,Champions,16330.1,22,0.1011441558315581,0,0.4,Standard monitoring,Normal low-cost engagement; no paid retention incentive,38851.33209999985,1651.694179144927,3171,410,Priority 2 - Targeted,Personalized retention offer for a high-value account,churn-logistic-1.0.0
14963,2011-12-10,Champions,3164.48,12,0.1837343780188092,0,0.4,Standard monitoring,Normal low-cost engagement; no paid retention incentive,38851.33209999985,581.4237645529614,2991,1911,Standard monitoring,Monitor customer value and churn risk; no paid intervention,churn-logistic-1.0.0
14965,2011-12-10,Recent developing,599.0,2,0.8422901702420733,1,0.4,Priority 2 - Targeted,Targeted retention message for the next-ranked 10%,38851.33209999985,504.5318119750019,383,2117,Standard monitoring,Monitor customer value and churn risk; no paid intervention,churn-logistic-1.0.0
14966,2011-12-10,Recent developing,1115.84,6,0.7441791631249397,1,0.4,Priority 3 - Nurture,Automated email nurture or product reminder,38851.33209999985,830.3848773813327,1100,1321,Priority 3 - Nurture,Low-cost relationship nurture for value protection,churn-logistic-1.0.0
14967,2011-12-10,At-risk established,1982.61,6,0.804208903839382,1,0.4,Priority 3 - Nurture,Automated email nurture or product reminder,38851.33209999985,1594.432614840997,716,440,Priority 2 - Targeted,Personalized retention offer for a high-value account,churn-logistic-1.0.0
14968,2011-12-10,Recent developing,501.24,2,0.878212857994202,1,0.4,Priority 1 - Immediate,Personalized outreach for the highest-ranked 10%; use segment and value,38851.33209999985,440.19541294101384,152,2312,Standard monitoring,Monitor customer value and churn risk; no paid intervention,churn-logistic-1.0.0
14970,2011-12-10,Champions,4317.75,12,0.4489207001226226,1,0.4,Standard monitoring,Normal low-cost engagement; no paid retention incentive,38851.33209999985,1938.3273529544538,2253,295,Priority 1 - Immediate,Account-manager outreach; prioritize the highest exposed customer value,churn-logistic-1.0.0
14971,2011-12-10,Recent developing,1116.57,3,0.5259765614257887,1,0.4,Standard monitoring,Normal low-cost engagement; no paid retention incentive,38851.33209999985,587.2896491911929,1990,1897,Standard monitoring,Monitor customer value and churn risk; no paid intervention,churn-logistic-1.0.0
14972,2011-12-10,Lapsed low-value,145.07,2,0.8705302630277559,1,0.4,Priority 1 - Immediate,Personalized outreach for the highest-ranked 10%; use segment and value,38851.33209999985,126.28782525743655,195,3233,Standard monitoring,Monitor customer value and churn risk; no paid intervention,churn-logistic-1.0.0
14973,2011-12-10,At-risk established,1314.45,3,0.7277121369548353,1,0.4,Priority 3 - Nurture,Automated email nurture or product reminder,38851.33209999985,956.5412184202833,1159,1105,Priority 3 - Nurture,Low-cost relationship nurture for value protection,churn-logistic-1.0.0
14974,2011-12-10,Lapsed low-value,114.39,1,0.8090919453791566,1,0.4,Priority 2 - Targeted,Targeted retention message for the next-ranked 10%,38851.33209999985,92.55202763192173,663,3328,Standard monitoring,Monitor customer value and churn risk; no paid intervention,churn-logistic-1.0.0
14975,2011-12-10,Recent developing,472.39,2,0.8732370624900218,1,0.4,Priority 1 - Immediate,Personalized outreach for the highest-ranked 10%; use segment and value,38851.33209999985,412.50845594966137,176,2398,Standard monitoring,Monitor customer value and churn risk; no paid intervention,churn-logistic-1.0.0
14976,2011-12-10,At-risk established,749.86,6,0.577122499770789,1,0.4,Standard monitoring,Normal low-cost engagement; no paid retention incentive,38851.33209999985,432.76107767812385,1799,2337,Standard monitoring,Monitor customer value and churn risk; no paid intervention,churn-logistic-1.0.0
14978,2011-12-10,Champions,3122.24,10,0.5084309421247923,1,0.4,Standard monitoring,Normal low-cost engagement; no paid retention incentive,38851.33209999985,1587.4434247397114,2058,443,Priority 2 - Targeted,Personalized retention offer for a high-value account,churn-logistic-1.0.0
14984,2011-12-10,Recent developing,1271.41,6,0.5878034801699668,1,0.4,Standard monitoring,Normal low-cost engagement; no paid retention incentive,38851.33209999985,747.3392227228975,1742,1496,Priority 3 - Nurture,Low-cost relationship nurture for value protection,churn-logistic-1.0.0
14987,2011-12-10,Champions,1632.25,8,0.6113408318462454,1,0.4,Priority 3 - Nurture,Automated email nurture or product reminder,38851.33209999985,997.8610727810341,1645,1036,Priority 3 - Nurture,Low-cost relationship nurture for value protection,churn-logistic-1.0.0
14995,2011-12-10,Recent developing,233.23,2,0.8024026413230224,1,0.4,Priority 3 - Nurture,Automated email nurture or product reminder,38851.33209999985,187.1443680357685,736,3056,Standard monitoring,Monitor customer value and churn risk; no paid intervention,churn-logistic-1.0.0
14997,2011-12-10,Recent developing,771.38,4,0.6282501470974535,1,0.4,Priority 3 - Nurture,Automated email nurture or product reminder,38851.33209999985,484.6195984680337,1562,2174,Standard monitoring,Monitor customer value and churn risk; no paid intervention,churn-logistic-1.0.0
14998,2011-12-10,At-risk established,770.73,4,0.7929241377843927,1,0.4,Priority 3 - Nurture,Automated email nurture or product reminder,38851.33209999985,611.130420714565,841,1830,Standard monitoring,Monitor customer value and churn risk; no paid intervention,churn-logistic-1.0.0
15000,2011-12-10,Recent developing,490.52,1,0.7848805681912654,1,0.4,Priority 3 - Nurture,Automated email nurture or product reminder,38851.33209999985,384.9996163091795,912,2472,Standard monitoring,Monitor customer value and churn risk; no paid intervention,churn-logistic-1.0.0
15002,2011-12-10,At-risk established,4817.28,9,0.5189293183134744,1,0.4,Standard monitoring,Normal low-cost engagement; no paid retention incentive,38851.33209999985,2499.8278265251342,2014,151,Priority 1 - Immediate,Account-manager outreach; prioritize the highest exposed customer value,churn-logistic-1.0.0
15004,2011-12-10,At-risk established,1245.93,1,0.8150249706288943,1,0.4,Priority 2 - Targeted,Targeted retention message for the next-ranked 10%,38851.33209999985,1015.4640616556584,603,1012,Priority 3 - Nurture,Low-cost relationship nurture for value protection,churn-logistic-1.0.0
15005,2011-12-10,Champions,13818.03,56,0.0010241838717761,0,0.4,Standard monitoring,Normal low-cost engagement; no paid retention incentive,38851.33209999985,14.152203465718303,3436,3434,Standard monitoring,Monitor customer value and churn risk; no paid intervention,churn-logistic-1.0.0
15006,2011-12-10,Recent developing,820.19,2,0.8531341091047084,1,0.4,Priority 1 - Immediate,Personalized outreach for the highest-ranked 10%; use segment and value,38851.33209999985,699.7320649465909,323,1619,Priority 3 - Nurture,Low-cost relationship nurture for value protection,churn-logistic-1.0.0
15007,2011-12-10,Lapsed low-value,156.91,1,0.8748784843878695,1,0.4,Priority 1 - Immediate,Personalized outreach for the highest-ranked 10%; use segment and value,38851.33209999985,137.2771829853006,165,3198,Standard monitoring,Monitor customer value and churn risk; no paid intervention,churn-logistic-1.0.0
15009,2011-12-10,Recent developing,1261.78,3,0.4079357709833497,1,0.4,Standard monitoring,Normal low-cost engagement; no paid retention incentive,38851.33209999985,514.725197111371,2385,2082,Standard monitoring,Monitor customer value and churn risk; no paid intervention,churn-logistic-1.0.0
15010,2011-12-10,Recent developing,308.94,1,0.8013613805261242,1,0.4,Priority 3 - Nurture,Automated email nurture or product reminder,38851.33209999985,247.5725848997408,749,2901,Standard monitoring,Monitor customer value and churn risk; no paid intervention,churn-logistic-1.0.0
15012,2011-12-10,Recent developing,860.62,3,0.772871534106972,1,0.4,Priority 3 - Nurture,Automated email nurture or product reminder,38851.33209999985,665.1486996831422,982,1698,Priority 3 - Nurture,Low-cost relationship nurture for value protection,churn-logistic-1.0.0
15014,2011-12-10,Recent developing,260.17,2,0.6977276681530717,1,0.4,Priority 3 - Nurture,Automated email nurture or product reminder,38851.33209999985,181.5278074233847,1269,3072,Standard monitoring,Monitor customer value and churn risk; no paid intervention,churn-logistic-1.0.0
15016,2011-12-10,At-risk established,622.3,5,0.8155424110743834,1,0.4,Priority 2 - Targeted,Targeted retention message for the next-ranked 10%,38851.33209999985,507.51204241158877,597,2106,Standard monitoring,Monitor customer value and churn risk; no paid intervention,churn-logistic-1.0.0
15017,2011-12-10,Recent developing,125.58,1,0.8060632859784395,1,0.4,Priority 3 - Nurture,Automated email nurture or product reminder,38851.33209999985,101.22542745317243,695,3299,Standard monitoring,Monitor customer value and churn risk; no paid intervention,churn-logistic-1.0.0
15018,2011-12-10,Recent developing,567.51,3,0.7632282195291655,1,0.4,Priority 3 - Nurture,Automated email nurture or product reminder,38851.33209999985,433.13964686499673,1032,2336,Standard monitoring,Monitor customer value and churn risk; no paid intervention,churn-logistic-1.0.0
15021,2011-12-10,Champions,2699.64,12,0.1469244438111677,0,0.4,Standard monitoring,Normal low-cost engagement; no paid retention incentive,38851.33209999985,396.6431054903808,3086,2439,Standard monitoring,Monitor customer value and churn risk; no paid intervention,churn-logistic-1.0.0
15022,2011-12-10,Recent developing,1186.09,5,0.6056854136445298,1,0.4,Priority 3 - Nurture,Automated email nurture or product reminder,38851.33209999985,718.3974122696403,1673,1575,Priority 3 - Nurture,Low-cost relationship nurture for value protection,churn-logistic-1.0.0
15023,2011-12-10,Champions,12069.04,20,0.0426712367804859,0,0.4,Standard monitoring,Normal low-cost engagement; no paid retention incentive,38851.33209999985,515.0008635531556,3289,2081,Standard monitoring,Monitor customer value and churn risk; no paid intervention,churn-logistic-1.0.0
15024,2011-12-10,Champions,4075.51,16,0.189986109301285,0,0.4,Standard monitoring,Normal low-cost engagement; no paid retention incentive,38851.33209999985,774.2902883184801,2972,1433,Priority 3 - Nurture,Low-cost relationship nurture for value protection,churn-logistic-1.0.0
15025,2011-12-10,Recent developing,1005.14,2,0.9030181391258786,1,0.4,Priority 1 - Immediate,Personalized outreach for the highest-ranked 10%; use segment and value,38851.33209999985,907.6596523609855,85,1202,Priority 3 - Nurture,Low-cost relationship nurture for value protection,churn-logistic-1.0.0
15026,2011-12-10,At-risk established,1056.81,5,0.6686674086423808,1,0.4,Priority 3 - Nurture,Automated email nurture or product reminder,38851.33209999985,706.6544041273545,1370,1599,Priority 3 - Nurture,Low-cost relationship nurture for value protection,churn-logistic-1.0.0
15027,2011-12-10,Champions,2974.04,10,0.4452412824106509,1,0.4,Standard monitoring,Normal low-cost engagement; no paid retention incentive,38851.33209999985,1324.1653835405723,2267,661,Priority 2 - Targeted,Personalized retention offer for a high-value account,churn-logistic-1.0.0
15028,2011-12-10,Recent developing,1157.71,6,0.5865950171948512,1,0.4,Standard monitoring,Normal low-cost engagement; no paid retention incentive,38851.33209999985,679.1069173566511,1753,1668,Priority 3 - Nurture,Low-cost relationship nurture for value protection,churn-logistic-1.0.0
15030,2011-12-10,At-risk established,1967.16,8,0.6277406739222149,1,0.4,Priority 3 - Nurture,Automated email nurture or product reminder,38851.33209999985,1234.8663441128242,1568,752,Priority 3 - Nurture,Low-cost relationship nurture for value protection,churn-logistic-1.0.0
15031,2011-12-10,Champions,2923.73,14,0.2013001367874315,0,0.4,Standard monitoring,Normal low-cost engagement; no paid retention incentive,38851.33209999985,588.5472489295171,2945,1893,Standard monitoring,Monitor customer value and churn risk; no paid intervention,churn-logistic-1.0.0
15033,2011-12-10,Champions,2555.72,10,0.1011728597828911,0,0.4,Standard monitoring,Normal low-cost engagement; no paid retention incentive,38851.33209999985,258.56950120433044,3170,2873,Standard monitoring,Monitor customer value and churn risk; no paid intervention,churn-logistic-1.0.0
15034,2011-12-10,Champions,8281.2,14,0.1628722758410035,0,0.4,Standard monitoring,Normal low-cost engagement; no paid retention incentive,38851.33209999985,1348.7778906945182,3041,644,Priority 2 - Targeted,Personalized retention offer for a high-value account,churn-logistic-1.0.0
15035,2011-12-10,Lapsed low-value,252.73,1,0.8360310239788621,1,0.4,Priority 2 - Targeted,Targeted retention message for the next-ranked 10%,38851.33209999985,211.29012069017782,431,3000,Standard monitoring,Monitor customer value and churn risk; no paid intervention,churn-logistic-1.0.0
15036,2011-12-10,Recent developing,465.55,3,0.6491904539507002,1,0.4,Priority 3 - Nurture,Automated email nurture or product reminder,38851.33209999985,302.2306158367485,1449,2719,Standard monitoring,Monitor customer value and churn risk; no paid intervention,churn-logistic-1.0.0
15038,2011-12-10,At-risk established,1269.96,8,0.5372413147237621,1,0.4,Standard monitoring,Normal low-cost engagement; no paid retention incentive,38851.33209999985,682.274980046589,1953,1663,Priority 3 - Nurture,Low-cost relationship nurture for value protection,churn-logistic-1.0.0
15039,2011-12-10,Exceptional high-value,39742.99,93,0.0003772962883052,0,0.4,Standard monitoring,Normal low-cost engagement; no paid retention incentive,38851.33209999985,14.658463397042615,3443,3432,Standard monitoring,Monitor customer value and churn risk; no paid intervention,churn-logistic-1.0.0
15041,2011-12-10,Lapsed low-value,293.6,2,0.8768565769507383,1,0.4,Priority 1 - Immediate,Personalized outreach for the highest-ranked 10%; use segment and value,38851.33209999985,257.44509099273677,156,2877,Standard monitoring,Monitor customer value and churn risk; no paid intervention,churn-logistic-1.0.0
15043,2011-12-10,Champions,2858.8,6,0.7004442171184718,1,0.4,Priority 3 - Nurture,Automated email nurture or product reminder,38851.33209999985,2002.4299278982874,1260,266,Priority 1 - Immediate,Account-manager outreach; prioritize the highest exposed customer value,churn-logistic-1.0.0
15044,2011-12-10,Champions,15843.74,32,0.0387811519748017,0,0.4,Standard monitoring,Normal low-cost engagement; no paid retention incentive,38851.33209999985,614.4384887892446,3296,1818,Standard monitoring,Monitor customer value and churn risk; no paid intervention,churn-logistic-1.0.0
15045,2011-12-10,Lapsed low-value,633.66,2,0.8058049453910522,1,0.4,Priority 3 - Nurture,Automated email nurture or product reminder,38851.33209999985,510.6063616964941,698,2093,Standard monitoring,Monitor customer value and churn risk; no paid intervention,churn-logistic-1.0.0
15046,2011-12-10,Champions,7570.03,25,0.0479119189878946,0,0.4,Standard monitoring,Normal low-cost engagement; no paid retention incentive,38851.33209999985,362.6946640959317,3280,2534,Standard monitoring,Monitor customer value and churn risk; no paid intervention,churn-logistic-1.0.0
15048,2011-12-10,Recent developing,479.27,4,0.6387223519785986,1,0.4,Priority 3 - Nurture,Automated email nurture or product reminder,38851.33209999985,306.12046163278296,1503,2707,Standard monitoring,Monitor customer value and churn risk; no paid intervention,churn-logistic-1.0.0
15050,2011-12-10,Champions,4138.87,5,0.5854364699674367,1,0.4,Standard monitoring,Normal low-cost engagement; no paid retention incentive,38851.33209999985,2423.045442454125,1758,161,Priority 1 - Immediate,Account-manager outreach; prioritize the highest exposed customer value,churn-logistic-1.0.0
15051,2011-12-10,Champions,3920.16,9,0.2464958774667603,0,0.4,Standard monitoring,Normal low-cost engagement; no paid retention incentive,38851.33209999985,966.303279010095,2832,1087,Priority 3 - Nurture,Low-cost relationship nurture for value protection,churn-logistic-1.0.0
15053,2011-12-10,Recent developing,697.79,3,0.6309466422176206,1,0.4,Priority 3 - Nurture,Automated email nurture or product reminder,38851.33209999985,440.2682574730335,1544,2311,Standard monitoring,Monitor customer value and churn risk; no paid intervention,churn-logistic-1.0.0
15054,2011-12-10,Recent developing,302.1,2,0.5431553473360261,1,0.4,Standard monitoring,Normal low-cost engagement; no paid retention incentive,38851.33209999985,164.0872304302135,1939,3122,Standard monitoring,Monitor customer value and churn risk; no paid intervention,churn-logistic-1.0.0
15058,2011-12-10,Champions,3371.78,16,0.1875069146593296,0,0.4,Standard monitoring,Normal low-cost engagement; no paid retention incentive,38851.33209999985,632.2320647100344,2981,1780,Standard monitoring,Monitor customer value and churn risk; no paid intervention,churn-logistic-1.0.0
15059,2011-12-10,Champions,3452.82,19,0.2093215693631599,0,0.4,Standard monitoring,Normal low-cost engagement; no paid retention incentive,38851.33209999985,722.7497011285058,2924,1562,Priority 3 - Nurture,Low-cost relationship nurture for value protection,churn-logistic-1.0.0
15060,2011-12-10,Recent developing,301.84,4,0.6015973478054624,1,0.4,Priority 3 - Nurture,Automated email nurture or product reminder,38851.33209999985,181.58614346160076,1691,3071,Standard monitoring,Monitor customer value and churn risk; no paid intervention,churn-logistic-1.0.0
15061,2011-12-10,Exceptional high-value,136382.59,126,0.0006681158261602,0,0.4,Standard monitoring,Normal low-cost engagement; no paid retention incentive,38851.33209999985,25.957189843415694,3441,3424,Standard monitoring,Monitor customer value and churn risk; no paid intervention,churn-logistic-1.0.0
15062,2011-12-10,At-risk established,2585.62,8,0.5564377099627504,1,0.4,Standard monitoring,Normal low-cost engagement; no paid retention incentive,38851.33209999985,1438.7364716338868,1888,562,Priority 2 - Targeted,Personalized retention offer for a high-value account,churn-logistic-1.0.0
15065,2011-12-10,At-risk established,3304.71,5,0.503117625522533,1,0.4,Standard monitoring,Normal low-cost engagement; no paid retention incentive,38851.33209999985,1662.65784824057,2089,397,Priority 2 - Targeted,Personalized retention offer for a high-value account,churn-logistic-1.0.0
15066,2011-12-10,Recent developing,760.59,1,0.7646095914509279,1,0.4,Priority 3 - Nurture,Automated email nurture or product reminder,38851.33209999985,581.5544091616613,1027,1909,Standard monitoring,Monitor customer value and churn risk; no paid intervention,churn-logistic-1.0.0
15067,2011-12-10,At-risk established,3865.13,5,0.6869253982912572,1,0.4,Priority 3 - Nurture,Automated email nurture or product reminder,38851.33209999985,2655.055964697487,1307,130,Priority 1 - Immediate,Account-manager outreach; prioritize the highest exposed customer value,churn-logistic-1.0.0
15068,2011-12-10,Recent developing,1176.85,4,0.6353017522413293,1,0.4,Priority 3 - Nurture,Automated email nurture or product reminder,38851.33209999985,747.6548671252084,1526,1494,Priority 3 - Nurture,Low-cost relationship nurture for value protection,churn-logistic-1.0.0
15069,2011-12-10,Lapsed low-value,1109.53,1,0.8519012160330973,1,0.4,Priority 1 - Immediate,Personalized outreach for the highest-ranked 10%; use segment and value,38851.33209999985,945.2099562252024,332,1126,Priority 3 - Nurture,Low-cost relationship nurture for value protection,churn-logistic-1.0.0
15071,2011-12-10,At-risk established,1455.56,4,0.7594807821640318,1,0.4,Priority 3 - Nurture,Automated email nurture or product reminder,38851.33209999985,1105.469847286678,1049,903,Priority 3 - Nurture,Low-cost relationship nurture for value protection,churn-logistic-1.0.0
15073,2011-12-10,Champions,2360.24,8,0.5173133757695015,1,0.4,Standard monitoring,Normal low-cost engagement; no paid retention incentive,38851.33209999985,1220.9837220262082,2023,760,Priority 3 - Nurture,Low-cost relationship nurture for value protection,churn-logistic-1.0.0
15074,2011-12-10,At-risk established,1566.33,3,0.8759019199839926,1,0.4,Priority 1 - Immediate,Personalized outreach for the highest-ranked 10%; use segment and value,38851.33209999985,1371.951454328527,160,623,Priority 2 - Targeted,Personalized retention offer for a high-value account,churn-logistic-1.0.0
15075,2011-12-10,Recent developing,773.03,1,0.8173913960437507,1,0.4,Priority 2 - Targeted,Targeted retention message for the next-ranked 10%,38851.33209999985,631.8680708837005,584,1782,Standard monitoring,Monitor customer value and churn risk; no paid intervention,churn-logistic-1.0.0
15076,2011-12-10,At-risk established,1436.79,3,0.8965006539802945,1,0.4,Priority 1 - Immediate,Personalized outreach for the highest-ranked 10%; use segment and value,38851.33209999985,1288.0831746323474,98,698,Priority 3 - Nurture,Low-cost relationship nurture for value protection,churn-logistic-1.0.0
15078,2011-12-10,Champions,17568.13,52,0.0159641843409091,0,0.4,Standard monitoring,Normal low-cost engagement; no paid retention incentive,38851.33209999985,280.46086584505537,3365,2800,Standard monitoring,Monitor customer value and churn risk; no paid intervention,churn-logistic-1.0.0
15081,2011-12-10,Champions,1948.27,12,0.3474322879829206,0,0.4,Standard monitoring,Normal low-cost engagement; no paid retention incentive,38851.33209999985,676.8919037084847,2577,1673,Priority 3 - Nurture,Low-cost relationship nurture for value protection,churn-logistic-1.0.0
15088,2011-12-10,Recent developing,1140.27,2,0.5713347353305134,1,0.4,Standard monitoring,Normal low-cost engagement; no paid retention incentive,38851.33209999985,651.4758586553245,1828,1738,Standard monitoring,Monitor customer value and churn risk; no paid intervention,churn-logistic-1.0.0
15089,2011-12-10,Champions,2420.84,6,0.2442673655359426,0,0.4,Standard monitoring,Normal low-cost engagement; no paid retention incentive,38851.33209999985,591.3322091840314,2837,1883,Standard monitoring,Monitor customer value and churn risk; no paid intervention,churn-logistic-1.0.0
15091,2011-12-10,At-risk established,1035.91,3,0.9434616753524676,1,0.4,Priority 1 - Immediate,Personalized outreach for the highest-ranked 10%; use segment and value,38851.33209999985,977.3413841143748,14,1067,Priority 3 - Nurture,Low-cost relationship nurture for value protection,churn-logistic-1.0.0
15093,2011-12-10,Champions,13653.68,23,0.2268643695051735,0,0.4,Standard monitoring,Normal low-cost engagement; no paid retention incentive,38851.33209999985,3097.533504625397,2882,85,Priority 1 - Immediate,Account-manager outreach; prioritize the highest exposed customer value,churn-logistic-1.0.0
15095,2011-12-10,At-risk established,3135.74,10,0.5874554753769524,1,0.4,Standard monitoring,Normal low-cost engagement; no paid retention incentive,38851.33209999985,1842.1076323585246,1748,330,Priority 1 - Immediate,Account-manager outreach; prioritize the highest exposed customer value,churn-logistic-1.0.0
15096,2011-12-10,Recent developing,219.39,1,0.8099630994884671,1,0.4,Priority 2 - Targeted,Targeted retention message for the next-ranked 10%,38851.33209999985,177.69780439677479,648,3079,Standard monitoring,Monitor customer value and churn risk; no paid intervention,churn-logistic-1.0.0
15097,2011-12-10,Recent developing,584.65,3,0.923369063920631,1,0.4,Priority 1 - Immediate,Personalized outreach for the highest-ranked 10%; use segment and value,38851.33209999985,539.8477232211969,46,2016,Standard monitoring,Monitor customer value and churn risk; no paid intervention,churn-logistic-1.0.0
15099,2011-12-10,Lapsed low-value,410.48,1,0.8309191859911002,1,0.4,Priority 2 - Targeted,Targeted retention message for the next-ranked 10%,38851.33209999985,341.0757074656268,471,2606,Standard monitoring,Monitor customer value and churn risk; no paid intervention,churn-logistic-1.0.0
15101,2011-12-10,Recent developing,1305.49,6,0.630387272626705,1,0.4,Priority 3 - Nurture,Automated email nurture or product reminder,38851.33209999985,822.9642805414371,1548,1337,Priority 3 - Nurture,Low-cost relationship nurture for value protection,churn-logistic-1.0.0
15103,2011-12-10,Recent developing,703.36,2,0.6149971946535044,1,0.4,Priority 3 - Nurture,Automated email nurture or product reminder,38851.33209999985,432.5644268314889,1630,2338,Standard monitoring,Monitor customer value and churn risk; no paid intervention,churn-logistic-1.0.0
15105,2011-12-10,Champions,3094.91,9,0.2412059275616392,0,0.4,Standard monitoring,Normal low-cost engagement; no paid retention incentive,38851.33209999985,746.5106372697927,2845,1498,Priority 3 - Nurture,Low-cost relationship nurture for value protection,churn-logistic-1.0.0
15106,2011-12-10,Recent developing,1407.73,5,0.4355222926864306,1,0.4,Standard monitoring,Normal low-cost engagement; no paid retention incentive,38851.33209999985,613.097797083469,2293,1825,Standard monitoring,Monitor customer value and churn risk; no paid intervention,churn-logistic-1.0.0
15108,2011-12-10,At-risk established,1150.75,3,0.7333306753416474,1,0.4,Priority 3 - Nurture,Automated email nurture or product reminder,38851.33209999985,843.8802746494008,1138,1295,Priority 3 - Nurture,Low-cost relationship nurture for value protection,churn-logistic-1.0.0
15110,2011-12-10,Recent developing,1480.6,6,0.4284774771880276,1,0.4,Standard monitoring,Normal low-cost engagement; no paid retention incentive,38851.33209999985,634.4037527245936,2316,1774,Standard monitoring,Monitor customer value and churn risk; no paid intervention,churn-logistic-1.0.0
15111,2011-12-10,At-risk established,2730.87,5,0.5607050347710255,1,0.4,Standard monitoring,Normal low-cost engagement; no paid retention incentive,38851.33209999985,1531.2125583051504,1866,497,Priority 2 - Targeted,Personalized retention offer for a high-value account,churn-logistic-1.0.0
15113,2011-12-10,Recent developing,3439.02,3,0.4102929686048429,1,0.4,Standard monitoring,Normal low-cost engagement; no paid retention incentive,38851.33209999985,1411.0057248914268,2378,581,Priority 2 - Targeted,Personalized retention offer for a high-value account,churn-logistic-1.0.0
15114,2011-12-10,Champions,3400.12,12,0.1952534778713885,0,0.4,Standard monitoring,Normal low-cost engagement; no paid retention incentive,38851.33209999985,663.8852551800654,2963,1703,Priority 3 - Nurture,Low-cost relationship nurture for value protection,churn-logistic-1.0.0
15115,2011-12-10,Recent developing,528.1,2,0.9543513799685768,1,0.4,Priority 1 - Immediate,Personalized outreach for the highest-ranked 10%; use segment and value,38851.33209999985,503.9929637614054,5,2119,Standard monitoring,Monitor customer value and churn risk; no paid intervention,churn-logistic-1.0.0
15116,2011-12-10,Recent developing,1352.75,4,0.4844616010788669,1,0.4,Standard monitoring,Normal low-cost engagement; no paid retention incentive,38851.33209999985,655.3554308594372,2150,1725,Priority 3 - Nurture,Low-cost relationship nurture for value protection,churn-logistic-1.0.0
15117,2011-12-10,Champions,2484.32,8,0.2923500456452437,0,0.4,Standard monitoring,Normal low-cost engagement; no paid retention incentive,38851.33209999985,726.2910653973919,2726,1553,Priority 3 - Nurture,Low-cost relationship nurture for value protection,churn-logistic-1.0.0
15118,2011-12-10,Lapsed low-value,244.8,1,0.870921856533806,1,0.4,Priority 1 - Immediate,Personalized outreach for the highest-ranked 10%; use segment and value,38851.33209999985,213.20167047947572,193,2996,Standard monitoring,Monitor customer value and churn risk; no paid intervention,churn-logistic-1.0.0
15120,2011-12-10,Lapsed low-value,343.82,1,0.8595620123653042,1,0.4,Priority 1 - Immediate,Personalized outreach for the highest-ranked 10%; use segment and value,38851.33209999985,295.5346110914389,287,2737,Standard monitoring,Monitor customer value and churn risk; no paid intervention,churn-logistic-1.0.0
15121,2011-12-10,Recent developing,457.72,2,0.8097399128882901,1,0.4,Priority 2 - Targeted,Targeted retention message for the next-ranked 10%,38851.33209999985,370.6341529272282,651,2510,Standard monitoring,Monitor customer value and churn risk; no paid intervention,churn-logistic-1.0.0
15122,2011-12-10,Champions,4461.42,11,0.5230829575470693,1,0.4,Standard monitoring,Normal low-cost engagement; no paid retention incentive,38851.33209999985,2333.6927684596462,2006,185,Priority 1 - Immediate,Account-manager outreach; prioritize the highest exposed customer value,churn-logistic-1.0.0
15123,2011-12-10,Champions,4656.17,5,0.62433463185659,1,0.4,Priority 3 - Nurture,Automated email nurture or product reminder,38851.33209999985,2907.0081828116986,1585,104,Priority 1 - Immediate,Account-manager outreach; prioritize the highest exposed customer value,churn-logistic-1.0.0
15124,2011-12-10,Recent developing,450.82,4,0.6716961516447739,1,0.4,Priority 3 - Nurture,Automated email nurture or product reminder,38851.33209999985,302.814059084497,1354,2718,Standard monitoring,Monitor customer value and churn risk; no paid intervention,churn-logistic-1.0.0
15125,2011-12-10,Champions,16177.98,23,0.2060832520012833,0,0.4,Standard monitoring,Normal low-cost engagement; no paid retention incentive,38851.33209999985,3334.0107292117214,2930,65,Priority 1 - Immediate,Account-manager outreach; prioritize the highest exposed customer value,churn-logistic-1.0.0
15127,2011-12-10,Recent developing,711.5,2,0.9100005280721876,1,0.4,Priority 1 - Immediate,Personalized outreach for the highest-ranked 10%; use segment and value,38851.33209999985,647.4653757233615,74,1747,Standard monitoring,Monitor customer value and churn risk; no paid intervention,churn-logistic-1.0.0
15128,2011-12-10,At-risk established,1746.23,5,0.538628375974127,1,0.4,Standard monitoring,Normal low-cost engagement; no paid retention incentive,38851.33209999985,940.5690289772999,1949,1133,Priority 3 - Nurture,Low-cost relationship nurture for value protection,churn-logistic-1.0.0
15129,2011-12-10,Champions,6860.18,23,0.2144841281847465,0,0.4,Standard monitoring,Normal low-cost engagement; no paid retention incentive,38851.33209999985,1471.3997264904342,2910,542,Priority 2 - Targeted,Personalized retention offer for a high-value account,churn-logistic-1.0.0
15130,2011-12-10,Lapsed low-value,330.11,1,0.8733751430560115,1,0.4,Priority 1 - Immediate,Personalized outreach for the highest-ranked 10%; use segment and value,38851.33209999985,288.30986847421997,172,2769,Standard monitoring,Monitor customer value and churn risk; no paid intervention,churn-logistic-1.0.0
15132,2011-12-10,Recent developing,977.93,5,0.4570424679855039,1,0.4,Standard monitoring,Normal low-cost engagement; no paid retention incentive,38851.33209999985,446.9555407170638,2229,2297,Standard monitoring,Monitor customer value and churn risk; no paid intervention,churn-logistic-1.0.0
15133,2011-12-10,At-risk established,1806.9,5,0.7305922298312821,1,0.4,Priority 3 - Nurture,Automated email nurture or product reminder,38851.33209999985,1320.1071000821437,1149,667,Priority 2 - Targeted,Personalized retention offer for a high-value account,churn-logistic-1.0.0
15134,2011-12-10,Champions,1596.29,10,0.1910484460080333,0,0.4,Standard monitoring,Normal low-cost engagement; no paid retention incentive,38851.33209999985,304.9687238781635,2970,2710,Standard monitoring,Monitor customer value and churn risk; no paid intervention,churn-logistic-1.0.0
15136,2011-12-10,Recent developing,1282.95,4,0.5011255172929868,1,0.4,Standard monitoring,Normal low-cost engagement; no paid retention incentive,38851.33209999985,642.9189824110375,2097,1757,Standard monitoring,Monitor customer value and churn risk; no paid intervention,churn-logistic-1.0.0
15140,2011-12-10,Champions,3239.44,8,0.4134144736312603,1,0.4,Standard monitoring,Normal low-cost engagement; no paid retention incentive,38851.33209999985,1339.2313824600499,2369,650,Priority 2 - Targeted,Personalized retention offer for a high-value account,churn-logistic-1.0.0
15142,2011-12-10,At-risk established,2608.97,6,0.6883254517177355,1,0.4,Priority 3 - Nurture,Automated email nurture or product reminder,38851.33209999985,1795.8204537680203,1298,349,Priority 2 - Targeted,Personalized retention offer for a high-value account,churn-logistic-1.0.0
15144,2011-12-10,Champions,11996.11,29,0.0184596169360445,0,0.4,Standard monitoring,Normal low-cost engagement; no paid retention incentive,38851.33209999985,221.4435953226528,3355,2975,Standard monitoring,Monitor customer value and churn risk; no paid intervention,churn-logistic-1.0.0
15145,2011-12-10,Recent developing,1194.73,4,0.5647603247721041,1,0.4,Standard monitoring,Normal low-cost engagement; no paid retention incentive,38851.33209999985,674.736102814976,1851,1678,Priority 3 - Nurture,Low-cost relationship nurture for value protection,churn-logistic-1.0.0
15146,2011-12-10,At-risk established,1313.66,2,0.7937940352287925,1,0.4,Priority 3 - Nurture,Automated email nurture or product reminder,38851.33209999985,1042.7754723186556,829,983,Priority 3 - Nurture,Low-cost relationship nurture for value protection,churn-logistic-1.0.0
15148,2011-12-10,Recent developing,301.29,1,0.7889727890474502,1,0.4,Priority 3 - Nurture,Automated email nurture or product reminder,38851.33209999985,237.70961161210627,883,2935,Standard monitoring,Monitor customer value and churn risk; no paid intervention,churn-logistic-1.0.0
15149,2011-12-10,At-risk established,1524.61,4,0.9232487789156592,1,0.4,Priority 1 - Immediate,Personalized outreach for the highest-ranked 10%; use segment and value,38851.33209999985,1407.594320822603,47,584,Priority 2 - Targeted,Personalized retention offer for a high-value account,churn-logistic-1.0.0
15150,2011-12-10,Champions,8990.58,13,0.0454164837859087,0,0.4,Standard monitoring,Normal low-cost engagement; no paid retention incentive,38851.33209999985,408.32053079591503,3285,2406,Standard monitoring,Monitor customer value and churn risk; no paid intervention,churn-logistic-1.0.0
15152,2011-12-10,Champions,5202.38,14,0.0256811346894593,0,0.4,Standard monitoring,Normal low-cost engagement; no paid retention incentive,38851.33209999985,133.60302148574928,3327,3206,Standard monitoring,Monitor customer value and churn risk; no paid intervention,churn-logistic-1.0.0
15153,2011-12-10,Recent developing,329.25,1,0.7981844607346231,1,0.4,Priority 3 - Nurture,Automated email nurture or product reminder,38851.33209999985,262.8022336968747,786,2861,Standard monitoring,Monitor customer value and churn risk; no paid intervention,churn-logistic-1.0.0
15154,2011-12-10,At-risk established,1332.26,3,0.8600210386601708,1,0.4,Priority 1 - Immediate,Personalized outreach for the highest-ranked 10%; use segment and value,38851.33209999985,1145.771628965399,279,847,Priority 3 - Nurture,Low-cost relationship nurture for value protection,churn-logistic-1.0.0
15156,2011-12-10,Recent developing,961.49,3,0.4674319798589385,1,0.4,Standard monitoring,Normal low-cost engagement; no paid retention incentive,38851.33209999985,449.43117431457074,2199,2286,Standard monitoring,Monitor customer value and churn risk; no paid intervention,churn-logistic-1.0.0
15157,2011-12-10,Champions,2597.88,5,0.4432715393280971,1,0.4,Standard monitoring,Normal low-cost engagement; no paid retention incentive,38851.33209999985,1151.5662665896768,2274,838,Priority 3 - Nurture,Low-cost relationship nurture for value protection,churn-logistic-1.0.0
15158,2011-12-10,Recent developing,437.66,2,0.8676778537491904,1,0.4,Priority 1 - Immediate,Personalized outreach for the highest-ranked 10%; use segment and value,38851.33209999985,379.7478894718707,217,2485,Standard monitoring,Monitor customer value and churn risk; no paid intervention,churn-logistic-1.0.0
15159,2011-12-10,Champions,22049.4,34,0.006012290744109,0,0.4,Standard monitoring,Normal low-cost engagement; no paid retention incentive,38851.33209999985,132.567403533157,3406,3211,Standard monitoring,Monitor customer value and churn risk; no paid intervention,churn-logistic-1.0.0
15163,2011-12-10,Recent developing,304.47,2,0.7557121109058057,1,0.4,Priority 3 - Nurture,Automated email nurture or product reminder,38851.33209999985,230.0916664074907,1065,2954,Standard monitoring,Monitor customer value and churn risk; no paid intervention,churn-logistic-1.0.0
15164,2011-12-10,At-risk established,2052.02,9,0.4547001613062232,1,0.4,Standard monitoring,Normal low-cost engagement; no paid retention incentive,38851.33209999985,933.0538250035961,2237,1148,Priority 3 - Nurture,Low-cost relationship nurture for value protection,churn-logistic-1.0.0
15168,2011-12-10,Recent developing,106.56,1,0.8065978873647149,1,0.4,Priority 2 - Targeted,Targeted retention message for the next-ranked 10%,38851.33209999985,85.95107087758403,689,3345,Standard monitoring,Monitor customer value and churn risk; no paid intervention,churn-logistic-1.0.0
15172,2011-12-10,Recent developing,1624.05,5,0.4292785202847713,1,0.4,Standard monitoring,Normal low-cost engagement; no paid retention incentive,38851.33209999985,697.1697808684828,2314,1625,Priority 3 - Nurture,Low-cost relationship nurture for value protection,churn-logistic-1.0.0
15175,2011-12-10,Lapsed low-value,224.14,1,0.8305850398166252,1,0.4,Priority 2 - Targeted,Targeted retention message for the next-ranked 10%,38851.33209999985,186.16733082449838,475,3058,Standard monitoring,Monitor customer value and churn risk; no paid intervention,churn-logistic-1.0.0
15179,2011-12-10,Champions,7458.77,13,0.2409542918208575,0,0.4,Standard monitoring,Normal low-cost engagement; no paid retention incentive,38851.33209999985,1797.2226432046575,2847,348,Priority 2 - Targeted,Personalized retention offer for a high-value account,churn-logistic-1.0.0
15181,2011-12-10,At-risk established,1191.7,5,0.6319893438752662,1,0.4,Priority 3 - Nurture,Automated email nurture or product reminder,38851.33209999985,753.1417010961547,1537,1485,Priority 3 - Nurture,Low-cost relationship nurture for value protection,churn-logistic-1.0.0
15182,2011-12-10,At-risk established,2968.082,11,0.6576850771709531,1,0.4,Priority 3 - Nurture,Automated email nurture or product reminder,38851.33209999985,1952.063239219717,1407,287,Priority 1 - Immediate,Account-manager outreach; prioritize the highest exposed customer value,churn-logistic-1.0.0
15184,2011-12-10,Recent developing,689.95,4,0.6807756478517941,1,0.4,Priority 3 - Nurture,Automated email nurture or product reminder,38851.33209999985,469.70115823534536,1329,2212,Standard monitoring,Monitor customer value and churn risk; no paid intervention,churn-logistic-1.0.0
15185,2011-12-10,Lapsed low-value,310.62,1,0.8291822322076398,1,0.4,Priority 2 - Targeted,Targeted retention message for the next-ranked 10%,38851.33209999985,257.5605849683371,484,2876,Standard monitoring,Monitor customer value and churn risk; no paid intervention,churn-logistic-1.0.0
15186,2011-12-10,Recent developing,1403.2,5,0.5716684601850581,1,0.4,Standard monitoring,Normal low-cost engagement; no paid retention incentive,38851.33209999985,802.1651833316736,1824,1374,Priority 3 - Nurture,Low-cost relationship nurture for value protection,churn-logistic-1.0.0
15187,2011-12-10,Champions,4655.08,15,0.0282846395376037,0,0.4,Standard monitoring,Normal low-cost engagement; no paid retention incentive,38851.33209999985,131.66725981870823,3319,3219,Standard monitoring,Monitor customer value and churn risk; no paid intervention,churn-logistic-1.0.0
15189,2011-12-10,Champions,17097.2,46,0.0024333011003443,0,0.4,Standard monitoring,Normal low-cost engagement; no paid retention incentive,38851.33209999985,41.60263557280656,3421,3408,Standard monitoring,Monitor customer value and churn risk; no paid intervention,churn-logistic-1.0.0
15192,2011-12-10,At-risk established,1981.39,5,0.7086518598912779,1,0.4,Priority 3 - Nurture,Automated email nurture or product reminder,38851.33209999985,1404.115708669979,1227,586,Priority 2 - Targeted,Personalized retention offer for a high-value account,churn-logistic-1.0.0
15193,2011-12-10,Recent developing,499.32,1,0.8180776879506311,1,0.4,Priority 2 - Targeted,Targeted retention message for the next-ranked 10%,38851.33209999985,408.4825511475091,578,2405,Standard monitoring,Monitor customer value and churn risk; no paid intervention,churn-logistic-1.0.0
15194,2011-12-10,Champions,12277.58,28,0.039530069578366,0,0.4,Standard monitoring,Normal low-cost engagement; no paid retention incentive,38851.33209999985,485.33359165395484,3294,2173,Standard monitoring,Monitor customer value and churn risk; no paid intervention,churn-logistic-1.0.0
15195,2011-12-10,Exceptional high-value,3861.0,1,0.6543769167666862,1,0.4,Priority 3 - Nurture,Automated email nurture or product reminder,38851.33209999985,2526.5492756361755,1427,146,Priority 1 - Immediate,Account-manager outreach; prioritize the highest exposed customer value,churn-logistic-1.0.0
15197,2011-12-10,Recent developing,1437.84,6,0.599116604883149,1,0.4,Priority 3 - Nurture,Automated email nurture or product reminder,38851.33209999985,861.433819165187,1703,1268,Priority 3 - Nurture,Low-cost relationship nurture for value protection,churn-logistic-1.0.0
15198,2011-12-10,At-risk established,559.45,5,0.7233180200013075,1,0.4,Priority 3 - Nurture,Automated email nurture or product reminder,38851.33209999985,404.6602662897315,1167,2416,Standard monitoring,Monitor customer value and churn risk; no paid intervention,churn-logistic-1.0.0
15199,2011-12-10,Champions,3122.4,10,0.4443543957780642,1,0.4,Standard monitoring,Normal low-cost engagement; no paid retention incentive,38851.33209999985,1387.4521653774277,2271,604,Priority 2 - Targeted,Personalized retention offer for a high-value account,churn-logistic-1.0.0
15201,2011-12-10,At-risk established,1559.26,7,0.5272351200238097,1,0.4,Standard monitoring,Normal low-cost engagement; no paid retention incentive,38851.33209999985,822.0966332483255,1987,1341,Priority 3 - Nurture,Low-cost relationship nurture for value protection,churn-logistic-1.0.0
15203,2011-12-10,Champions,4400.18,15,0.201126229824828,0,0.4,Standard monitoring,Normal low-cost engagement; no paid retention incentive,38851.33209999985,884.9916139506117,2946,1239,Priority 3 - Nurture,Low-cost relationship nurture for value protection,churn-logistic-1.0.0
15205,2011-12-10,Recent developing,653.24,2,0.6570842792487865,1,0.4,Priority 3 - Nurture,Automated email nurture or product reminder,38851.33209999985,429.23373457647733,1412,2346,Standard monitoring,Monitor customer value and churn risk; no paid intervention,churn-logistic-1.0.0
15206,2011-12-10,Recent developing,420.3,4,0.5876310425207163,1,0.4,Standard monitoring,Normal low-cost engagement; no paid retention incentive,38851.33209999985,246.98132717145705,1743,2904,Standard monitoring,Monitor customer value and churn risk; no paid intervention,churn-logistic-1.0.0
15208,2011-12-10,Recent developing,968.02,6,0.3672600487033567,0,0.4,Standard monitoring,Normal low-cost engagement; no paid retention incentive,38851.33209999985,355.51507234582334,2520,2553,Standard monitoring,Monitor customer value and churn risk; no paid intervention,churn-logistic-1.0.0
15211,2011-12-10,Recent developing,1277.48,2,0.841173495129313,1,0.4,Priority 2 - Targeted,Targeted retention message for the next-ranked 10%,38851.33209999985,1074.582316557795,394,935,Priority 3 - Nurture,Low-cost relationship nurture for value protection,churn-logistic-1.0.0
15214,2011-12-10,Champions,1661.44,8,0.2223115693551479,0,0.4,Standard monitoring,Normal low-cost engagement; no paid retention incentive,38851.33209999985,369.35733378941694,2895,2513,Standard monitoring,Monitor customer value and churn risk; no paid intervention,churn-logistic-1.0.0
15215,2011-12-10,At-risk established,1499.22,7,0.5126651901979667,1,0.4,Standard monitoring,Normal low-cost engagement; no paid retention incentive,38851.33209999985,768.5979064485957,2038,1450,Priority 3 - Nurture,Low-cost relationship nurture for value protection,churn-logistic-1.0.0
15216,2011-12-10,Recent developing,486.09,2,0.9362593132687864,1,0.4,Priority 1 - Immediate,Personalized outreach for the highest-ranked 10%; use segment and value,38851.33209999985,455.10628958682435,22,2263,Standard monitoring,Monitor customer value and churn risk; no paid intervention,churn-logistic-1.0.0
15218,2011-12-10,Champions,11454.75,22,0.103341929543253,0,0.4,Standard monitoring,Normal low-cost engagement; no paid retention incentive,38851.33209999985,1183.7559674355773,3166,799,Priority 3 - Nurture,Low-cost relationship nurture for value protection,churn-logistic-1.0.0
15219,2011-12-10,Lapsed low-value,685.45,2,0.9419351801869292,1,0.4,Priority 1 - Immediate,Personalized outreach for the highest-ranked 10%; use segment and value,38851.33209999985,645.6494692591307,18,1749,Standard monitoring,Monitor customer value and churn risk; no paid intervention,churn-logistic-1.0.0
15220,2011-12-10,At-risk established,1758.92,6,0.471588570237752,1,0.4,Standard monitoring,Normal low-cost engagement; no paid retention incentive,38851.33209999985,829.4865679625868,2187,1324,Priority 3 - Nurture,Low-cost relationship nurture for value protection,churn-logistic-1.0.0
15227,2011-12-10,Champions,2488.49,9,0.5295680569592824,1,0.4,Standard monitoring,Normal low-cost engagement; no paid retention incentive,38851.33209999985,1317.8248140626047,1979,674,Priority 2 - Targeted,Personalized retention offer for a high-value account,churn-logistic-1.0.0
15228,2011-12-10,At-risk established,5570.52,6,0.4196351592072987,1,0.4,Standard monitoring,Normal low-cost engagement; no paid retention incentive,38851.33209999985,2337.586047067442,2351,183,Priority 1 - Immediate,Account-manager outreach; prioritize the highest exposed customer value,churn-logistic-1.0.0
15232,2011-12-10,Lapsed low-value,612.06,2,0.7109017721802939,1,0.4,Priority 3 - Nurture,Automated email nurture or product reminder,38851.33209999985,435.11453868067065,1225,2329,Standard monitoring,Monitor customer value and churn risk; no paid intervention,churn-logistic-1.0.0
15237,2011-12-10,Recent developing,1412.32,4,0.574201125285392,1,0.4,Standard monitoring,Normal low-cost engagement; no paid retention incentive,38851.33209999985,810.9557332630649,1808,1357,Priority 3 - Nurture,Low-cost relationship nurture for value protection,churn-logistic-1.0.0
15238,2011-12-10,Recent developing,1056.54,3,0.5962196845920396,1,0.4,Priority 3 - Nurture,Automated email nurture or product reminder,38851.33209999985,629.9299455588734,1713,1788,Standard monitoring,Monitor customer value and churn risk; no paid intervention,churn-logistic-1.0.0
15239,2011-12-10,Recent developing,764.34,2,0.5950744884588021,1,0.4,Priority 3 - Nurture,Automated email nurture or product reminder,38851.33209999985,454.8392345086008,1719,2266,Standard monitoring,Monitor customer value and churn risk; no paid intervention,churn-logistic-1.0.0
15240,2011-12-10,Champions,4322.06,12,0.3318102294699585,0,0.4,Standard monitoring,Normal low-cost engagement; no paid retention incentive,38851.33209999985,1434.103720382929,2614,569,Priority 2 - Targeted,Personalized retention offer for a high-value account,churn-logistic-1.0.0
15241,2011-12-10,Champions,3032.31,11,0.3073587793316945,0,0.4,Standard monitoring,Normal low-cost engagement; no paid retention incentive,38851.33209999985,932.0071001552905,2683,1151,Priority 3 - Nurture,Low-cost relationship nurture for value protection,churn-logistic-1.0.0
15243,2011-12-10,Recent developing,927.28,2,0.8742228427648464,1,0.4,Priority 1 - Immediate,Personalized outreach for the highest-ranked 10%; use segment and value,38851.33209999985,810.6493576389868,168,1358,Priority 3 - Nurture,Low-cost relationship nurture for value protection,churn-logistic-1.0.0
15244,2011-12-10,Recent developing,850.1800000000001,3,0.8568621717928132,1,0.4,Priority 1 - Immediate,Personalized outreach for the highest-ranked 10%; use segment and value,38851.33209999985,728.487081214814,297,1545,Priority 3 - Nurture,Low-cost relationship nurture for value protection,churn-logistic-1.0.0
15245,2011-12-10,At-risk established,4610.84,8,0.6285774989095492,1,0.4,Priority 3 - Nurture,Automated email nurture or product reminder,38851.33209999985,2898.270275072106,1559,105,Priority 1 - Immediate,Account-manager outreach; prioritize the highest exposed customer value,churn-logistic-1.0.0
15247,2011-12-10,At-risk established,967.11,3,0.9014518807386004,1,0.4,Priority 1 - Immediate,Personalized outreach for the highest-ranked 10%; use segment and value,38851.33209999985,871.8031283811079,92,1252,Priority 3 - Nurture,Low-cost relationship nurture for value protection,churn-logistic-1.0.0
15249,2011-12-10,Champions,9147.15,18,0.1163120187549302,0,0.4,Standard monitoring,Normal low-cost engagement; no paid retention incentive,38851.33209999985,1063.92348235416,3133,947,Priority 3 - Nurture,Low-cost relationship nurture for value protection,churn-logistic-1.0.0
15251,2011-12-10,Champions,20121.57,21,0.0780850833997443,0,0.4,Standard monitoring,Normal low-cost engagement; no paid retention incentive,38851.33209999985,1571.194471583793,3209,458,Priority 2 - Targeted,Personalized retention offer for a high-value account,churn-logistic-1.0.0
15252,2011-12-10,At-risk established,2053.06,5,0.6422229959527169,1,0.4,Priority 3 - Nurture,Automated email nurture or product reminder,38851.33209999985,1318.522344070685,1483,671,Priority 2 - Targeted,Personalized retention offer for a high-value account,churn-logistic-1.0.0
15253,2011-12-10,Champions,2033.29,8,0.410924357090603,1,0.4,Standard monitoring,Normal low-cost engagement; no paid retention incentive,38851.33209999985,835.5283860287522,2377,1310,Priority 3 - Nurture,Low-cost relationship nurture for value protection,churn-logistic-1.0.0
15254,2011-12-10,At-risk established,1088.35,3,0.9219888109903052,1,0.4,Priority 1 - Immediate,Personalized outreach for the highest-ranked 10%; use segment and value,38851.33209999985,1003.4465224412985,51,1031,Priority 3 - Nurture,Low-cost relationship nurture for value protection,churn-logistic-1.0.0
15255,2011-12-10,Champions,3670.77,9,0.5840303673540108,1,0.4,Standard monitoring,Normal low-cost engagement; no paid retention incentive,38851.33209999985,2143.8411515720823,1764,226,Priority 1 - Immediate,Account-manager outreach; prioritize the highest exposed customer value,churn-logistic-1.0.0
15256,2011-12-10,Lapsed low-value,170.4,2,0.9287909657970012,1,0.4,Priority 1 - Immediate,Personalized outreach for the highest-ranked 10%; use segment and value,38851.33209999985,158.265980571809,34,3134,Standard monitoring,Monitor customer value and churn risk; no paid intervention,churn-logistic-1.0.0
15258,2011-12-10,Lapsed low-value,623.16,2,0.7741359458781223,1,0.4,Priority 3 - Nurture,Automated email nurture or product reminder,38851.33209999985,482.41055603341067,970,2182,Standard monitoring,Monitor customer value and churn risk; no paid intervention,churn-logistic-1.0.0
15260,2011-12-10,Champions,9110.48,25,0.3301347987139177,0,0.4,Standard monitoring,Normal low-cost engagement; no paid retention incentive,38851.33209999985,3007.6864809871727,2617,90,Priority 1 - Immediate,Account-manager outreach; prioritize the highest exposed customer value,churn-logistic-1.0.0
15261,2011-12-10,At-risk established,1508.0,4,0.7721860916806158,1,0.4,Priority 3 - Nurture,Automated email nurture or product reminder,38851.33209999985,1164.4566262543685,986,820,Priority 3 - Nurture,Low-cost relationship nurture for value protection,churn-logistic-1.0.0
15263,2011-12-10,Lapsed low-value,156.51,1,0.8559518751514175,1,0.4,Priority 1 - Immediate,Personalized outreach for the highest-ranked 10%; use segment and value,38851.33209999985,133.96502797994833,303,3205,Standard monitoring,Monitor customer value and churn risk; no paid intervention,churn-logistic-1.0.0
15264,2011-12-10,Recent developing,844.2,2,0.908951298530164,1,0.4,Priority 1 - Immediate,Personalized outreach for the highest-ranked 10%; use segment and value,38851.33209999985,767.3366862191644,76,1455,Priority 3 - Nurture,Low-cost relationship nurture for value protection,churn-logistic-1.0.0
15265,2011-12-10,At-risk established,3345.64,4,0.7352011168326295,1,0.4,Priority 3 - Nurture,Automated email nurture or product reminder,38851.33209999985,2459.718264519918,1130,159,Priority 1 - Immediate,Account-manager outreach; prioritize the highest exposed customer value,churn-logistic-1.0.0
15267,2011-12-10,Recent developing,1717.36,5,0.3926098445810793,0,0.4,Standard monitoring,Normal low-cost engagement; no paid retention incentive,38851.33209999985,674.2524426897622,2444,1679,Priority 3 - Nurture,Low-cost relationship nurture for value protection,churn-logistic-1.0.0
15269,2011-12-10,Recent developing,1225.36,3,0.8603845321975169,1,0.4,Priority 1 - Immediate,Personalized outreach for the highest-ranked 10%; use segment and value,38851.33209999985,1054.2807903735493,274,966,Priority 3 - Nurture,Low-cost relationship nurture for value protection,churn-logistic-1.0.0
15270,2011-12-10,Champions,7306.39,21,0.3409370527371447,0,0.4,Standard monitoring,Normal low-cost engagement; no paid retention incentive,38851.33209999985,2491.0190727481468,2588,154,Priority 1 - Immediate,Account-manager outreach; prioritize the highest exposed customer value,churn-logistic-1.0.0
15271,2011-12-10,Champions,4639.29,24,0.0300328696746584,0,0.4,Standard monitoring,Normal low-cost engagement; no paid retention incentive,38851.33209999985,139.33119195294597,3312,3191,Standard monitoring,Monitor customer value and churn risk; no paid intervention,churn-logistic-1.0.0
15272,2011-12-10,At-risk established,2085.48,6,0.4716111425652058,1,0.4,Standard monitoring,Normal low-cost engagement; no paid retention incentive,38851.33209999985,983.5356055968854,2185,1057,Priority 3 - Nurture,Low-cost relationship nurture for value protection,churn-logistic-1.0.0
15274,2011-12-10,Recent developing,716.57,2,0.5398234648223017,1,0.4,Standard monitoring,Normal low-cost engagement; no paid retention incentive,38851.33209999985,386.82130018771676,1945,2464,Standard monitoring,Monitor customer value and churn risk; no paid intervention,churn-logistic-1.0.0
15275,2011-12-10,Recent developing,609.19,1,0.7847503260630407,1,0.4,Priority 3 - Nurture,Automated email nurture or product reminder,38851.33209999985,478.06205113434385,914,2193,Standard monitoring,Monitor customer value and churn risk; no paid intervention,churn-logistic-1.0.0
15276,2011-12-10,Recent developing,631.03,3,0.841885257578004,1,0.4,Priority 2 - Targeted,Targeted retention message for the next-ranked 10%,38851.33209999985,531.2548540894479,386,2037,Standard monitoring,Monitor customer value and churn risk; no paid intervention,churn-logistic-1.0.0
15277,2011-12-10,Recent developing,476.34,2,0.8753712099305017,1,0.4,Priority 1 - Immediate,Personalized outreach for the highest-ranked 10%; use segment and value,38851.33209999985,416.9743221382951,163,2376,Standard monitoring,Monitor customer value and churn risk; no paid intervention,churn-logistic-1.0.0
15280,2011-12-10,Lapsed low-value,406.22,3,0.8951864751188368,1,0.4,Priority 1 - Immediate,Personalized outreach for the highest-ranked 10%; use segment and value,38851.33209999985,363.6426499227739,102,2530,Standard monitoring,Monitor customer value and churn risk; no paid intervention,churn-logistic-1.0.0
15281,2011-12-10,Champions,8322.72,16,0.232600613723739,0,0.4,Standard monitoring,Normal low-cost engagement; no paid retention incentive,38851.33209999985,1935.869779850837,2864,296,Priority 1 - Immediate,Account-manager outreach; prioritize the highest exposed customer value,churn-logistic-1.0.0
15286,2011-12-10,Recent developing,240.55,1,0.8144202133448103,1,0.4,Priority 2 - Targeted,Targeted retention message for the next-ranked 10%,38851.33209999985,195.90878232009413,610,3035,Standard monitoring,Monitor customer value and churn risk; no paid intervention,churn-logistic-1.0.0
15287,2011-12-10,Recent developing,854.58,5,0.6511501549863401,1,0.4,Priority 3 - Nurture,Automated email nurture or product reminder,38851.33209999985,556.4598994482266,1439,1969,Standard monitoring,Monitor customer value and churn risk; no paid intervention,churn-logistic-1.0.0
15288,2011-12-10,Champions,3874.28,10,0.3992537151215609,0,0.4,Standard monitoring,Normal low-cost engagement; no paid retention incentive,38851.33209999985,1546.820683421161,2420,476,Priority 2 - Targeted,Personalized retention offer for a high-value account,churn-logistic-1.0.0
15289,2011-12-10,Recent developing,1570.71,5,0.5369238845994994,1,0.4,Standard monitoring,Normal low-cost engagement; no paid retention incentive,38851.33209999985,843.3517147792796,1956,1298,Priority 3 - Nurture,Low-cost relationship nurture for value protection,churn-logistic-1.0.0
15290,2011-12-10,Champions,10359.58,26,0.0294576024082038,0,0.4,Standard monitoring,Normal low-cost engagement; no paid retention incentive,38851.33209999985,305.16838875597995,3314,2709,Standard monitoring,Monitor customer value and churn risk; no paid intervention,churn-logistic-1.0.0
15291,2011-12-10,Champions,13471.42,39,0.0570396849995357,0,0.4,Standard monitoring,Normal low-cost engagement; no paid retention incentive,38851.33209999985,768.4055532964452,3254,1452,Priority 3 - Nurture,Low-cost relationship nurture for value protection,churn-logistic-1.0.0
15296,2011-12-10,Champions,10229.93,12,0.2234010504947948,0,0.4,Standard monitoring,Normal low-cost engagement; no paid retention incentive,38851.33209999985,2285.3771084882164,2892,196,Priority 1 - Immediate,Account-manager outreach; prioritize the highest exposed customer value,churn-logistic-1.0.0
15297,2011-12-10,Recent developing,635.04,3,0.4985646309666862,1,0.4,Standard monitoring,Normal low-cost engagement; no paid retention incentive,38851.33209999985,316.6084832490844,2107,2662,Standard monitoring,Monitor customer value and churn risk; no paid intervention,churn-logistic-1.0.0
15298,2011-12-10,Champions,9348.98,23,0.0654559510727383,0,0.4,Standard monitoring,Normal low-cost engagement; no paid retention incentive,38851.33209999985,611.9463774600089,3234,1827,Standard monitoring,Monitor customer value and churn risk; no paid intervention,churn-logistic-1.0.0
15299,2011-12-10,Champions,7385.530000000001,9,0.670625424097001,1,0.4,Priority 3 - Nurture,Automated email nurture or product reminder,38851.33209999985,4952.924188431124,1359,24,Priority 1 - Immediate,Account-manager outreach; prioritize the highest exposed customer value,churn-logistic-1.0.0
15300,2011-12-10,Recent developing,496.44,1,0.8182108142520232,1,0.4,Priority 2 - Targeted,Targeted retention message for the next-ranked 10%,38851.33209999985,406.19257662727443,577,2410,Standard monitoring,Monitor customer value and churn risk; no paid intervention,churn-logistic-1.0.0
15301,2011-12-10,Champions,7561.21,17,0.1883126951442288,0,0.4,Standard monitoring,Normal low-cost engagement; no paid retention incentive,38851.33209999985,1423.8718336514942,2976,576,Priority 2 - Targeted,Personalized retention offer for a high-value account,churn-logistic-1.0.0
15304,2011-12-10,At-risk established,905.45,9,0.4475491103470153,1,0.4,Standard monitoring,Normal low-cost engagement; no paid retention incentive,38851.33209999985,405.233341963705,2260,2413,Standard monitoring,Monitor customer value and churn risk; no paid intervention,churn-logistic-1.0.0
15306,2011-12-10,Champions,3480.98,9,0.4484383220746448,1,0.4,Standard monitoring,Normal low-cost engagement; no paid retention incentive,38851.33209999985,1561.004830375397,2255,463,Priority 2 - Targeted,Personalized retention offer for a high-value account,churn-logistic-1.0.0
15307,2011-12-10,Lapsed low-value,205.3,1,0.8504628533144507,1,0.4,Priority 1 - Immediate,Personalized outreach for the highest-ranked 10%; use segment and value,38851.33209999985,174.60002378545673,338,3092,Standard monitoring,Monitor customer value and churn risk; no paid intervention,churn-logistic-1.0.0
15311,2011-12-10,Exceptional high-value,113514.56,207,2.832168360729641e-10,0,0.4,Standard monitoring,Normal low-cost engagement; no paid retention incentive,38851.33209999985,1.1003351354581944e-05,3461,3460,Standard monitoring,Monitor customer value and churn risk; no paid intervention,churn-logistic-1.0.0
15312,2011-12-10,Champions,2916.49,12,0.3807436912677661,0,0.4,Standard monitoring,Normal low-cost engagement; no paid retention incentive,38851.33209999985,1110.435168145527,2485,894,Priority 3 - Nurture,Low-cost relationship nurture for value protection,churn-logistic-1.0.0
15313,2011-12-10,Lapsed low-value,52.0,1,0.8618091543486639,1,0.4,Priority 1 - Immediate,Personalized outreach for the highest-ranked 10%; use segment and value,38851.33209999985,44.81407602613052,260,3404,Standard monitoring,Monitor customer value and churn risk; no paid intervention,churn-logistic-1.0.0
15315,2011-12-10,Recent developing,551.54,2,0.6526056218666023,1,0.4,Priority 3 - Nurture,Automated email nurture or product reminder,38851.33209999985,359.9381046843058,1435,2541,Standard monitoring,Monitor customer value and churn risk; no paid intervention,churn-logistic-1.0.0
15318,2011-12-10,Recent developing,312.62,1,0.7824496439413525,1,0.4,Priority 3 - Nurture,Automated email nurture or product reminder,38851.33209999985,244.60940768894562,933,2911,Standard monitoring,Monitor customer value and churn risk; no paid intervention,churn-logistic-1.0.0
15320,2011-12-10,Recent developing,267.13,1,0.8033745301556168,1,0.4,Priority 3 - Nurture,Automated email nurture or product reminder,38851.33209999985,214.6054382404699,728,2993,Standard monitoring,Monitor customer value and churn risk; no paid intervention,churn-logistic-1.0.0
15321,2011-12-10,Champions,6579.5,12,0.5168992287658533,1,0.4,Standard monitoring,Normal low-cost engagement; no paid retention incentive,38851.33209999985,3400.9384756649315,2024,62,Priority 1 - Immediate,Account-manager outreach; prioritize the highest exposed customer value,churn-logistic-1.0.0
15322,2011-12-10,At-risk established,1322.45,2,0.8724500255332847,1,0.4,Priority 1 - Immediate,Personalized outreach for the highest-ranked 10%; use segment and value,38851.33209999985,1153.7715362664924,182,833,Priority 3 - Nurture,Low-cost relationship nurture for value protection,churn-logistic-1.0.0
15325,2011-12-10,At-risk established,1596.81,8,0.6569334286706602,1,0.4,Priority 3 - Nurture,Automated email nurture or product reminder,38851.33209999985,1048.9978682355968,1413,974,Priority 3 - Nurture,Low-cost relationship nurture for value protection,churn-logistic-1.0.0
15327,2011-12-10,Lapsed low-value,208.75,1,0.8152575365279202,1,0.4,Priority 2 - Targeted,Targeted retention message for the next-ranked 10%,38851.33209999985,170.18501075020333,599,3101,Standard monitoring,Monitor customer value and churn risk; no paid intervention,churn-logistic-1.0.0
15329,2011-12-10,Champions,2763.73,10,0.3542057842865077,0,0.4,Standard monitoring,Normal low-cost engagement; no paid retention incentive,38851.33209999985,978.9291522061499,2563,1065,Priority 3 - Nurture,Low-cost relationship nurture for value protection,churn-logistic-1.0.0
15330,2011-12-10,Recent developing,714.96,2,0.6095226021799423,1,0.4,Priority 3 - Nurture,Automated email nurture or product reminder,38851.33209999985,435.78427965457155,1653,2326,Standard monitoring,Monitor customer value and churn risk; no paid intervention,churn-logistic-1.0.0
15334,2011-12-10,Lapsed low-value,348.72,3,0.6878177341706113,1,0.4,Priority 3 - Nurture,Automated email nurture or product reminder,38851.33209999985,239.8558002599756,1302,2926,Standard monitoring,Monitor customer value and churn risk; no paid intervention,churn-logistic-1.0.0
15335,2011-12-10,Lapsed low-value,173.97,1,0.8102310114239565,1,0.4,Priority 2 - Targeted,Targeted retention message for the next-ranked 10%,38851.33209999985,140.9558890574257,645,3188,Standard monitoring,Monitor customer value and churn risk; no paid intervention,churn-logistic-1.0.0
15339,2011-12-10,At-risk established,1634.09,7,0.6214616089666213,1,0.4,Priority 3 - Nurture,Automated email nurture or product reminder,38851.33209999985,1015.5242005962662,1601,1011,Priority 3 - Nurture,Low-cost relationship nurture for value protection,churn-logistic-1.0.0
15341,2011-12-10,At-risk established,2402.7200000000003,2,0.8689156834908125,1,0.4,Priority 1 - Immediate,Personalized outreach for the highest-ranked 10%; use segment and value,38851.33209999985,2087.7610910370454,204,244,Priority 1 - Immediate,Account-manager outreach; prioritize the highest exposed customer value,churn-logistic-1.0.0
15342,2011-12-10,Lapsed low-value,391.76,1,0.8542792387196309,1,0.4,Priority 1 - Immediate,Personalized outreach for the highest-ranked 10%; use segment and value,38851.33209999985,334.67243456080257,318,2622,Standard monitoring,Monitor customer value and churn risk; no paid intervention,churn-logistic-1.0.0
15343,2011-12-10,Lapsed low-value,364.5,1,0.8329303427609108,1,0.4,Priority 2 - Targeted,Targeted retention message for the next-ranked 10%,38851.33209999985,303.603109936352,450,2715,Standard monitoring,Monitor customer value and churn risk; no paid intervention,churn-logistic-1.0.0
15344,2011-12-10,Recent developing,476.58,3,0.4912895511916256,1,0.4,Standard monitoring,Normal low-cost engagement; no paid retention incentive,38851.33209999985,234.1387743069049,2128,2944,Standard monitoring,Monitor customer value and churn risk; no paid intervention,churn-logistic-1.0.0
15345,2011-12-10,Recent developing,367.69,1,0.7973094302653957,1,0.4,Priority 3 - Nurture,Automated email nurture or product reminder,38851.33209999985,293.1627044142833,791,2754,Standard monitoring,Monitor customer value and churn risk; no paid intervention,churn-logistic-1.0.0
15348,2011-12-10,Lapsed low-value,158.04,1,0.8347990633439694,1,0.4,Priority 2 - Targeted,Targeted retention message for the next-ranked 10%,38851.33209999985,131.9316439708809,438,3215,Standard monitoring,Monitor customer value and churn risk; no paid intervention,churn-logistic-1.0.0
15349,2011-12-10,Lapsed low-value,473.81,2,0.7475116542601715,1,0.4,Priority 3 - Nurture,Automated email nurture or product reminder,38851.33209999985,354.17849690501185,1090,2557,Standard monitoring,Monitor customer value and churn risk; no paid intervention,churn-logistic-1.0.0
15351,2011-12-10,Champions,3615.18,10,0.1779446277700576,0,0.4,Standard monitoring,Normal low-cost engagement; no paid retention incentive,38851.33209999985,643.3018594217568,3003,1756,Standard monitoring,Monitor customer value and churn risk; no paid intervention,churn-logistic-1.0.0
15355,2011-12-10,Recent developing,277.05,2,0.594153674289463,1,0.4,Priority 3 - Nurture,Automated email nurture or product reminder,38851.33209999985,164.61027546189572,1721,3120,Standard monitoring,Monitor customer value and churn risk; no paid intervention,churn-logistic-1.0.0
15356,2011-12-10,Champions,3464.95,13,0.2028070958832193,0,0.4,Standard monitoring,Normal low-cost engagement; no paid retention incentive,38851.33209999985,702.7164468805606,2942,1607,Priority 3 - Nurture,Low-cost relationship nurture for value protection,churn-logistic-1.0.0
15358,2011-12-10,Champions,16852.75,42,0.0201537644132318,0,0.4,Standard monitoring,Normal low-cost engagement; no paid retention incentive,38851.33209999985,339.64635321509223,3348,2612,Standard monitoring,Monitor customer value and churn risk; no paid intervention,churn-logistic-1.0.0
15360,2011-12-10,Recent developing,427.93,1,0.8013934113967114,1,0.4,Priority 3 - Nurture,Automated email nurture or product reminder,38851.33209999985,342.9402825389947,748,2597,Standard monitoring,Monitor customer value and churn risk; no paid intervention,churn-logistic-1.0.0
15364,2011-12-10,At-risk established,913.19,2,0.8005324829985387,1,0.4,Priority 3 - Nurture,Automated email nurture or product reminder,38851.33209999985,731.0382581494356,761,1534,Priority 3 - Nurture,Low-cost relationship nurture for value protection,churn-logistic-1.0.0
15365,2011-12-10,Champions,3798.98,13,0.3151085573983328,0,0.4,Standard monitoring,Normal low-cost engagement; no paid retention incentive,38851.33209999985,1197.0911073851184,2655,787,Priority 3 - Nurture,Low-cost relationship nurture for value protection,churn-logistic-1.0.0
15366,2011-12-10,At-risk established,2389.08,7,0.6229848608577325,1,0.4,Priority 3 - Nurture,Automated email nurture or product reminder,38851.33209999985,1488.3606713779916,1593,533,Priority 2 - Targeted,Personalized retention offer for a high-value account,churn-logistic-1.0.0
15367,2011-12-10,Champions,5005.7300000000005,11,0.4593357572977288,1,0.4,Standard monitoring,Normal low-cost engagement; no paid retention incentive,38851.33209999985,2299.3107803779603,2221,193,Priority 1 - Immediate,Account-manager outreach; prioritize the highest exposed customer value,churn-logistic-1.0.0
15368,2011-12-10,Recent developing,722.74,2,0.8638703332711634,1,0.4,Priority 1 - Immediate,Personalized outreach for the highest-ranked 10%; use segment and value,38851.33209999985,624.3536446684006,243,1798,Standard monitoring,Monitor customer value and churn risk; no paid intervention,churn-logistic-1.0.0
15370,2011-12-10,Champions,3713.51,8,0.31329316783618,0,0.4,Standard monitoring,Normal low-cost engagement; no paid retention incentive,38851.33209999985,1163.4173116913328,2663,821,Priority 3 - Nurture,Low-cost relationship nurture for value protection,churn-logistic-1.0.0
15372,2011-12-10,At-risk established,5954.42,8,0.7395696880790452,1,0.4,Priority 3 - Nurture,Automated email nurture or product reminder,38851.33209999985,4403.708542091628,1112,32,Priority 1 - Immediate,Account-manager outreach; prioritize the highest exposed customer value,churn-logistic-1.0.0
15373,2011-12-10,Champions,3218.59,17,0.1529011931114949,0,0.4,Standard monitoring,Normal low-cost engagement; no paid retention incentive,38851.33209999985,492.12625113672635,3067,2156,Standard monitoring,Monitor customer value and churn risk; no paid intervention,churn-logistic-1.0.0
15374,2011-12-10,Lapsed low-value,307.32,2,0.9422019859363508,1,0.4,Priority 1 - Immediate,Personalized outreach for the highest-ranked 10%; use segment and value,38851.33209999985,289.5575143179593,17,2764,Standard monitoring,Monitor customer value and churn risk; no paid intervention,churn-logistic-1.0.0
15376,2011-12-10,Recent developing,1233.36,3,0.5970779881595951,1,0.4,Priority 3 - Nurture,Automated email nurture or product reminder,38851.33209999985,736.4121074765181,1710,1521,Priority 3 - Nurture,Low-cost relationship nurture for value protection,churn-logistic-1.0.0
15379,2011-12-10,At-risk established,4806.4400000000005,8,0.6059561815623543,1,0.4,Priority 3 - Nurture,Automated email nurture or product reminder,38851.33209999985,2912.4920293085625,1671,102,Priority 1 - Immediate,Account-manager outreach; prioritize the highest exposed customer value,churn-logistic-1.0.0
15380,2011-12-10,Champions,3422.2000000000003,11,0.2248687533343274,0,0.4,Standard monitoring,Normal low-cost engagement; no paid retention incentive,38851.33209999985,769.5458476607353,2886,1446,Priority 3 - Nurture,Low-cost relationship nurture for value protection,churn-logistic-1.0.0
15382,2011-12-10,Champions,13647.2,12,0.2187850391662112,0,0.4,Standard monitoring,Normal low-cost engagement; no paid retention incentive,38851.33209999985,2985.8031865091175,2900,94,Priority 1 - Immediate,Account-manager outreach; prioritize the highest exposed customer value,churn-logistic-1.0.0
15384,2011-12-10,At-risk established,2014.49,4,0.8394054175164156,1,0.4,Priority 2 - Targeted,Targeted retention message for the next-ranked 10%,38851.33209999985,1690.973819532644,405,384,Priority 2 - Targeted,Personalized retention offer for a high-value account,churn-logistic-1.0.0
15385,2011-12-10,Recent developing,942.08,3,0.8053347533621773,1,0.4,Priority 3 - Nurture,Automated email nurture or product reminder,38851.33209999985,758.68976444744,706,1470,Priority 3 - Nurture,Low-cost relationship nurture for value protection,churn-logistic-1.0.0
15389,2011-12-10,At-risk established,2733.8,5,0.8030612081169696,1,0.4,Priority 3 - Nurture,Automated email nurture or product reminder,38851.33209999985,2195.4087307501713,729,214,Priority 1 - Immediate,Account-manager outreach; prioritize the highest exposed customer value,churn-logistic-1.0.0
15392,2011-12-10,Champions,2891.82,7,0.4057539195454926,1,0.4,Standard monitoring,Normal low-cost engagement; no paid retention incentive,38851.33209999985,1173.3672996200464,2393,810,Priority 3 - Nurture,Low-cost relationship nurture for value protection,churn-logistic-1.0.0
15393,2011-12-10,Recent developing,891.34,5,0.7198478320332432,1,0.4,Priority 3 - Nurture,Automated email nurture or product reminder,38851.33209999985,641.629166604511,1181,1760,Standard monitoring,Monitor customer value and churn risk; no paid intervention,churn-logistic-1.0.0
15394,2011-12-10,Champions,5251.4,11,0.3343321760827488,0,0.4,Standard monitoring,Normal low-cost engagement; no paid retention incentive,38851.33209999985,1755.7119894809468,2605,362,Priority 2 - Targeted,Personalized retention offer for a high-value account,churn-logistic-1.0.0
15396,2011-12-10,At-risk established,796.38,2,0.9307469037248172,1,0.4,Priority 1 - Immediate,Personalized outreach for the highest-ranked 10%; use segment and value,38851.33209999985,741.2282191883698,33,1512,Priority 3 - Nurture,Low-cost relationship nurture for value protection,churn-logistic-1.0.0
15398,2011-12-10,Recent developing,1339.63,2,0.5803260828103154,1,0.4,Standard monitoring,Normal low-cost engagement; no paid retention incentive,38851.33209999985,777.4222303151829,1785,1426,Priority 3 - Nurture,Low-cost relationship nurture for value protection,churn-logistic-1.0.0
15399,2011-12-10,Recent developing,815.77,3,0.5079952808964081,1,0.4,Standard monitoring,Normal low-cost engagement; no paid retention incentive,38851.33209999985,414.4073102968628,2062,2387,Standard monitoring,Monitor customer value and churn risk; no paid intervention,churn-logistic-1.0.0
15400,2011-12-10,At-risk established,1252.8,8,0.5861845227048726,1,0.4,Standard monitoring,Normal low-cost engagement; no paid retention incentive,38851.33209999985,734.3719700446644,1755,1531,Priority 3 - Nurture,Low-cost relationship nurture for value protection,churn-logistic-1.0.0
15402,2011-12-10,At-risk established,1816.22,6,0.6734939391318852,1,0.4,Priority 3 - Nurture,Automated email nurture or product reminder,38851.33209999985,1223.2131621301126,1348,757,Priority 3 - Nurture,Low-cost relationship nurture for value protection,churn-logistic-1.0.0
15406,2011-12-10,Recent developing,882.97,4,0.7516355695927025,1,0.4,Priority 3 - Nurture,Automated email nurture or product reminder,38851.33209999985,663.6716588832685,1078,1704,Priority 3 - Nurture,Low-cost relationship nurture for value protection,churn-logistic-1.0.0
15407,2011-12-10,Recent developing,1056.44,4,0.6395905268423991,1,0.4,Priority 3 - Nurture,Automated email nurture or product reminder,38851.33209999985,675.6890161773841,1497,1675,Priority 3 - Nurture,Low-cost relationship nurture for value protection,churn-logistic-1.0.0
15410,2011-12-10,Champions,4685.72,10,0.438503554343518,1,0.4,Standard monitoring,Normal low-cost engagement; no paid retention incentive,38851.33209999985,2054.704874658509,2289,251,Priority 1 - Immediate,Account-manager outreach; prioritize the highest exposed customer value,churn-logistic-1.0.0
15411,2011-12-10,Recent developing,1346.38,4,0.4587230724082966,1,0.4,Standard monitoring,Normal low-cost engagement; no paid retention incentive,38851.33209999985,617.6155702290824,2223,1810,Standard monitoring,Monitor customer value and churn risk; no paid intervention,churn-logistic-1.0.0
15412,2011-12-10,Lapsed low-value,190.53,1,0.8787364676819728,1,0.4,Priority 1 - Immediate,Personalized outreach for the highest-ranked 10%; use segment and value,38851.33209999985,167.42565918744629,147,3112,Standard monitoring,Monitor customer value and churn risk; no paid intervention,churn-logistic-1.0.0
15414,2011-12-10,Recent developing,774.9000000000001,3,0.6789797184972575,1,0.4,Priority 3 - Nurture,Automated email nurture or product reminder,38851.33209999985,526.1413838635249,1336,2049,Standard monitoring,Monitor customer value and churn risk; no paid intervention,churn-logistic-1.0.0
15416,2011-12-10,At-risk established,4562.87,7,0.4604358485375542,1,0.4,Standard monitoring,Normal low-cost engagement; no paid retention incentive,38851.33209999985,2100.90892021655,2218,241,Priority 1 - Immediate,Account-manager outreach; prioritize the highest exposed customer value,churn-logistic-1.0.0
15417,2011-12-10,Lapsed low-value,508.8,1,0.8272808178849262,1,0.4,Priority 2 - Targeted,Targeted retention message for the next-ranked 10%,38851.33209999985,420.9204801398505,510,2367,Standard monitoring,Monitor customer value and churn risk; no paid intervention,churn-logistic-1.0.0
15419,2011-12-10,Recent developing,135.86,1,0.8048649789431738,1,0.4,Priority 3 - Nurture,Automated email nurture or product reminder,38851.33209999985,109.3489560392196,712,3274,Standard monitoring,Monitor customer value and churn risk; no paid intervention,churn-logistic-1.0.0
15421,2011-12-10,Champions,3805.34,10,0.4574244692195007,1,0.4,Standard monitoring,Normal low-cost engagement; no paid retention incentive,38851.33209999985,1740.6556296997348,2228,367,Priority 2 - Targeted,Personalized retention offer for a high-value account,churn-logistic-1.0.0
15423,2011-12-10,Recent developing,219.14,3,0.9349073357861314,1,0.4,Priority 1 - Immediate,Personalized outreach for the highest-ranked 10%; use segment and value,38851.33209999985,204.87559356417282,25,3019,Standard monitoring,Monitor customer value and churn risk; no paid intervention,churn-logistic-1.0.0
15426,2011-12-10,Champions,2593.4,9,0.3431018054869441,0,0.4,Standard monitoring,Normal low-cost engagement; no paid retention incentive,38851.33209999985,889.8002223498409,2584,1224,Priority 3 - Nurture,Low-cost relationship nurture for value protection,churn-logistic-1.0.0
15427,2011-12-10,Recent developing,1483.14,3,0.4825262757009834,1,0.4,Standard monitoring,Normal low-cost engagement; no paid retention incentive,38851.33209999985,715.6540205431565,2154,1579,Priority 3 - Nurture,Low-cost relationship nurture for value protection,churn-logistic-1.0.0
15428,2011-12-10,Recent developing,762.75,4,0.7935095160110378,1,0.4,Priority 3 - Nurture,Automated email nurture or product reminder,38851.33209999985,605.2493833374191,837,1847,Standard monitoring,Monitor customer value and churn risk; no paid intervention,churn-logistic-1.0.0
15429,2011-12-10,Recent developing,364.9,2,0.5972112991568729,1,0.4,Priority 3 - Nurture,Automated email nurture or product reminder,38851.33209999985,217.9224030623429,1709,2983,Standard monitoring,Monitor customer value and churn risk; no paid intervention,churn-logistic-1.0.0
15432,2011-12-10,Recent developing,301.26,2,0.9173268351917312,1,0.4,Priority 1 - Immediate,Personalized outreach for the highest-ranked 10%; use segment and value,38851.33209999985,276.3538823698609,58,2814,Standard monitoring,Monitor customer value and churn risk; no paid intervention,churn-logistic-1.0.0
15434,2011-12-10,Champions,2517.11,11,0.2947386953935171,0,0.4,Standard monitoring,Normal low-cost engagement; no paid retention incentive,38851.33209999985,741.8897175619759,2717,1511,Priority 3 - Nurture,Low-cost relationship nurture for value protection,churn-logistic-1.0.0
15435,2011-12-10,Recent developing,149.29,1,0.7970189861682268,1,0.4,Priority 3 - Nurture,Automated email nurture or product reminder,38851.33209999985,118.98696444505457,795,3254,Standard monitoring,Monitor customer value and churn risk; no paid intervention,churn-logistic-1.0.0
15436,2011-12-10,Recent developing,1122.53,3,0.577638486211681,1,0.4,Standard monitoring,Normal low-cost engagement; no paid retention incentive,38851.33209999985,648.4165299271983,1796,1744,Standard monitoring,Monitor customer value and churn risk; no paid intervention,churn-logistic-1.0.0
15438,2011-12-10,Lapsed low-value,156.57999999999998,1,0.8623856081625767,1,0.4,Priority 1 - Immediate,Personalized outreach for the highest-ranked 10%; use segment and value,38851.33209999985,135.03233852609625,253,3202,Standard monitoring,Monitor customer value and churn risk; no paid intervention,churn-logistic-1.0.0
15440,2011-12-10,Recent developing,383.68,3,0.6272486215822071,1,0.4,Priority 3 - Nurture,Automated email nurture or product reminder,38851.33209999985,240.6627511286612,1571,2924,Standard monitoring,Monitor customer value and churn risk; no paid intervention,churn-logistic-1.0.0
15443,2011-12-10,Champions,5118.42,14,0.0541732719037334,0,0.4,Standard monitoring,Normal low-cost engagement; no paid retention incentive,38851.33209999985,277.2815583775071,3261,2809,Standard monitoring,Monitor customer value and churn risk; no paid intervention,churn-logistic-1.0.0
15444,2011-12-10,Recent developing,1418.26,2,0.4726917732859594,1,0.4,Standard monitoring,Normal low-cost engagement; no paid retention incentive,38851.33209999985,670.3998343805448,2183,1689,Priority 3 - Nurture,Low-cost relationship nurture for value protection,churn-logistic-1.0.0
15449,2011-12-10,Recent developing,971.22,3,0.7127259551726686,1,0.4,Priority 3 - Nurture,Automated email nurture or product reminder,38851.33209999985,692.2137021827992,1216,1638,Priority 3 - Nurture,Low-cost relationship nurture for value protection,churn-logistic-1.0.0
15450,2011-12-10,Recent developing,429.84,1,0.7927131802772278,1,0.4,Priority 3 - Nurture,Automated email nurture or product reminder,38851.33209999985,340.7398334103636,845,2609,Standard monitoring,Monitor customer value and churn risk; no paid intervention,churn-logistic-1.0.0
15452,2011-12-10,At-risk established,1799.11,6,0.4838651406890983,1,0.4,Standard monitoring,Normal low-cost engagement; no paid retention incentive,38851.33209999985,870.5266132651636,2151,1254,Priority 3 - Nurture,Low-cost relationship nurture for value protection,churn-logistic-1.0.0
15453,2011-12-10,Champions,1388.37,7,0.2216010060199013,0,0.4,Standard monitoring,Normal low-cost engagement; no paid retention incentive,38851.33209999985,307.66418872785033,2897,2699,Standard monitoring,Monitor customer value and churn risk; no paid intervention,churn-logistic-1.0.0
15458,2011-12-10,Recent developing,370.44,2,0.8704988765577508,1,0.4,Priority 1 - Immediate,Personalized outreach for the highest-ranked 10%; use segment and value,38851.33209999985,322.4676038320532,196,2650,Standard monitoring,Monitor customer value and churn risk; no paid intervention,churn-logistic-1.0.0
15462,2011-12-10,At-risk established,737.05,4,0.7178699016989081,1,0.4,Priority 3 - Nurture,Automated email nurture or product reminder,38851.33209999985,529.1060110471801,1189,2044,Standard monitoring,Monitor customer value and churn risk; no paid intervention,churn-logistic-1.0.0
15463,2011-12-10,Recent developing,126.14,1,0.8075067440854684,1,0.4,Priority 2 - Targeted,Targeted retention message for the next-ranked 10%,38851.33209999985,101.85890069894099,679,3295,Standard monitoring,Monitor customer value and churn risk; no paid intervention,churn-logistic-1.0.0
15465,2011-12-10,Champions,12209.95,32,0.0804424430619286,0,0.4,Standard monitoring,Normal low-cost engagement; no paid retention incentive,38851.33209999985,982.1982076639952,3200,1059,Priority 3 - Nurture,Low-cost relationship nurture for value protection,churn-logistic-1.0.0
15466,2011-12-10,At-risk established,1571.01,4,0.7185634767209573,1,0.4,Priority 3 - Nurture,Automated email nurture or product reminder,38851.33209999985,1128.8704075633912,1186,869,Priority 3 - Nurture,Low-cost relationship nurture for value protection,churn-logistic-1.0.0
15467,2011-12-10,Recent developing,511.88,3,0.640273526037025,1,0.4,Priority 3 - Nurture,Automated email nurture or product reminder,38851.33209999985,327.74321250783237,1494,2637,Standard monitoring,Monitor customer value and churn risk; no paid intervention,churn-logistic-1.0.0
15468,2011-12-10,Recent developing,1387.48,3,0.843564061417519,1,0.4,Priority 2 - Targeted,Targeted retention message for the next-ranked 10%,38851.33209999985,1170.4282639355793,376,814,Priority 3 - Nurture,Low-cost relationship nurture for value protection,churn-logistic-1.0.0
15469,2011-12-10,Recent developing,834.4,3,0.7704677277104508,1,0.4,Priority 3 - Nurture,Automated email nurture or product reminder,38851.33209999985,642.8782720016002,996,1758,Standard monitoring,Monitor customer value and churn risk; no paid intervention,churn-logistic-1.0.0
15471,2011-12-10,Recent developing,1316.56,3,0.801550110977942,1,0.4,Priority 3 - Nurture,Automated email nurture or product reminder,38851.33209999985,1055.2888141091194,746,963,Priority 3 - Nurture,Low-cost relationship nurture for value protection,churn-logistic-1.0.0
15472,2011-12-10,Lapsed low-value,371.56,1,0.8398428511896323,1,0.4,Priority 2 - Targeted,Targeted retention message for the next-ranked 10%,38851.33209999985,312.0520097880198,401,2681,Standard monitoring,Monitor customer value and churn risk; no paid intervention,churn-logistic-1.0.0
15473,2011-12-10,Champions,1740.0,7,0.5226083969263704,1,0.4,Standard monitoring,Normal low-cost engagement; no paid retention incentive,38851.33209999985,909.3386106518846,2009,1196,Priority 3 - Nurture,Low-cost relationship nurture for value protection,churn-logistic-1.0.0
15475,2011-12-10,Lapsed low-value,454.11,1,0.8250834495773322,1,0.4,Priority 2 - Targeted,Targeted retention message for the next-ranked 10%,38851.33209999985,374.6786452875623,524,2500,Standard monitoring,Monitor customer value and churn risk; no paid intervention,churn-logistic-1.0.0
15478,2011-12-10,Recent developing,1982.48,3,0.8503189513597758,1,0.4,Priority 1 - Immediate,Personalized outreach for the highest-ranked 10%; use segment and value,38851.33209999985,1685.7403146917281,339,387,Priority 2 - Targeted,Personalized retention offer for a high-value account,churn-logistic-1.0.0
15480,2011-12-10,At-risk established,3592.25,3,0.8103272356253803,1,0.4,Priority 2 - Targeted,Targeted retention message for the next-ranked 10%,38851.33209999985,2910.8980121752725,642,103,Priority 1 - Immediate,Account-manager outreach; prioritize the highest exposed customer value,churn-logistic-1.0.0
15482,2011-12-10,Champions,10181.36,17,0.1818058908204014,0,0.4,Standard monitoring,Normal low-cost engagement; no paid retention incentive,38851.33209999985,1851.0312245632022,2996,326,Priority 1 - Immediate,Account-manager outreach; prioritize the highest exposed customer value,churn-logistic-1.0.0
15483,2011-12-10,At-risk established,855.06,10,0.6727354960116686,1,0.4,Priority 3 - Nurture,Automated email nurture or product reminder,38851.33209999985,575.2292132197373,1351,1923,Standard monitoring,Monitor customer value and churn risk; no paid intervention,churn-logistic-1.0.0
15484,2011-12-10,Champions,4624.8,6,0.29154490038097,0,0.4,Standard monitoring,Normal low-cost engagement; no paid retention incentive,38851.33209999985,1348.33685528191,2731,646,Priority 2 - Targeted,Personalized retention offer for a high-value account,churn-logistic-1.0.0
15485,2011-12-10,Champions,5717.51,7,0.5586181964193632,1,0.4,Standard monitoring,Normal low-cost engagement; no paid retention incentive,38851.33209999985,3193.9051242096734,1877,73,Priority 1 - Immediate,Account-manager outreach; prioritize the highest exposed customer value,churn-logistic-1.0.0
15488,2011-12-10,At-risk established,431.92,5,0.797174004326941,1,0.4,Priority 3 - Nurture,Automated email nurture or product reminder,38851.33209999985,344.31539594889233,794,2592,Standard monitoring,Monitor customer value and churn risk; no paid intervention,churn-logistic-1.0.0
15489,2011-12-10,Champions,2324.96,8,0.3843116881861406,0,0.4,Standard monitoring,Normal low-cost engagement; no paid retention incentive,38851.33209999985,893.5093025652494,2475,1218,Priority 3 - Nurture,Low-cost relationship nurture for value protection,churn-logistic-1.0.0
15491,2011-12-10,At-risk established,3090.85,6,0.6068687569241135,1,0.4,Priority 3 - Nurture,Automated email nurture or product reminder,38851.33209999985,1875.740297338896,1667,315,Priority 1 - Immediate,Account-manager outreach; prioritize the highest exposed customer value,churn-logistic-1.0.0
15492,2011-12-10,Recent developing,659.4599999999999,2,0.6095931018809002,1,0.4,Priority 3 - Nurture,Automated email nurture or product reminder,38851.33209999985,402.0022669663784,1652,2424,Standard monitoring,Monitor customer value and churn risk; no paid intervention,churn-logistic-1.0.0
15493,2011-12-10,Champions,4271.94,9,0.3622512651560378,0,0.4,Standard monitoring,Normal low-cost engagement; no paid retention incentive,38851.33209999985,1547.5156696706838,2537,474,Priority 2 - Targeted,Personalized retention offer for a high-value account,churn-logistic-1.0.0
15494,2011-12-10,Champions,3780.05,5,0.4830844204234022,1,0.4,Standard monitoring,Normal low-cost engagement; no paid retention incentive,38851.33209999985,1826.0832634214817,2153,332,Priority 1 - Immediate,Account-manager outreach; prioritize the highest exposed customer value,churn-logistic-1.0.0
15497,2011-12-10,Champions,8642.14,9,0.5050697018286268,1,0.4,Standard monitoring,Normal low-cost engagement; no paid retention incentive,38851.33209999985,4364.883072961248,2082,34,Priority 1 - Immediate,Account-manager outreach; prioritize the highest exposed customer value,churn-logistic-1.0.0
15498,2011-12-10,Champions,25805.78,44,0.0099619707944581,0,0.4,Standard monitoring,Normal low-cost engagement; no paid retention incentive,38851.33209999985,257.076426688211,3392,2878,Standard monitoring,Monitor customer value and churn risk; no paid intervention,churn-logistic-1.0.0
15500,2011-12-10,Recent developing,1131.56,4,0.3998390421296339,0,0.4,Standard monitoring,Normal low-cost engagement; no paid retention incentive,38851.33209999985,452.4418665122085,2416,2275,Standard monitoring,Monitor customer value and churn risk; no paid intervention,churn-logistic-1.0.0
15502,2011-12-10,Champions,9024.99,11,0.1957663377751654,0,0.4,Standard monitoring,Normal low-cost engagement; no paid retention incentive,38851.33209999985,1766.7892407574898,2959,357,Priority 2 - Targeted,Personalized retention offer for a high-value account,churn-logistic-1.0.0
15504,2011-12-10,Recent developing,402.65,4,0.8053188472330763,1,0.4,Priority 3 - Nurture,Automated email nurture or product reminder,38851.33209999985,324.26163383839815,707,2644,Standard monitoring,Monitor customer value and churn risk; no paid intervention,churn-logistic-1.0.0
15505,2011-12-10,At-risk established,3497.14,5,0.3746347099633185,0,0.4,Standard monitoring,Normal low-cost engagement; no paid retention incentive,38851.33209999985,1310.1500296011195,2498,679,Priority 2 - Targeted,Personalized retention offer for a high-value account,churn-logistic-1.0.0
15506,2011-12-10,Champions,2040.03,6,0.3793089116770198,0,0.4,Standard monitoring,Normal low-cost engagement; no paid retention incentive,38851.33209999985,773.8015590884706,2492,1435,Priority 3 - Nurture,Low-cost relationship nurture for value protection,churn-logistic-1.0.0
15507,2011-12-10,Lapsed low-value,492.36,1,0.8669607762389027,1,0.4,Priority 1 - Immediate,Personalized outreach for the highest-ranked 10%; use segment and value,38851.33209999985,426.85680778898615,225,2350,Standard monitoring,Monitor customer value and churn risk; no paid intervention,churn-logistic-1.0.0
15511,2011-12-10,Recent developing,909.23,5,0.3136257107481133,0,0.4,Standard monitoring,Normal low-cost engagement; no paid retention incentive,38851.33209999985,285.1579049835071,2662,2781,Standard monitoring,Monitor customer value and churn risk; no paid intervention,churn-logistic-1.0.0
15512,2011-12-10,Lapsed low-value,331.58,4,0.8604980196204174,1,0.4,Priority 1 - Immediate,Personalized outreach for the highest-ranked 10%; use segment and value,38851.33209999985,285.323933345738,273,2779,Standard monitoring,Monitor customer value and churn risk; no paid intervention,churn-logistic-1.0.0
15513,2011-12-10,Champions,27334.71,35,0.0590030779211115,0,0.4,Standard monitoring,Normal low-cost engagement; no paid retention incentive,38851.33209999985,1612.8320240809858,3248,425,Priority 2 - Targeted,Personalized retention offer for a high-value account,churn-logistic-1.0.0
15514,2011-12-10,Champions,5450.8,18,0.1707914166719721,0,0.4,Standard monitoring,Normal low-cost engagement; no paid retention incentive,38851.33209999985,930.9498539955855,3021,1155,Priority 3 - Nurture,Low-cost relationship nurture for value protection,churn-logistic-1.0.0
15516,2011-12-10,Exceptional high-value,62.43,3,0.6090103746692803,1,0.4,Priority 3 - Nurture,Automated email nurture or product reminder,38851.33209999985,38.02051769060317,1656,3410,Standard monitoring,Monitor customer value and churn risk; no paid intervention,churn-logistic-1.0.0
15518,2011-12-10,Champions,4110.54,15,0.2520766328097354,0,0.4,Standard monitoring,Normal low-cost engagement; no paid retention incentive,38851.33209999985,1036.1710822297298,2818,990,Priority 3 - Nurture,Low-cost relationship nurture for value protection,churn-logistic-1.0.0
15520,2011-12-10,Recent developing,343.5,1,0.7838744417137765,1,0.4,Priority 3 - Nurture,Automated email nurture or product reminder,38851.33209999985,269.2608707286822,924,2840,Standard monitoring,Monitor customer value and churn risk; no paid intervention,churn-logistic-1.0.0
15521,2011-12-10,Champions,6794.95,16,0.2640065253636444,0,0.4,Standard monitoring,Normal low-cost engagement; no paid retention incentive,38851.33209999985,1793.9111395196953,2787,350,Priority 2 - Targeted,Personalized retention offer for a high-value account,churn-logistic-1.0.0
15522,2011-12-10,Recent developing,398.84,2,0.6222588002424023,1,0.4,Priority 3 - Nurture,Automated email nurture or product reminder,38851.33209999985,248.18169988867973,1596,2899,Standard monitoring,Monitor customer value and churn risk; no paid intervention,churn-logistic-1.0.0
15523,2011-12-10,Champions,17325.99,16,0.4526595373965748,1,0.4,Standard monitoring,Normal low-cost engagement; no paid retention incentive,38851.33209999985,7842.774618337681,2244,5,Priority 1 - Immediate,Account-manager outreach; prioritize the highest exposed customer value,churn-logistic-1.0.0
15524,2011-12-10,Recent developing,591.4,2,0.9319203014975108,1,0.4,Priority 1 - Immediate,Personalized outreach for the highest-ranked 10%; use segment and value,38851.33209999985,551.1376663056279,31,1984,Standard monitoring,Monitor customer value and churn risk; no paid intervention,churn-logistic-1.0.0
15525,2011-12-10,Recent developing,1278.3,4,0.54532386700571,1,0.4,Standard monitoring,Normal low-cost engagement; no paid retention incentive,38851.33209999985,697.087499193399,1935,1626,Priority 3 - Nurture,Low-cost relationship nurture for value protection,churn-logistic-1.0.0
15526,2011-12-10,Recent developing,148.44,2,0.8221640674716922,1,0.4,Priority 2 - Targeted,Targeted retention message for the next-ranked 10%,38851.33209999985,122.04203417549799,551,3243,Standard monitoring,Monitor customer value and churn risk; no paid intervention,churn-logistic-1.0.0
15527,2011-12-10,Champions,5234.34,23,0.1197628738207555,0,0.4,Standard monitoring,Normal low-cost engagement; no paid retention incentive,38851.33209999985,626.8796009549334,3127,1793,Standard monitoring,Monitor customer value and churn risk; no paid intervention,churn-logistic-1.0.0
15529,2011-12-10,Champions,5081.95,12,0.1520576069218531,0,0.4,Standard monitoring,Normal low-cost engagement; no paid retention incentive,38851.33209999985,772.7491554965113,3069,1439,Priority 3 - Nurture,Low-cost relationship nurture for value protection,churn-logistic-1.0.0
15530,2011-12-10,Recent developing,1813.72,5,0.5405083526180133,1,0.4,Standard monitoring,Normal low-cost engagement; no paid retention incentive,38851.33209999985,980.3308093103432,1944,1060,Priority 3 - Nurture,Low-cost relationship nurture for value protection,churn-logistic-1.0.0
15531,2011-12-10,Recent developing,2007.44,2,0.4420870568096404,1,0.4,Standard monitoring,Normal low-cost engagement; no paid retention incentive,38851.33209999985,887.4632413219446,2276,1230,Priority 3 - Nurture,Low-cost relationship nurture for value protection,churn-logistic-1.0.0
15532,2011-12-10,Champions,3688.4,10,0.2384407980258666,0,0.4,Standard monitoring,Normal low-cost engagement; no paid retention incentive,38851.33209999985,879.4650394386064,2853,1247,Priority 3 - Nurture,Low-cost relationship nurture for value protection,churn-logistic-1.0.0
15533,2011-12-10,Recent developing,754.12,3,0.5366627718868444,1,0.4,Standard monitoring,Normal low-cost engagement; no paid retention incentive,38851.33209999985,404.70812953530714,1958,2415,Standard monitoring,Monitor customer value and churn risk; no paid intervention,churn-logistic-1.0.0
15535,2011-12-10,At-risk established,998.57,6,0.7221924834727023,1,0.4,Priority 3 - Nurture,Automated email nurture or product reminder,38851.33209999985,721.1597482213364,1172,1566,Priority 3 - Nurture,Low-cost relationship nurture for value protection,churn-logistic-1.0.0
15537,2011-12-10,Lapsed low-value,110.92,1,0.8746593481484731,1,0.4,Priority 1 - Immediate,Personalized outreach for the highest-ranked 10%; use segment and value,38851.33209999985,97.01721489662864,167,3314,Standard monitoring,Monitor customer value and churn risk; no paid intervention,churn-logistic-1.0.0
15539,2011-12-10,Recent developing,538.46,1,0.7736222882498639,1,0.4,Priority 3 - Nurture,Automated email nurture or product reminder,38851.33209999985,416.56465733102175,973,2378,Standard monitoring,Monitor customer value and churn risk; no paid intervention,churn-logistic-1.0.0
15540,2011-12-10,Recent developing,460.68,2,0.8549511526780615,1,0.4,Priority 1 - Immediate,Personalized outreach for the highest-ranked 10%; use segment and value,38851.33209999985,393.8588970157294,314,2450,Standard monitoring,Monitor customer value and churn risk; no paid intervention,churn-logistic-1.0.0
15541,2011-12-10,Lapsed low-value,85.13000000000001,1,0.8566774618955674,1,0.4,Priority 1 - Immediate,Personalized outreach for the highest-ranked 10%; use segment and value,38851.33209999985,72.92895233116965,299,3369,Standard monitoring,Monitor customer value and churn risk; no paid intervention,churn-logistic-1.0.0
15544,2011-12-10,Champions,8134.12,20,0.1176733801085158,0,0.4,Standard monitoring,Normal low-cost engagement; no paid retention incentive,38851.33209999985,957.1693946082805,3131,1102,Priority 3 - Nurture,Low-cost relationship nurture for value protection,churn-logistic-1.0.0
15545,2011-12-10,Recent developing,428.05,2,0.8401987359480978,1,0.4,Priority 2 - Targeted,Targeted retention message for the next-ranked 10%,38851.33209999985,359.6470689225833,398,2542,Standard monitoring,Monitor customer value and churn risk; no paid intervention,churn-logistic-1.0.0
15547,2011-12-10,Champions,10089.04,26,0.0258778224864384,0,0.4,Standard monitoring,Normal low-cost engagement; no paid retention incentive,38851.33209999985,261.08238617857654,3326,2864,Standard monitoring,Monitor customer value and churn risk; no paid intervention,churn-logistic-1.0.0
15549,2011-12-10,At-risk established,2304.71,8,0.4669340338190605,1,0.4,Standard monitoring,Normal low-cost engagement; no paid retention incentive,38851.33209999985,1076.147537083127,2201,932,Priority 3 - Nurture,Low-cost relationship nurture for value protection,churn-logistic-1.0.0
15550,2011-12-10,Champions,2002.35,12,0.3240538227134953,0,0.4,Standard monitoring,Normal low-cost engagement; no paid retention incentive,38851.33209999985,648.8691719103673,2629,1743,Standard monitoring,Monitor customer value and churn risk; no paid intervention,churn-logistic-1.0.0
15551,2011-12-10,At-risk established,1656.08,6,0.6876825180091979,1,0.4,Priority 3 - Nurture,Automated email nurture or product reminder,38851.33209999985,1138.8572644246724,1303,859,Priority 3 - Nurture,Low-cost relationship nurture for value protection,churn-logistic-1.0.0
15553,2011-12-10,Recent developing,437.23,1,0.8125221096443977,1,0.4,Priority 2 - Targeted,Targeted retention message for the next-ranked 10%,38851.33209999985,355.25904199982006,624,2554,Standard monitoring,Monitor customer value and churn risk; no paid intervention,churn-logistic-1.0.0
15555,2011-12-10,Champions,11743.7,36,0.0062053220551856,0,0.4,Standard monitoring,Normal low-cost engagement; no paid retention incentive,38851.33209999985,72.87344061948313,3404,3370,Standard monitoring,Monitor customer value and churn risk; no paid intervention,churn-logistic-1.0.0
15556,2011-12-10,Recent developing,279.77,1,0.7937321485739902,1,0.4,Priority 3 - Nurture,Automated email nurture or product reminder,38851.33209999985,222.06244320654523,832,2974,Standard monitoring,Monitor customer value and churn risk; no paid intervention,churn-logistic-1.0.0
15557,2011-12-10,Recent developing,473.65,1,0.7937119759264075,1,0.4,Priority 3 - Nurture,Automated email nurture or product reminder,38851.33209999985,375.9416773975429,834,2492,Standard monitoring,Monitor customer value and churn risk; no paid intervention,churn-logistic-1.0.0
15561,2011-12-10,Champions,1856.54,8,0.4799905972628539,1,0.4,Standard monitoring,Normal low-cost engagement; no paid retention incentive,38851.33209999985,891.1217434423788,2165,1222,Priority 3 - Nurture,Low-cost relationship nurture for value protection,churn-logistic-1.0.0
15563,2011-12-10,Champions,2772.21,6,0.5240234694356439,1,0.4,Standard monitoring,Normal low-cost engagement; no paid retention incentive,38851.33209999985,1452.7031022041865,2000,552,Priority 2 - Targeted,Personalized retention offer for a high-value account,churn-logistic-1.0.0
15565,2011-12-10,Recent developing,173.16,2,0.6247614495866396,1,0.4,Priority 3 - Nurture,Automated email nurture or product reminder,38851.33209999985,108.18369261042251,1584,3277,Standard monitoring,Monitor customer value and churn risk; no paid intervention,churn-logistic-1.0.0
15567,2011-12-10,Recent developing,186.01,1,0.8006112049040893,1,0.4,Priority 3 - Nurture,Automated email nurture or product reminder,38851.33209999985,148.92169022420964,759,3163,Standard monitoring,Monitor customer value and churn risk; no paid intervention,churn-logistic-1.0.0
15568,2011-12-10,Recent developing,758.29,3,0.5060046048816008,1,0.4,Standard monitoring,Normal low-cost engagement; no paid retention incentive,38851.33209999985,383.69823183566905,2080,2478,Standard monitoring,Monitor customer value and churn risk; no paid intervention,churn-logistic-1.0.0
15569,2011-12-10,At-risk established,3586.35,10,0.5302336932992433,1,0.4,Standard monitoring,Normal low-cost engagement; no paid retention incentive,38851.33209999985,1901.603605963741,1978,304,Priority 1 - Immediate,Account-manager outreach; prioritize the highest exposed customer value,churn-logistic-1.0.0
15570,2011-12-10,Champions,9247.99,25,0.0700711082031777,0,0.4,Standard monitoring,Normal low-cost engagement; no paid retention incentive,38851.33209999985,648.0169079519054,3227,1745,Standard monitoring,Monitor customer value and churn risk; no paid intervention,churn-logistic-1.0.0
15571,2011-12-10,Champions,4051.63,14,0.1323517437990131,0,0.4,Standard monitoring,Normal low-cost engagement; no paid retention incentive,38851.33209999985,536.2402957283955,3114,2029,Standard monitoring,Monitor customer value and churn risk; no paid intervention,churn-logistic-1.0.0
15572,2011-12-10,Champions,4068.67,10,0.2858813015333776,0,0.4,Standard monitoring,Normal low-cost engagement; no paid retention incentive,38851.33209999985,1163.1566751098073,2744,822,Priority 3 - Nurture,Low-cost relationship nurture for value protection,churn-logistic-1.0.0
15573,2011-12-10,Recent developing,1199.23,5,0.5797588064623499,1,0.4,Standard monitoring,Normal low-cost engagement; no paid retention incentive,38851.33209999985,695.2641534738439,1787,1632,Priority 3 - Nurture,Low-cost relationship nurture for value protection,churn-logistic-1.0.0
15574,2011-12-10,At-risk established,1476.7,6,0.7257698542769647,1,0.4,Priority 3 - Nurture,Automated email nurture or product reminder,38851.33209999985,1071.744343810794,1164,940,Priority 3 - Nurture,Low-cost relationship nurture for value protection,churn-logistic-1.0.0
15576,2011-12-10,Recent developing,940.67,1,0.7738808325617638,1,0.4,Priority 3 - Nurture,Automated email nurture or product reminder,38851.33209999985,727.9664827658743,971,1546,Priority 3 - Nurture,Low-cost relationship nurture for value protection,churn-logistic-1.0.0
15577,2011-12-10,At-risk established,397.98,5,0.860857048501895,1,0.4,Priority 1 - Immediate,Personalized outreach for the highest-ranked 10%; use segment and value,38851.33209999985,342.6038881627842,270,2601,Standard monitoring,Monitor customer value and churn risk; no paid intervention,churn-logistic-1.0.0
15578,2011-12-10,Lapsed low-value,127.1,1,0.8762095569432948,1,0.4,Priority 1 - Immediate,Personalized outreach for the highest-ranked 10%; use segment and value,38851.33209999985,111.36623468749276,158,3272,Standard monitoring,Monitor customer value and churn risk; no paid intervention,churn-logistic-1.0.0
15579,2011-12-10,At-risk established,1267.25,5,0.6872643446437917,1,0.4,Priority 3 - Nurture,Automated email nurture or product reminder,38851.33209999985,870.9357407498451,1305,1253,Priority 3 - Nurture,Low-cost relationship nurture for value protection,churn-logistic-1.0.0
15581,2011-12-10,Exceptional high-value,4669.0,34,0.2275616708348037,0,0.4,Standard monitoring,Normal low-cost engagement; no paid retention incentive,38851.33209999985,1062.4854411276986,2879,951,Priority 3 - Nurture,Low-cost relationship nurture for value protection,churn-logistic-1.0.0
15582,2011-12-10,Recent developing,682.9100000000001,3,0.6317532230091012,1,0.4,Priority 3 - Nurture,Automated email nurture or product reminder,38851.33209999985,431.43059352514535,1539,2340,Standard monitoring,Monitor customer value and churn risk; no paid intervention,churn-logistic-1.0.0
15584,2011-12-10,Recent developing,1269.0,6,0.3176709393680248,0,0.4,Standard monitoring,Normal low-cost engagement; no paid retention incentive,38851.33209999985,403.12442205802347,2645,2421,Standard monitoring,Monitor customer value and churn risk; no paid intervention,churn-logistic-1.0.0
15585,2011-12-10,Lapsed low-value,455.3,1,0.871942547917586,1,0.4,Priority 1 - Immediate,Personalized outreach for the highest-ranked 10%; use segment and value,38851.33209999985,396.9954420668769,184,2437,Standard monitoring,Monitor customer value and churn risk; no paid intervention,churn-logistic-1.0.0
15587,2011-12-10,At-risk established,1522.0800000000002,7,0.4712314252685632,1,0.4,Standard monitoring,Normal low-cost engagement; no paid retention incentive,38851.33209999985,717.2519277727747,2189,1576,Priority 3 - Nurture,Low-cost relationship nurture for value protection,churn-logistic-1.0.0
15592,2011-12-10,Recent developing,388.58,1,0.8036960191245062,1,0.4,Priority 3 - Nurture,Automated email nurture or product reminder,38851.33209999985,312.3001991114006,724,2680,Standard monitoring,Monitor customer value and churn risk; no paid intervention,churn-logistic-1.0.0
15593,2011-12-10,Lapsed low-value,199.8,1,0.8337625880597062,1,0.4,Priority 2 - Targeted,Targeted retention message for the next-ranked 10%,38851.33209999985,166.5857650943293,446,3115,Standard monitoring,Monitor customer value and churn risk; no paid intervention,churn-logistic-1.0.0
15594,2011-12-10,Recent developing,1767.53,5,0.3708527235891188,0,0.4,Standard monitoring,Normal low-cost engagement; no paid retention incentive,38851.33209999985,655.4933145254752,2508,1724,Priority 3 - Nurture,Low-cost relationship nurture for value protection,churn-logistic-1.0.0
15596,2011-12-10,At-risk established,3023.09,9,0.5981699472603967,1,0.4,Priority 3 - Nurture,Automated email nurture or product reminder,38851.33209999985,1808.3215858634328,1705,340,Priority 1 - Immediate,Account-manager outreach; prioritize the highest exposed customer value,churn-logistic-1.0.0
15597,2011-12-10,Recent developing,554.52,2,0.9208305436498672,1,0.4,Priority 1 - Immediate,Personalized outreach for the highest-ranked 10%; use segment and value,38851.33209999985,510.61895306472434,53,2092,Standard monitoring,Monitor customer value and churn risk; no paid intervention,churn-logistic-1.0.0
15598,2011-12-10,Recent developing,543.02,2,0.8698564576504482,1,0.4,Priority 1 - Immediate,Personalized outreach for the highest-ranked 10%; use segment and value,38851.33209999985,472.34945363334634,198,2207,Standard monitoring,Monitor customer value and churn risk; no paid intervention,churn-logistic-1.0.0
15599,2011-12-10,Recent developing,1250.06,3,0.7226491322029076,1,0.4,Priority 3 - Nurture,Automated email nurture or product reminder,38851.33209999985,903.3547742015667,1171,1208,Priority 3 - Nurture,Low-cost relationship nurture for value protection,churn-logistic-1.0.0
15601,2011-12-10,Champions,14919.22,30,0.0567514089319214,0,0.4,Standard monitoring,Normal low-cost engagement; no paid retention incentive,38851.33209999985,846.6867551653003,3258,1291,Priority 3 - Nurture,Low-cost relationship nurture for value protection,churn-logistic-1.0.0
15602,2011-12-10,Champions,3009.06,16,0.1843767145372768,0,0.4,Standard monitoring,Normal low-cost engagement; no paid retention incentive,38851.33209999985,554.8005966455381,2990,1975,Standard monitoring,Monitor customer value and churn risk; no paid intervention,churn-logistic-1.0.0
15603,2011-12-10,Lapsed low-value,74.73,2,0.946399462069736,1,0.4,Priority 1 - Immediate,Personalized outreach for the highest-ranked 10%; use segment and value,38851.33209999985,70.72443180047138,12,3372,Standard monitoring,Monitor customer value and churn risk; no paid intervention,churn-logistic-1.0.0
15604,2011-12-10,Lapsed low-value,216.39,1,0.8133277858372792,1,0.4,Priority 2 - Targeted,Targeted retention message for the next-ranked 10%,38851.33209999985,175.99599957732883,618,3086,Standard monitoring,Monitor customer value and churn risk; no paid intervention,churn-logistic-1.0.0
15605,2011-12-10,Champions,1933.4,9,0.4195652398151617,1,0.4,Standard monitoring,Normal low-cost engagement; no paid retention incentive,38851.33209999985,811.1874346586336,2352,1356,Priority 3 - Nurture,Low-cost relationship nurture for value protection,churn-logistic-1.0.0
15606,2011-12-10,Champions,4733.47,17,0.2867129209029031,0,0.4,Standard monitoring,Normal low-cost engagement; no paid retention incentive,38851.33209999985,1357.147009706265,2742,634,Priority 2 - Targeted,Personalized retention offer for a high-value account,churn-logistic-1.0.0
15608,2011-12-10,Recent developing,1785.98,5,0.5239641675718486,1,0.4,Standard monitoring,Normal low-cost engagement; no paid retention incentive,38851.33209999985,935.7895239999701,2001,1142,Priority 3 - Nurture,Low-cost relationship nurture for value protection,churn-logistic-1.0.0
15610,2011-12-10,Lapsed low-value,112.46,1,0.8187419150416427,1,0.4,Priority 2 - Targeted,Targeted retention message for the next-ranked 10%,38851.33209999985,92.07571576558314,573,3329,Standard monitoring,Monitor customer value and churn risk; no paid intervention,churn-logistic-1.0.0
15611,2011-12-10,Champions,2833.37,24,0.0760962205635227,0,0.4,Standard monitoring,Normal low-cost engagement; no paid retention incentive,38851.33209999985,215.60874845806833,3211,2990,Standard monitoring,Monitor customer value and churn risk; no paid intervention,churn-logistic-1.0.0
15612,2011-12-10,Recent developing,195.15,2,0.6195996672784678,1,0.4,Priority 3 - Nurture,Automated email nurture or product reminder,38851.33209999985,120.914875069393,1610,3246,Standard monitoring,Monitor customer value and churn risk; no paid intervention,churn-logistic-1.0.0
15615,2011-12-10,Champions,21308.22,47,0.0245529533633438,0,0.4,Standard monitoring,Normal low-cost engagement; no paid retention incentive,38851.33209999985,523.1797319158696,3331,2058,Standard monitoring,Monitor customer value and churn risk; no paid intervention,churn-logistic-1.0.0
15618,2011-12-10,Recent developing,747.031,4,0.5729444940729097,1,0.4,Standard monitoring,Normal low-cost engagement; no paid retention incentive,38851.33209999985,428.00729835177975,1816,2347,Standard monitoring,Monitor customer value and churn risk; no paid intervention,churn-logistic-1.0.0
15619,2011-12-10,Recent developing,336.40000000000003,1,0.7926463210261838,1,0.4,Priority 3 - Nurture,Automated email nurture or product reminder,38851.33209999985,266.6462223932083,849,2852,Standard monitoring,Monitor customer value and churn risk; no paid intervention,churn-logistic-1.0.0
15620,2011-12-10,At-risk established,1910.01,4,0.6795824277104855,1,0.4,Priority 3 - Nurture,Automated email nurture or product reminder,38851.33209999985,1298.0092327513044,1332,688,Priority 2 - Targeted,Personalized retention offer for a high-value account,churn-logistic-1.0.0
15621,2011-12-10,Recent developing,1168.01,4,0.5063904248514014,1,0.4,Standard monitoring,Normal low-cost engagement; no paid retention incentive,38851.33209999985,591.4690801306854,2078,1882,Standard monitoring,Monitor customer value and churn risk; no paid intervention,churn-logistic-1.0.0
15622,2011-12-10,Champions,7346.13,17,0.3010247801143362,0,0.4,Standard monitoring,Normal low-cost engagement; no paid retention incentive,38851.33209999985,2211.3671679413287,2702,211,Priority 1 - Immediate,Account-manager outreach; prioritize the highest exposed customer value,churn-logistic-1.0.0
15623,2011-12-10,At-risk established,2437.05,8,0.657761687120357,1,0.4,Priority 3 - Nurture,Automated email nurture or product reminder,38851.33209999985,1602.9981195966661,1406,435,Priority 2 - Targeted,Personalized retention offer for a high-value account,churn-logistic-1.0.0
15624,2011-12-10,At-risk established,588.13,4,0.7126143653871322,1,0.4,Priority 3 - Nurture,Automated email nurture or product reminder,38851.33209999985,419.10988671513405,1218,2371,Standard monitoring,Monitor customer value and churn risk; no paid intervention,churn-logistic-1.0.0
15625,2011-12-10,At-risk established,3201.85,9,0.517582775709455,1,0.4,Standard monitoring,Normal low-cost engagement; no paid retention incentive,38851.33209999985,1657.2224104053184,2020,403,Priority 2 - Targeted,Personalized retention offer for a high-value account,churn-logistic-1.0.0
15626,2011-12-10,At-risk established,1049.37,3,0.8091597082963227,1,0.4,Priority 2 - Targeted,Targeted retention message for the next-ranked 10%,38851.33209999985,849.107923094912,662,1285,Priority 3 - Nurture,Low-cost relationship nurture for value protection,churn-logistic-1.0.0
15628,2011-12-10,Champions,5603.360000000001,17,0.0793841891085026,0,0.4,Standard monitoring,Normal low-cost engagement; no paid retention incentive,38851.33209999985,444.8181898830192,3205,2304,Standard monitoring,Monitor customer value and churn risk; no paid intervention,churn-logistic-1.0.0
15630,2011-12-10,Recent developing,1475.45,3,0.8382268174520715,1,0.4,Priority 2 - Targeted,Targeted retention message for the next-ranked 10%,38851.33209999985,1236.761757809659,413,749,Priority 3 - Nurture,Low-cost relationship nurture for value protection,churn-logistic-1.0.0
15632,2011-12-10,Champions,3148.31,8,0.3155485557047086,0,0.4,Standard monitoring,Normal low-cost engagement; no paid retention incentive,38851.33209999985,993.444673410691,2654,1043,Priority 3 - Nurture,Low-cost relationship nurture for value protection,churn-logistic-1.0.0
15634,2011-12-10,Recent developing,554.65,2,0.8563270071833982,1,0.4,Priority 1 - Immediate,Personalized outreach for the highest-ranked 10%; use segment and value,38851.33209999985,474.9617745342718,301,2203,Standard monitoring,Monitor customer value and churn risk; no paid intervention,churn-logistic-1.0.0
15636,2011-12-10,At-risk established,1444.58,4,0.7156024803526891,1,0.4,Priority 3 - Nurture,Automated email nurture or product reminder,38851.33209999985,1033.7450310678876,1201,991,Priority 3 - Nurture,Low-cost relationship nurture for value protection,churn-logistic-1.0.0
15637,2011-12-10,Recent developing,797.59,5,0.7047998366067705,1,0.4,Priority 3 - Nurture,Automated email nurture or product reminder,38851.33209999985,562.141301679194,1245,1948,Standard monitoring,Monitor customer value and churn risk; no paid intervention,churn-logistic-1.0.0
15639,2011-12-10,At-risk established,1025.13,3,0.8642687507882513,1,0.4,Priority 1 - Immediate,Personalized outreach for the highest-ranked 10%; use segment and value,38851.33209999985,885.9878244955602,238,1238,Priority 3 - Nurture,Low-cost relationship nurture for value protection,churn-logistic-1.0.0
15640,2011-12-10,Champions,23811.91,29,0.0265513784506526,0,0.4,Standard monitoring,Normal low-cost engagement; no paid retention incentive,38851.33209999985,632.2390340428791,3323,1779,Standard monitoring,Monitor customer value and churn risk; no paid intervention,churn-logistic-1.0.0
15641,2011-12-10,Champions,5345.55,12,0.4416357144145975,1,0.4,Standard monitoring,Normal low-cost engagement; no paid retention incentive,38851.33209999985,2360.7857931889516,2277,174,Priority 1 - Immediate,Account-manager outreach; prioritize the highest exposed customer value,churn-logistic-1.0.0
15644,2011-12-10,At-risk established,813.0,4,0.7600724667037881,1,0.4,Priority 3 - Nurture,Automated email nurture or product reminder,38851.33209999985,617.9389154301798,1046,1807,Standard monitoring,Monitor customer value and churn risk; no paid intervention,churn-logistic-1.0.0
15645,2011-12-10,Recent developing,1042.15,3,0.8718846372151334,1,0.4,Priority 1 - Immediate,Personalized outreach for the highest-ranked 10%; use segment and value,38851.33209999985,908.6345746737513,185,1200,Priority 3 - Nurture,Low-cost relationship nurture for value protection,churn-logistic-1.0.0
15646,2011-12-10,At-risk established,952.11,5,0.7437557432902968,1,0.4,Priority 3 - Nurture,Automated email nurture or product reminder,38851.33209999985,708.1372807441245,1103,1596,Priority 3 - Nurture,Low-cost relationship nurture for value protection,churn-logistic-1.0.0
15651,2011-12-10,Recent developing,1259.06,5,0.6825952462388202,1,0.4,Priority 3 - Nurture,Automated email nurture or product reminder,38851.33209999985,859.428370729449,1322,1273,Priority 3 - Nurture,Low-cost relationship nurture for value protection,churn-logistic-1.0.0
15652,2011-12-10,At-risk established,1411.84,5,0.7415001556015188,1,0.4,Priority 3 - Nurture,Automated email nurture or product reminder,38851.33209999985,1046.8795796844483,1108,978,Priority 3 - Nurture,Low-cost relationship nurture for value protection,churn-logistic-1.0.0
15653,2011-12-10,At-risk established,877.4399999999999,2,0.6999429887561908,1,0.4,Priority 3 - Nurture,Automated email nurture or product reminder,38851.33209999985,614.157976054232,1262,1819,Standard monitoring,Monitor customer value and churn risk; no paid intervention,churn-logistic-1.0.0
15654,2011-12-10,Recent developing,922.53,2,0.5520343455184198,1,0.4,Standard monitoring,Normal low-cost engagement; no paid retention incentive,38851.33209999985,509.2682447711078,1903,2100,Standard monitoring,Monitor customer value and churn risk; no paid intervention,churn-logistic-1.0.0
15656,2011-12-10,Recent developing,748.5,4,0.61947918307133,1,0.4,Priority 3 - Nurture,Automated email nurture or product reminder,38851.33209999985,463.6801685288905,1612,2230,Standard monitoring,Monitor customer value and churn risk; no paid intervention,churn-logistic-1.0.0
15657,2011-12-10,Exceptional high-value,30.0,1,0.8085619558193223,1,0.4,Priority 2 - Targeted,Targeted retention message for the next-ranked 10%,38851.33209999985,24.25685867457967,671,3425,Standard monitoring,Monitor customer value and churn risk; no paid intervention,churn-logistic-1.0.0
15659,2011-12-10,Recent developing,532.49,3,0.810531593048897,1,0.4,Priority 2 - Targeted,Targeted retention message for the next-ranked 10%,38851.33209999985,431.59996798260715,641,2339,Standard monitoring,Monitor customer value and churn risk; no paid intervention,churn-logistic-1.0.0
15660,2011-12-10,Champions,2764.64,15,0.2992109838218086,0,0.4,Standard monitoring,Normal low-cost engagement; no paid retention incentive,38851.33209999985,827.2106543131249,2708,1332,Priority 3 - Nurture,Low-cost relationship nurture for value protection,churn-logistic-1.0.0
15663,2011-12-10,Lapsed low-value,138.14,1,0.8570562782010532,1,0.4,Priority 1 - Immediate,Personalized outreach for the highest-ranked 10%; use segment and value,38851.33209999985,118.39375427069348,296,3256,Standard monitoring,Monitor customer value and churn risk; no paid intervention,churn-logistic-1.0.0
15664,2011-12-10,At-risk established,1199.53,4,0.767719140810544,1,0.4,Priority 3 - Nurture,Automated email nurture or product reminder,38851.33209999985,920.9021409764719,1011,1173,Priority 3 - Nurture,Low-cost relationship nurture for value protection,churn-logistic-1.0.0
15665,2011-12-10,At-risk established,4015.12,5,0.6866975457504222,1,0.4,Priority 3 - Nurture,Automated email nurture or product reminder,38851.33209999985,2757.1730498934353,1308,120,Priority 1 - Immediate,Account-manager outreach; prioritize the highest exposed customer value,churn-logistic-1.0.0
15667,2011-12-10,Recent developing,301.32,1,0.8057920602509618,1,0.4,Priority 3 - Nurture,Automated email nurture or product reminder,38851.33209999985,242.80126359481983,699,2920,Standard monitoring,Monitor customer value and churn risk; no paid intervention,churn-logistic-1.0.0
15669,2011-12-10,Recent developing,677.69,4,0.5531334644586138,1,0.4,Standard monitoring,Normal low-cost engagement; no paid retention incentive,38851.33209999985,374.853017528958,1900,2499,Standard monitoring,Monitor customer value and churn risk; no paid intervention,churn-logistic-1.0.0
15671,2011-12-10,Champions,2635.49,7,0.3694447438908373,0,0.4,Standard monitoring,Normal low-cost engagement; no paid retention incentive,38851.33209999985,973.6679280768627,2511,1071,Priority 3 - Nurture,Low-cost relationship nurture for value protection,churn-logistic-1.0.0
15673,2011-12-10,Champions,6409.84,9,0.4009327786925191,1,0.4,Standard monitoring,Normal low-cost engagement; no paid retention incentive,38851.33209999985,2569.914962174457,2411,140,Priority 1 - Immediate,Account-manager outreach; prioritize the highest exposed customer value,churn-logistic-1.0.0
15674,2011-12-10,Champions,6223.1900000000005,12,0.3833990936815825,0,0.4,Standard monitoring,Normal low-cost engagement; no paid retention incentive,38851.33209999985,2385.9654058082874,2479,170,Priority 1 - Immediate,Account-manager outreach; prioritize the highest exposed customer value,churn-logistic-1.0.0
15675,2011-12-10,At-risk established,542.04,4,0.6746878807140413,1,0.4,Priority 3 - Nurture,Automated email nurture or product reminder,38851.33209999985,365.7078188622389,1346,2525,Standard monitoring,Monitor customer value and churn risk; no paid intervention,churn-logistic-1.0.0
15676,2011-12-10,Recent developing,3324.09,3,0.569381726882517,1,0.4,Standard monitoring,Normal low-cost engagement; no paid retention incentive,38851.33209999985,1892.676104512906,1837,307,Priority 1 - Immediate,Account-manager outreach; prioritize the highest exposed customer value,churn-logistic-1.0.0
15677,2011-12-10,Recent developing,1305.63,3,0.8622410531795455,1,0.4,Priority 1 - Immediate,Personalized outreach for the highest-ranked 10%; use segment and value,38851.33209999985,1125.76778626281,255,872,Priority 3 - Nurture,Low-cost relationship nurture for value protection,churn-logistic-1.0.0
15678,2011-12-10,At-risk established,1893.89,3,0.8231970979233656,1,0.4,Priority 2 - Targeted,Targeted retention message for the next-ranked 10%,38851.33209999985,1559.044751786083,543,466,Priority 2 - Targeted,Personalized retention offer for a high-value account,churn-logistic-1.0.0
15679,2011-12-10,Recent developing,781.28,4,0.4763095744878583,1,0.4,Standard monitoring,Normal low-cost engagement; no paid retention incentive,38851.33209999985,372.1311443558739,2172,2505,Standard monitoring,Monitor customer value and churn risk; no paid intervention,churn-logistic-1.0.0
15680,2011-12-10,Champions,4489.88,10,0.331917453529813,0,0.4,Standard monitoring,Normal low-cost engagement; no paid retention incentive,38851.33209999985,1490.2695362544368,2612,532,Priority 2 - Targeted,Personalized retention offer for a high-value account,churn-logistic-1.0.0
15681,2011-12-10,Champions,2484.28,14,0.4000109642814608,1,0.4,Standard monitoring,Normal low-cost engagement; no paid retention incentive,38851.33209999985,993.7392383451476,2415,1040,Priority 3 - Nurture,Low-cost relationship nurture for value protection,churn-logistic-1.0.0
15683,2011-12-10,Lapsed low-value,524.54,2,0.9007246814871956,1,0.4,Priority 1 - Immediate,Personalized outreach for the highest-ranked 10%; use segment and value,38851.33209999985,472.46612442729355,93,2205,Standard monitoring,Monitor customer value and churn risk; no paid intervention,churn-logistic-1.0.0
15687,2011-12-10,Champions,2981.5,9,0.3925726024563899,0,0.4,Standard monitoring,Normal low-cost engagement; no paid retention incentive,38851.33209999985,1170.4552142237264,2445,813,Priority 3 - Nurture,Low-cost relationship nurture for value protection,churn-logistic-1.0.0
15689,2011-12-10,At-risk established,521.03,3,0.8172462024894648,1,0.4,Priority 2 - Targeted,Targeted retention message for the next-ranked 10%,38851.33209999985,425.8097888830858,586,2353,Standard monitoring,Monitor customer value and churn risk; no paid intervention,churn-logistic-1.0.0
15690,2011-12-10,Recent developing,239.76,2,0.6473053205527509,1,0.4,Priority 3 - Nurture,Automated email nurture or product reminder,38851.33209999985,155.19792365572755,1459,3147,Standard monitoring,Monitor customer value and churn risk; no paid intervention,churn-logistic-1.0.0
15692,2011-12-10,Recent developing,191.04,1,0.803695195572678,1,0.4,Priority 3 - Nurture,Automated email nurture or product reminder,38851.33209999985,153.5379301622044,725,3150,Standard monitoring,Monitor customer value and churn risk; no paid intervention,churn-logistic-1.0.0
15694,2011-12-10,Champions,10592.06,23,0.0568763861967138,0,0.4,Standard monitoring,Normal low-cost engagement; no paid retention incentive,38851.33209999985,602.4380951787643,3256,1855,Standard monitoring,Monitor customer value and churn risk; no paid intervention,churn-logistic-1.0.0
15696,2011-12-10,Champions,3758.37,13,0.3081217923963685,0,0.4,Standard monitoring,Normal low-cost engagement; no paid retention incentive,38851.33209999985,1158.0357008887395,2680,828,Priority 3 - Nurture,Low-cost relationship nurture for value protection,churn-logistic-1.0.0
15699,2011-12-10,Recent developing,309.65,1,0.7926330585119905,1,0.4,Priority 3 - Nurture,Automated email nurture or product reminder,38851.33209999985,245.43882656823783,850,2910,Standard monitoring,Monitor customer value and churn risk; no paid intervention,churn-logistic-1.0.0
15700,2011-12-10,Lapsed low-value,664.03,2,0.6962675908769763,1,0.4,Priority 3 - Nurture,Automated email nurture or product reminder,38851.33209999985,462.3425683700386,1275,2237,Standard monitoring,Monitor customer value and churn risk; no paid intervention,churn-logistic-1.0.0
15701,2011-12-10,Recent developing,1542.14,4,0.3576384466516659,0,0.4,Standard monitoring,Normal low-cost engagement; no paid retention incentive,38851.33209999985,551.5285541194,2549,1982,Standard monitoring,Monitor customer value and churn risk; no paid intervention,churn-logistic-1.0.0
15704,2011-12-10,At-risk established,3747.16,6,0.7149879729452747,1,0.4,Priority 3 - Nurture,Automated email nurture or product reminder,38851.33209999985,2679.1743327016156,1204,126,Priority 1 - Immediate,Account-manager outreach; prioritize the highest exposed customer value,churn-logistic-1.0.0
15706,2011-12-10,At-risk established,1001.81,4,0.4451852004706851,1,0.4,Standard monitoring,Normal low-cost engagement; no paid retention incentive,38851.33209999985,445.990985683537,2268,2300,Standard monitoring,Monitor customer value and churn risk; no paid intervention,churn-logistic-1.0.0
15707,2011-12-10,Recent developing,945.58,4,0.41265601076413,1,0.4,Standard monitoring,Normal low-cost engagement; no paid retention incentive,38851.33209999985,390.19927065834605,2370,2457,Standard monitoring,Monitor customer value and churn risk; no paid intervention,churn-logistic-1.0.0
15708,2011-12-10,Champions,4323.9800000000005,9,0.3993048395873273,0,0.4,Standard monitoring,Normal low-cost engagement; no paid retention incentive,38851.33209999985,1726.5861402788119,2419,372,Priority 2 - Targeted,Personalized retention offer for a high-value account,churn-logistic-1.0.0
15712,2011-12-10,Champions,3467.46,12,0.2623945487630499,0,0.4,Standard monitoring,Normal low-cost engagement; no paid retention incentive,38851.33209999985,909.842602053925,2792,1195,Priority 3 - Nurture,Low-cost relationship nurture for value protection,churn-logistic-1.0.0
15713,2011-12-10,At-risk established,985.99,4,0.8215566199354145,1,0.4,Priority 2 - Targeted,Targeted retention message for the next-ranked 10%,38851.33209999985,810.0466116901193,556,1360,Priority 3 - Nurture,Low-cost relationship nurture for value protection,churn-logistic-1.0.0
15714,2011-12-10,Recent developing,784.8100000000001,5,0.6185169134375964,1,0.4,Priority 3 - Nurture,Automated email nurture or product reminder,38851.33209999985,485.41825883496006,1616,2172,Standard monitoring,Monitor customer value and churn risk; no paid intervention,churn-logistic-1.0.0
15716,2011-12-10,At-risk established,3054.29,11,0.5024305351938018,1,0.4,Standard monitoring,Normal low-cost engagement; no paid retention incentive,38851.33209999985,1534.5685593370767,2091,492,Priority 2 - Targeted,Personalized retention offer for a high-value account,churn-logistic-1.0.0
15719,2011-12-10,Champions,10145.91,31,0.0513236495343952,0,0.4,Standard monitoring,Normal low-cost engagement; no paid retention incentive,38851.33209999985,520.7251290475156,3271,2066,Standard monitoring,Monitor customer value and churn risk; no paid intervention,churn-logistic-1.0.0
15720,2011-12-10,Recent developing,741.92,2,0.8953478525530719,1,0.4,Priority 1 - Immediate,Personalized outreach for the highest-ranked 10%; use segment and value,38851.33209999985,664.276478766175,101,1701,Priority 3 - Nurture,Low-cost relationship nurture for value protection,churn-logistic-1.0.0
15721,2011-12-10,Recent developing,507.08,1,0.7646474078883394,1,0.4,Priority 3 - Nurture,Automated email nurture or product reminder,38851.33209999985,387.7374075920191,1026,2463,Standard monitoring,Monitor customer value and churn risk; no paid intervention,churn-logistic-1.0.0
15722,2011-12-10,Champions,5166.150000000001,11,0.4199478766431013,1,0.4,Standard monitoring,Normal low-cost engagement; no paid retention incentive,38851.33209999985,2169.513722919758,2348,220,Priority 1 - Immediate,Account-manager outreach; prioritize the highest exposed customer value,churn-logistic-1.0.0
15725,2011-12-10,Recent developing,415.25,1,0.7842697796228901,1,0.4,Priority 3 - Nurture,Automated email nurture or product reminder,38851.33209999985,325.66802598840513,919,2641,Standard monitoring,Monitor customer value and churn risk; no paid intervention,churn-logistic-1.0.0
15727,2011-12-10,Champions,9445.51,15,0.1753719054364628,0,0.4,Standard monitoring,Normal low-cost engagement; no paid retention incentive,38851.33209999985,1656.4770865191638,3006,404,Priority 2 - Targeted,Personalized retention offer for a high-value account,churn-logistic-1.0.0
15730,2011-12-10,At-risk established,1708.18,5,0.589297788892003,1,0.4,Standard monitoring,Normal low-cost engagement; no paid retention incentive,38851.33209999985,1006.6266970295418,1737,1024,Priority 3 - Nurture,Low-cost relationship nurture for value protection,churn-logistic-1.0.0
15734,2011-12-10,At-risk established,2263.3,4,0.7373638921295114,1,0.4,Priority 3 - Nurture,Automated email nurture or product reminder,38851.33209999985,1668.8756970567233,1120,395,Priority 2 - Targeted,Personalized retention offer for a high-value account,churn-logistic-1.0.0
15737,2011-12-10,Recent developing,1138.21,8,0.3513294251107572,0,0.4,Standard monitoring,Normal low-cost engagement; no paid retention incentive,38851.33209999985,399.886664955315,2567,2428,Standard monitoring,Monitor customer value and churn risk; no paid intervention,churn-logistic-1.0.0
15738,2011-12-10,Champions,13342.12,41,0.0596676607629793,0,0.4,Standard monitoring,Normal low-cost engagement; no paid retention incentive,38851.33209999985,796.0930900189614,3247,1382,Priority 3 - Nurture,Low-cost relationship nurture for value protection,churn-logistic-1.0.0
15739,2011-12-10,Recent developing,449.12,1,0.8262878333884194,1,0.4,Priority 2 - Targeted,Targeted retention message for the next-ranked 10%,38851.33209999985,371.1023917314069,519,2508,Standard monitoring,Monitor customer value and churn risk; no paid intervention,churn-logistic-1.0.0
15740,2011-12-10,Lapsed low-value,154.88,1,0.8160473277619414,1,0.4,Priority 2 - Targeted,Targeted retention message for the next-ranked 10%,38851.33209999985,126.3894101237695,593,3232,Standard monitoring,Monitor customer value and churn risk; no paid intervention,churn-logistic-1.0.0
15743,2011-12-10,Recent developing,784.46,4,0.4988434140194915,1,0.4,Standard monitoring,Normal low-cost engagement; no paid retention incentive,38851.33209999985,391.32270456173035,2106,2455,Standard monitoring,Monitor customer value and churn risk; no paid intervention,churn-logistic-1.0.0
15744,2011-12-10,Lapsed low-value,34.8,1,0.8415749515886661,1,0.4,Priority 2 - Targeted,Targeted retention message for the next-ranked 10%,38851.33209999985,29.28680831528558,391,3420,Standard monitoring,Monitor customer value and churn risk; no paid intervention,churn-logistic-1.0.0
15745,2011-12-10,Recent developing,1071.24,4,0.5067905970765533,1,0.4,Standard monitoring,Normal low-cost engagement; no paid retention incentive,38851.33209999985,542.894359212287,2074,1999,Standard monitoring,Monitor customer value and churn risk; no paid intervention,churn-logistic-1.0.0
15746,2011-12-10,Lapsed low-value,182.96,1,0.861215161041006,1,0.4,Priority 1 - Immediate,Personalized outreach for the highest-ranked 10%; use segment and value,38851.33209999985,157.56792586406246,265,3138,Standard monitoring,Monitor customer value and churn risk; no paid intervention,churn-logistic-1.0.0
15747,2011-12-10,Champions,2560.66,9,0.3544106527612634,0,0.4,Standard monitoring,Normal low-cost engagement; no paid retention incentive,38851.33209999985,907.5251820996566,2561,1203,Priority 3 - Nurture,Low-cost relationship nurture for value protection,churn-logistic-1.0.0
15748,2011-12-10,Recent developing,614.7600000000001,3,0.8842576716441499,1,0.4,Priority 1 - Immediate,Personalized outreach for the highest-ranked 10%; use segment and value,38851.33209999985,543.6062462199577,124,1997,Standard monitoring,Monitor customer value and churn risk; no paid intervention,churn-logistic-1.0.0
15750,2011-12-10,Champions,6716.6410000000005,18,0.0642028709673607,0,0.4,Standard monitoring,Normal low-cost engagement; no paid retention incentive,38851.33209999985,431.2276354570846,3237,2341,Standard monitoring,Monitor customer value and churn risk; no paid intervention,churn-logistic-1.0.0
15752,2011-12-10,Champions,4199.09,9,0.2662956951676548,0,0.4,Standard monitoring,Normal low-cost engagement; no paid retention incentive,38851.33209999985,1118.1995906215475,2778,883,Priority 3 - Nurture,Low-cost relationship nurture for value protection,churn-logistic-1.0.0
15754,2011-12-10,Champions,3001.86,9,0.4206272619754156,1,0.4,Standard monitoring,Normal low-cost engagement; no paid retention incentive,38851.33209999985,1262.664152633521,2343,727,Priority 3 - Nurture,Low-cost relationship nurture for value protection,churn-logistic-1.0.0
15755,2011-12-10,Champions,5936.95,17,0.1086999123575381,0,0.4,Standard monitoring,Normal low-cost engagement; no paid retention incentive,38851.33209999985,645.3459446710858,3150,1750,Standard monitoring,Monitor customer value and churn risk; no paid intervention,churn-logistic-1.0.0
15756,2011-12-10,Recent developing,532.96,4,0.5875628222826338,1,0.4,Standard monitoring,Normal low-cost engagement; no paid retention incentive,38851.33209999985,313.1474817637525,1745,2676,Standard monitoring,Monitor customer value and churn risk; no paid intervention,churn-logistic-1.0.0
15757,2011-12-10,At-risk established,2940.36,6,0.5625943025123298,1,0.4,Standard monitoring,Normal low-cost engagement; no paid retention incentive,38851.33209999985,1654.229783335154,1859,406,Priority 2 - Targeted,Personalized retention offer for a high-value account,churn-logistic-1.0.0
15758,2011-12-10,Recent developing,205.25,1,0.8018782617465868,1,0.4,Priority 3 - Nurture,Automated email nurture or product reminder,38851.33209999985,164.58551322348694,743,3121,Standard monitoring,Monitor customer value and churn risk; no paid intervention,churn-logistic-1.0.0
15762,2011-12-10,Recent developing,583.75,2,0.6213098986842893,1,0.4,Priority 3 - Nurture,Automated email nurture or product reminder,38851.33209999985,362.6896533569539,1602,2535,Standard monitoring,Monitor customer value and churn risk; no paid intervention,churn-logistic-1.0.0
15763,2011-12-10,Recent developing,1048.67,2,0.5816839908099327,1,0.4,Standard monitoring,Normal low-cost engagement; no paid retention incentive,38851.33209999985,609.9945506426521,1777,1836,Standard monitoring,Monitor customer value and churn risk; no paid intervention,churn-logistic-1.0.0
15764,2011-12-10,At-risk established,4453.28,8,0.510699363330974,1,0.4,Standard monitoring,Normal low-cost engagement; no paid retention incentive,38851.33209999985,2274.28726073456,2047,197,Priority 1 - Immediate,Account-manager outreach; prioritize the highest exposed customer value,churn-logistic-1.0.0
15766,2011-12-10,Recent developing,799.66,3,0.861120789295975,1,0.4,Priority 1 - Immediate,Personalized outreach for the highest-ranked 10%; use segment and value,38851.33209999985,688.6038503684193,267,1647,Priority 3 - Nurture,Low-cost relationship nurture for value protection,churn-logistic-1.0.0
15768,2011-12-10,Exceptional high-value,15601.09,34,0.2041726179597064,0,0.4,Standard monitoring,Normal low-cost engagement; no paid retention incentive,38851.33209999985,3185.315388324996,2936,75,Priority 1 - Immediate,Account-manager outreach; prioritize the highest exposed customer value,churn-logistic-1.0.0
15769,2011-12-10,Exceptional high-value,84384.82,46,0.0111598160967745,0,0.4,Standard monitoring,Normal low-cost engagement; no paid retention incentive,38851.33209999985,433.5737213507101,3386,2335,Standard monitoring,Monitor customer value and churn risk; no paid intervention,churn-logistic-1.0.0
15773,2011-12-10,Recent developing,774.52,2,0.8619547043935989,1,0.4,Priority 1 - Immediate,Personalized outreach for the highest-ranked 10%; use segment and value,38851.33209999985,667.6011576469302,259,1693,Priority 3 - Nurture,Low-cost relationship nurture for value protection,churn-logistic-1.0.0
15774,2011-12-10,At-risk established,1328.69,6,0.6888207637486818,1,0.4,Priority 3 - Nurture,Automated email nurture or product reminder,38851.33209999985,915.2292605852361,1296,1186,Priority 3 - Nurture,Low-cost relationship nurture for value protection,churn-logistic-1.0.0
15776,2011-12-10,Lapsed low-value,241.62,1,0.8630810237643367,1,0.4,Priority 1 - Immediate,Personalized outreach for the highest-ranked 10%; use segment and value,38851.33209999985,208.53763696193903,249,3008,Standard monitoring,Monitor customer value and churn risk; no paid intervention,churn-logistic-1.0.0
15781,2011-12-10,Recent developing,333.56,3,0.6688051186199364,1,0.4,Priority 3 - Nurture,Automated email nurture or product reminder,38851.33209999985,223.08663536686598,1369,2970,Standard monitoring,Monitor customer value and churn risk; no paid intervention,churn-logistic-1.0.0
15782,2011-12-10,Champions,3993.3,4,0.4940124796202647,1,0.4,Standard monitoring,Normal low-cost engagement; no paid retention incentive,38851.33209999985,1972.740034867603,2120,277,Priority 1 - Immediate,Account-manager outreach; prioritize the highest exposed customer value,churn-logistic-1.0.0
15783,2011-12-10,Recent developing,246.3,1,0.7926236444218729,1,0.4,Priority 3 - Nurture,Automated email nurture or product reminder,38851.33209999985,195.2232036211073,851,3036,Standard monitoring,Monitor customer value and churn risk; no paid intervention,churn-logistic-1.0.0
15785,2011-12-10,Champions,5832.04,16,0.3353062722087217,0,0.4,Standard monitoring,Normal low-cost engagement; no paid retention incentive,38851.33209999985,1955.5195917721535,2603,286,Priority 1 - Immediate,Account-manager outreach; prioritize the highest exposed customer value,churn-logistic-1.0.0
15786,2011-12-10,Champions,8392.85,5,0.3799573013882231,0,0.4,Standard monitoring,Normal low-cost engagement; no paid retention incentive,38851.33209999985,3188.9246369561483,2491,74,Priority 1 - Immediate,Account-manager outreach; prioritize the highest exposed customer value,churn-logistic-1.0.0
15787,2011-12-10,Recent developing,948.05,3,0.5781320445385961,1,0.4,Standard monitoring,Normal low-cost engagement; no paid retention incentive,38851.33209999985,548.098084824816,1794,1991,Standard monitoring,Monitor customer value and churn risk; no paid intervention,churn-logistic-1.0.0
15790,2011-12-10,Recent developing,220.85,1,0.7872947547958344,1,0.4,Priority 3 - Nurture,Automated email nurture or product reminder,38851.33209999985,173.87404659666004,900,3095,Standard monitoring,Monitor customer value and churn risk; no paid intervention,churn-logistic-1.0.0
15791,2011-12-10,At-risk established,3545.74,5,0.6268233194333708,1,0.4,Priority 3 - Nurture,Automated email nurture or product reminder,38851.33209999985,2222.55251664768,1572,206,Priority 1 - Immediate,Account-manager outreach; prioritize the highest exposed customer value,churn-logistic-1.0.0
15793,2011-12-10,Champions,2382.92,8,0.4512360629059499,1,0.4,Standard monitoring,Normal low-cost engagement; no paid retention incentive,38851.33209999985,1075.2594390198462,2247,934,Priority 3 - Nurture,Low-cost relationship nurture for value protection,churn-logistic-1.0.0
15795,2011-12-10,At-risk established,1979.87,8,0.687320411422249,1,0.4,Priority 3 - Nurture,Automated email nurture or product reminder,38851.33209999985,1360.805062962568,1304,630,Priority 2 - Targeted,Personalized retention offer for a high-value account,churn-logistic-1.0.0
15796,2011-12-10,Champions,5156.93,17,0.1506446564248164,0,0.4,Standard monitoring,Normal low-cost engagement; no paid retention incentive,38851.33209999985,776.8639480568285,3073,1428,Priority 3 - Nurture,Low-cost relationship nurture for value protection,churn-logistic-1.0.0
15797,2011-12-10,At-risk established,2806.08,5,0.7077241084090031,1,0.4,Priority 3 - Nurture,Automated email nurture or product reminder,38851.33209999985,1985.9304661243355,1231,272,Priority 1 - Immediate,Account-manager outreach; prioritize the highest exposed customer value,churn-logistic-1.0.0
15799,2011-12-10,At-risk established,1424.29,4,0.6554574253329133,1,0.4,Priority 3 - Nurture,Automated email nurture or product reminder,38851.33209999985,933.561456327415,1424,1147,Priority 3 - Nurture,Low-cost relationship nurture for value protection,churn-logistic-1.0.0
15800,2011-12-10,At-risk established,1242.58,7,0.6862560119489297,1,0.4,Priority 3 - Nurture,Automated email nurture or product reminder,38851.33209999985,852.727995327501,1310,1281,Priority 3 - Nurture,Low-cost relationship nurture for value protection,churn-logistic-1.0.0
15801,2011-12-10,Recent developing,1042.19,3,0.4976890083831967,1,0.4,Standard monitoring,Normal low-cost engagement; no paid retention incentive,38851.33209999985,518.6865076468838,2111,2073,Standard monitoring,Monitor customer value and churn risk; no paid intervention,churn-logistic-1.0.0
15803,2011-12-10,At-risk established,1929.66,4,0.822278122597261,1,0.4,Priority 2 - Targeted,Targeted retention message for the next-ranked 10%,38851.33209999985,1586.7172020510307,549,444,Priority 2 - Targeted,Personalized retention offer for a high-value account,churn-logistic-1.0.0
15804,2011-12-10,Champions,3856.95,13,0.0292222104268122,0,0.4,Standard monitoring,Normal low-cost engagement; no paid retention incentive,38851.33209999985,112.7086045056933,3315,3268,Standard monitoring,Monitor customer value and churn risk; no paid intervention,churn-logistic-1.0.0
15805,2011-12-10,Champions,9810.33,30,0.0352634000795254,0,0.4,Standard monitoring,Normal low-cost engagement; no paid retention incentive,38851.33209999985,345.9455917021704,3303,2586,Standard monitoring,Monitor customer value and churn risk; no paid intervention,churn-logistic-1.0.0
15806,2011-12-10,Recent developing,784.58,3,0.6419735361208586,1,0.4,Priority 3 - Nurture,Automated email nurture or product reminder,38851.33209999985,503.67959696970325,1485,2120,Standard monitoring,Monitor customer value and churn risk; no paid intervention,churn-logistic-1.0.0
15807,2011-12-10,At-risk established,1817.52,5,0.7585584824564091,1,0.4,Priority 3 - Nurture,Automated email nurture or product reminder,38851.33209999985,1378.6952130341726,1056,613,Priority 2 - Targeted,Personalized retention offer for a high-value account,churn-logistic-1.0.0
15809,2011-12-10,Recent developing,862.88,7,0.5571374498978034,1,0.4,Standard monitoring,Normal low-cost engagement; no paid retention incentive,38851.33209999985,480.74276276781666,1885,2187,Standard monitoring,Monitor customer value and churn risk; no paid intervention,churn-logistic-1.0.0
15810,2011-12-10,At-risk established,2783.41,8,0.4090493449099849,1,0.4,Standard monitoring,Normal low-cost engagement; no paid retention incentive,38851.33209999985,1138.552037115901,2383,860,Priority 3 - Nurture,Low-cost relationship nurture for value protection,churn-logistic-1.0.0
15811,2011-12-10,Champions,3749.62,7,0.4367117390407556,1,0.4,Standard monitoring,Normal low-cost engagement; no paid retention incentive,38851.33209999985,1637.503070941998,2292,418,Priority 2 - Targeted,Personalized retention offer for a high-value account,churn-logistic-1.0.0
15812,2011-12-10,Champions,5186.17,12,0.4482858025462585,1,0.4,Standard monitoring,Normal low-cost engagement; no paid retention incentive,38851.33209999985,2324.8863805913293,2256,186,Priority 1 - Immediate,Account-manager outreach; prioritize the highest exposed customer value,churn-logistic-1.0.0
15814,2011-12-10,Champions,2608.34,6,0.5206733162243532,1,0.4,Standard monitoring,Normal low-cost engagement; no paid retention incentive,38851.33209999985,1358.0930376406295,2012,632,Priority 2 - Targeted,Personalized retention offer for a high-value account,churn-logistic-1.0.0
15815,2011-12-10,At-risk established,2100.6,5,0.6153261877202243,1,0.4,Priority 3 - Nurture,Automated email nurture or product reminder,38851.33209999985,1292.5541899251032,1627,693,Priority 3 - Nurture,Low-cost relationship nurture for value protection,churn-logistic-1.0.0
15819,2011-12-10,Champions,3915.44,10,0.4035111292126556,1,0.4,Standard monitoring,Normal low-cost engagement; no paid retention incentive,38851.33209999985,1579.9236157644002,2404,450,Priority 2 - Targeted,Personalized retention offer for a high-value account,churn-logistic-1.0.0
15821,2011-12-10,Recent developing,570.96,2,0.5857300476850623,1,0.4,Standard monitoring,Normal low-cost engagement; no paid retention incentive,38851.33209999985,334.4284280262632,1757,2623,Standard monitoring,Monitor customer value and churn risk; no paid intervention,churn-logistic-1.0.0
15822,2011-12-10,Champions,1833.81,6,0.6552543500304335,1,0.4,Priority 3 - Nurture,Automated email nurture or product reminder,38851.33209999985,1201.6119796293092,1425,781,Priority 3 - Nurture,Low-cost relationship nurture for value protection,churn-logistic-1.0.0
15825,2011-12-10,Lapsed low-value,532.94,1,0.870923175155912,1,0.4,Priority 1 - Immediate,Personalized outreach for the highest-ranked 10%; use segment and value,38851.33209999985,464.1497969675918,192,2228,Standard monitoring,Monitor customer value and churn risk; no paid intervention,churn-logistic-1.0.0
15826,2011-12-10,At-risk established,2583.13,4,0.801259227399837,1,0.4,Priority 3 - Nurture,Automated email nurture or product reminder,38851.33209999985,2069.756748073341,752,247,Priority 1 - Immediate,Account-manager outreach; prioritize the highest exposed customer value,churn-logistic-1.0.0
15827,2011-12-10,Champions,3438.02,27,0.2622697156712661,0,0.4,Standard monitoring,Normal low-cost engagement; no paid retention incentive,38851.33209999985,901.6885278721263,2793,1212,Priority 3 - Nurture,Low-cost relationship nurture for value protection,churn-logistic-1.0.0
15829,2011-12-10,Recent developing,636.14,2,0.7070750162066874,1,0.4,Priority 3 - Nurture,Automated email nurture or product reminder,38851.33209999985,449.79870080972216,1235,2282,Standard monitoring,Monitor customer value and churn risk; no paid intervention,churn-logistic-1.0.0
15830,2011-12-10,Recent developing,547.7,1,0.7857164567417839,1,0.4,Priority 3 - Nurture,Automated email nurture or product reminder,38851.33209999985,430.3369033574751,906,2344,Standard monitoring,Monitor customer value and churn risk; no paid intervention,churn-logistic-1.0.0
15831,2011-12-10,Recent developing,801.76,3,0.7034031536726464,1,0.4,Priority 3 - Nurture,Automated email nurture or product reminder,38851.33209999985,563.960512488581,1249,1943,Standard monitoring,Monitor customer value and churn risk; no paid intervention,churn-logistic-1.0.0
15834,2011-12-10,At-risk established,3617.69,7,0.4821119544373085,1,0.4,Standard monitoring,Normal low-cost engagement; no paid retention incentive,38851.33209999985,1744.1315964483065,2156,365,Priority 2 - Targeted,Personalized retention offer for a high-value account,churn-logistic-1.0.0
15835,2011-12-10,Recent developing,954.09,4,0.6007286859232904,1,0.4,Priority 3 - Nurture,Automated email nurture or product reminder,38851.33209999985,573.1492319525522,1696,1927,Standard monitoring,Monitor customer value and churn risk; no paid intervention,churn-logistic-1.0.0
15836,2011-12-10,Lapsed low-value,117.47,1,0.8133285148781808,1,0.4,Priority 2 - Targeted,Targeted retention message for the next-ranked 10%,38851.33209999985,95.5417006427399,617,3316,Standard monitoring,Monitor customer value and churn risk; no paid intervention,churn-logistic-1.0.0
15837,2011-12-10,Recent developing,777.01,2,0.8948452263261889,1,0.4,Priority 1 - Immediate,Personalized outreach for the highest-ranked 10%; use segment and value,38851.33209999985,695.303689307712,103,1631,Priority 3 - Nurture,Low-cost relationship nurture for value protection,churn-logistic-1.0.0
15838,2011-12-10,Champions,49802.38,34,0.0121100948413978,0,0.4,Standard monitoring,Normal low-cost engagement; no paid retention incentive,38851.33209999985,470.4933164456409,3380,2210,Standard monitoring,Monitor customer value and churn risk; no paid intervention,churn-logistic-1.0.0
15839,2011-12-10,Recent developing,1020.74,3,0.507333787234374,1,0.4,Standard monitoring,Normal low-cost engagement; no paid retention incentive,38851.33209999985,517.8558899816148,2070,2075,Standard monitoring,Monitor customer value and churn risk; no paid intervention,churn-logistic-1.0.0
15840,2011-12-10,Recent developing,345.66,2,0.6913082678904428,1,0.4,Priority 3 - Nurture,Automated email nurture or product reminder,38851.33209999985,238.95761587901046,1289,2929,Standard monitoring,Monitor customer value and churn risk; no paid intervention,churn-logistic-1.0.0
15841,2011-12-10,At-risk established,2716.5,9,0.4652694926385465,1,0.4,Standard monitoring,Normal low-cost engagement; no paid retention incentive,38851.33209999985,1263.9045767526115,2205,725,Priority 3 - Nurture,Low-cost relationship nurture for value protection,churn-logistic-1.0.0
15844,2011-12-10,Lapsed low-value,130.73999999999998,1,0.8148255806534984,1,0.4,Priority 2 - Targeted,Targeted retention message for the next-ranked 10%,38851.33209999985,106.53029641463837,607,3280,Standard monitoring,Monitor customer value and churn risk; no paid intervention,churn-logistic-1.0.0
15845,2011-12-10,Champions,4273.65,11,0.1745737992898846,0,0.4,Standard monitoring,Normal low-cost engagement; no paid retention incentive,38851.33209999985,746.0673173352152,3008,1499,Priority 3 - Nurture,Low-cost relationship nurture for value protection,churn-logistic-1.0.0
15847,2011-12-10,Recent developing,822.57,5,0.7198478325221,1,0.4,Priority 3 - Nurture,Automated email nurture or product reminder,38851.33209999985,592.1252315977039,1180,1879,Standard monitoring,Monitor customer value and churn risk; no paid intervention,churn-logistic-1.0.0
15850,2011-12-10,Recent developing,1058.72,6,0.4560467652382741,1,0.4,Standard monitoring,Normal low-cost engagement; no paid retention incentive,38851.33209999985,482.82583129306556,2232,2181,Standard monitoring,Monitor customer value and churn risk; no paid intervention,churn-logistic-1.0.0
15853,2011-12-10,Lapsed low-value,110.8,1,0.8129843001117105,1,0.4,Priority 2 - Targeted,Targeted retention message for the next-ranked 10%,38851.33209999985,90.07866045237752,620,3335,Standard monitoring,Monitor customer value and churn risk; no paid intervention,churn-logistic-1.0.0
15854,2011-12-10,Champions,5583.81,21,0.1668620935648961,0,0.4,Standard monitoring,Normal low-cost engagement; no paid retention incentive,38851.33209999985,931.7262266686025,3032,1153,Priority 3 - Nurture,Low-cost relationship nurture for value protection,churn-logistic-1.0.0
15855,2011-12-10,At-risk established,1052.72,6,0.7010250028956756,1,0.4,Priority 3 - Nurture,Automated email nurture or product reminder,38851.33209999985,737.9830410483356,1255,1519,Priority 3 - Nurture,Low-cost relationship nurture for value protection,churn-logistic-1.0.0
15856,2011-12-10,Champions,33835.38,52,0.0059408490881951,0,0.4,Standard monitoring,Normal low-cost engagement; no paid retention incentive,38851.33209999985,201.0108864217347,3407,3028,Standard monitoring,Monitor customer value and churn risk; no paid intervention,churn-logistic-1.0.0
15857,2011-12-10,Recent developing,570.48,2,0.8782138569080877,1,0.4,Priority 1 - Immediate,Personalized outreach for the highest-ranked 10%; use segment and value,38851.33209999985,501.0034410889259,151,2126,Standard monitoring,Monitor customer value and churn risk; no paid intervention,churn-logistic-1.0.0
15858,2011-12-10,Champions,3934.87,13,0.2106357431889964,0,0.4,Standard monitoring,Normal low-cost engagement; no paid retention incentive,38851.33209999985,828.8242668020862,2920,1327,Priority 3 - Nurture,Low-cost relationship nurture for value protection,churn-logistic-1.0.0
15860,2011-12-10,Champions,2502.71,17,0.1539614293299787,0,0.4,Standard monitoring,Normal low-cost engagement; no paid retention incentive,38851.33209999985,385.32080879843096,3063,2471,Standard monitoring,Monitor customer value and churn risk; no paid intervention,churn-logistic-1.0.0
15861,2011-12-10,Champions,4220.99,11,0.1554992909183352,0,0.4,Standard monitoring,Normal low-cost engagement; no paid retention incentive,38851.33209999985,656.3609519733836,3061,1722,Priority 3 - Nurture,Low-cost relationship nurture for value protection,churn-logistic-1.0.0
15862,2011-12-10,Champions,2923.14,13,0.2732246412516044,0,0.4,Standard monitoring,Normal low-cost engagement; no paid retention incentive,38851.33209999985,798.6738778282148,2766,1377,Priority 3 - Nurture,Low-cost relationship nurture for value protection,churn-logistic-1.0.0
15863,2011-12-10,Recent developing,358.7,5,0.6850366620766043,1,0.4,Priority 3 - Nurture,Automated email nurture or product reminder,38851.33209999985,245.72265068687796,1316,2908,Standard monitoring,Monitor customer value and churn risk; no paid intervention,churn-logistic-1.0.0
15864,2011-12-10,Champions,2014.2200000000005,7,0.3205741535680647,0,0.4,Standard monitoring,Normal low-cost engagement; no paid retention incentive,38851.33209999985,645.7068715998674,2640,1748,Standard monitoring,Monitor customer value and churn risk; no paid intervention,churn-logistic-1.0.0
15865,2011-12-10,At-risk established,2248.92,5,0.5714283943055727,1,0.4,Standard monitoring,Normal low-cost engagement; no paid retention incentive,38851.33209999985,1285.0967445216886,1827,701,Priority 3 - Nurture,Low-cost relationship nurture for value protection,churn-logistic-1.0.0
15866,2011-12-10,Lapsed low-value,230.53,1,0.845507612553819,1,0.4,Priority 2 - Targeted,Targeted retention message for the next-ranked 10%,38851.33209999985,194.9148699220319,362,3037,Standard monitoring,Monitor customer value and churn risk; no paid intervention,churn-logistic-1.0.0
15867,2011-12-10,Champions,8958.32,31,0.0358591259375702,0,0.4,Standard monitoring,Normal low-cost engagement; no paid retention incentive,38851.33209999985,321.23752506905385,3300,2656,Standard monitoring,Monitor customer value and churn risk; no paid intervention,churn-logistic-1.0.0
15870,2011-12-10,Recent developing,862.61,4,0.843489575600319,1,0.4,Priority 2 - Targeted,Targeted retention message for the next-ranked 10%,38851.33209999985,727.6025428085912,377,1549,Priority 3 - Nurture,Low-cost relationship nurture for value protection,churn-logistic-1.0.0
15872,2011-12-10,Recent developing,795.68,4,0.8157721214016186,1,0.4,Priority 2 - Targeted,Targeted retention message for the next-ranked 10%,38851.33209999985,649.0935615568399,595,1742,Standard monitoring,Monitor customer value and churn risk; no paid intervention,churn-logistic-1.0.0
15874,2011-12-10,Champions,11171.21,21,0.2258074887891499,0,0.4,Standard monitoring,Normal low-cost engagement; no paid retention incentive,38851.33209999985,2522.542876836239,2883,148,Priority 1 - Immediate,Account-manager outreach; prioritize the highest exposed customer value,churn-logistic-1.0.0
15877,2011-12-10,Recent developing,440.78,2,0.5076975281036419,1,0.4,Standard monitoring,Normal low-cost engagement; no paid retention incentive,38851.33209999985,223.78291643752326,2066,2967,Standard monitoring,Monitor customer value and churn risk; no paid intervention,churn-logistic-1.0.0
15883,2011-12-10,Recent developing,396.48,2,0.5629810211268899,1,0.4,Standard monitoring,Normal low-cost engagement; no paid retention incentive,38851.33209999985,223.2107152563893,1856,2968,Standard monitoring,Monitor customer value and churn risk; no paid intervention,churn-logistic-1.0.0
15885,2011-12-10,At-risk established,1707.57,13,0.5809023108268698,1,0.4,Standard monitoring,Normal low-cost engagement; no paid retention incentive,38851.33209999985,991.9313588986381,1783,1045,Priority 3 - Nurture,Low-cost relationship nurture for value protection,churn-logistic-1.0.0
15886,2011-12-10,At-risk established,1052.87,4,0.8441584528847649,1,0.4,Priority 2 - Targeted,Targeted retention message for the next-ranked 10%,38851.33209999985,888.7891102887824,373,1227,Priority 3 - Nurture,Low-cost relationship nurture for value protection,churn-logistic-1.0.0
15888,2011-12-10,Recent developing,396.45,3,0.8515728277106926,1,0.4,Priority 1 - Immediate,Personalized outreach for the highest-ranked 10%; use segment and value,38851.33209999985,337.6060475459041,336,2618,Standard monitoring,Monitor customer value and churn risk; no paid intervention,churn-logistic-1.0.0
15889,2011-12-10,At-risk established,1771.88,8,0.5830659517898793,1,0.4,Standard monitoring,Normal low-cost engagement; no paid retention incentive,38851.33209999985,1033.1228986574513,1769,992,Priority 3 - Nurture,Low-cost relationship nurture for value protection,churn-logistic-1.0.0
15895,2011-12-10,Lapsed low-value,179.17,1,0.8713048303051901,1,0.4,Priority 1 - Immediate,Personalized outreach for the highest-ranked 10%; use segment and value,38851.33209999985,156.1116864457809,190,3143,Standard monitoring,Monitor customer value and churn risk; no paid intervention,churn-logistic-1.0.0
15898,2011-12-10,Champions,5543.16,25,0.2241519882676454,0,0.4,Standard monitoring,Normal low-cost engagement; no paid retention incentive,38851.33209999985,1242.5103352856813,2889,743,Priority 3 - Nurture,Low-cost relationship nurture for value protection,churn-logistic-1.0.0
15900,2011-12-10,Recent developing,890.5,4,0.7780646248413072,1,0.4,Priority 3 - Nurture,Automated email nurture or product reminder,38851.33209999985,692.8665484211841,952,1637,Priority 3 - Nurture,Low-cost relationship nurture for value protection,churn-logistic-1.0.0
15901,2011-12-10,Recent developing,683.39,6,0.4482482158780457,1,0.4,Standard monitoring,Normal low-cost engagement; no paid retention incentive,38851.33209999985,306.32834824889767,2257,2706,Standard monitoring,Monitor customer value and churn risk; no paid intervention,churn-logistic-1.0.0
15903,2011-12-10,Champions,8939.42,12,0.1734330060548339,0,0.4,Standard monitoring,Normal low-cost engagement; no paid retention incentive,38851.33209999985,1550.390482986703,3012,472,Priority 2 - Targeted,Personalized retention offer for a high-value account,churn-logistic-1.0.0
15904,2011-12-10,Recent developing,164.68,1,0.7892328108822008,1,0.4,Priority 3 - Nurture,Automated email nurture or product reminder,38851.33209999985,129.97085929608082,878,3221,Standard monitoring,Monitor customer value and churn risk; no paid intervention,churn-logistic-1.0.0
15906,2011-12-10,Champions,2467.89,10,0.3598894458651607,0,0.4,Standard monitoring,Normal low-cost engagement; no paid retention incentive,38851.33209999985,888.1675645561713,2546,1228,Priority 3 - Nurture,Low-cost relationship nurture for value protection,churn-logistic-1.0.0
15907,2011-12-10,Recent developing,966.6,3,0.625620249538492,1,0.4,Priority 3 - Nurture,Automated email nurture or product reminder,38851.33209999985,604.7245332039064,1577,1849,Standard monitoring,Monitor customer value and churn risk; no paid intervention,churn-logistic-1.0.0
15909,2011-12-10,Lapsed low-value,191.94,1,0.8798999213905448,1,0.4,Priority 1 - Immediate,Personalized outreach for the highest-ranked 10%; use segment and value,38851.33209999985,168.88799091170117,138,3102,Standard monitoring,Monitor customer value and churn risk; no paid intervention,churn-logistic-1.0.0
15910,2011-12-10,Champions,2681.8,15,0.1049297164202148,0,0.4,Standard monitoring,Normal low-cost engagement; no paid retention incentive,38851.33209999985,281.40051349573207,3160,2795,Standard monitoring,Monitor customer value and churn risk; no paid intervention,churn-logistic-1.0.0
15912,2011-12-10,At-risk established,1074.7,9,0.7297488135063501,1,0.4,Priority 3 - Nurture,Automated email nurture or product reminder,38851.33209999985,784.2610498752745,1153,1404,Priority 3 - Nurture,Low-cost relationship nurture for value protection,churn-logistic-1.0.0
15916,2011-12-10,Champions,3359.12,13,0.2166193746808884,0,0.4,Standard monitoring,Normal low-cost engagement; no paid retention incentive,38851.33209999985,727.6504738780658,2905,1548,Priority 3 - Nurture,Low-cost relationship nurture for value protection,churn-logistic-1.0.0
15919,2011-12-10,Recent developing,910.61,2,0.8285287756106845,1,0.4,Priority 2 - Targeted,Targeted retention message for the next-ranked 10%,38851.33209999985,754.4665883588455,493,1483,Priority 3 - Nurture,Low-cost relationship nurture for value protection,churn-logistic-1.0.0
15920,2011-12-10,At-risk established,567.69,8,0.7734439448895551,1,0.4,Priority 3 - Nurture,Automated email nurture or product reminder,38851.33209999985,439.0763930743516,976,2313,Standard monitoring,Monitor customer value and churn risk; no paid intervention,churn-logistic-1.0.0
15921,2011-12-10,At-risk established,792.46,4,0.8696837695550516,1,0.4,Priority 1 - Immediate,Personalized outreach for the highest-ranked 10%; use segment and value,38851.33209999985,689.1896000215962,199,1646,Priority 3 - Nurture,Low-cost relationship nurture for value protection,churn-logistic-1.0.0
15930,2011-12-10,Recent developing,426.63,1,0.8227088381724673,1,0.4,Priority 2 - Targeted,Targeted retention message for the next-ranked 10%,38851.33209999985,350.99227162951973,545,2569,Standard monitoring,Monitor customer value and churn risk; no paid intervention,churn-logistic-1.0.0
15932,2011-12-10,Champions,2461.85,8,0.3408757185996163,0,0.4,Standard monitoring,Normal low-cost engagement; no paid retention incentive,38851.33209999985,839.1848878344654,2589,1305,Priority 3 - Nurture,Low-cost relationship nurture for value protection,churn-logistic-1.0.0
15933,2011-12-10,Recent developing,1107.46,3,0.5293644784087006,1,0.4,Standard monitoring,Normal low-cost engagement; no paid retention incentive,38851.33209999985,586.2499852584996,1980,1903,Standard monitoring,Monitor customer value and churn risk; no paid intervention,churn-logistic-1.0.0
15937,2011-12-10,Lapsed low-value,145.35,1,0.8321559804664154,1,0.4,Priority 2 - Targeted,Targeted retention message for the next-ranked 10%,38851.33209999985,120.95387176079348,459,3245,Standard monitoring,Monitor customer value and churn risk; no paid intervention,churn-logistic-1.0.0
15938,2011-12-10,At-risk established,734.81,9,0.632394418759654,1,0.4,Priority 3 - Nurture,Automated email nurture or product reminder,38851.33209999985,464.6897428487813,1536,2226,Standard monitoring,Monitor customer value and churn risk; no paid intervention,churn-logistic-1.0.0
15939,2011-12-10,Champions,8992.09,15,0.4077190501468122,1,0.4,Standard monitoring,Normal low-cost engagement; no paid retention incentive,38851.33209999985,3666.2463936346485,2388,52,Priority 1 - Immediate,Account-manager outreach; prioritize the highest exposed customer value,churn-logistic-1.0.0
15942,2011-12-10,Lapsed low-value,337.44,1,0.8622417710318204,1,0.4,Priority 1 - Immediate,Personalized outreach for the highest-ranked 10%; use segment and value,38851.33209999985,290.95486321697746,254,2761,Standard monitoring,Monitor customer value and churn risk; no paid intervention,churn-logistic-1.0.0
15947,2011-12-10,Recent developing,1708.24,1,0.7939025323797474,1,0.4,Priority 3 - Nurture,Automated email nurture or product reminder,38851.33209999985,1356.1760619123797,826,638,Priority 2 - Targeted,Personalized retention offer for a high-value account,churn-logistic-1.0.0
15948,2011-12-10,Recent developing,1509.09,3,0.7704329180790804,1,0.4,Priority 3 - Nurture,Automated email nurture or product reminder,38851.33209999985,1162.6526123439594,997,823,Priority 3 - Nurture,Low-cost relationship nurture for value protection,churn-logistic-1.0.0
15949,2011-12-10,Recent developing,364.72,2,0.6236464776621319,1,0.4,Priority 3 - Nurture,Automated email nurture or product reminder,38851.33209999985,227.45634333293276,1590,2958,Standard monitoring,Monitor customer value and churn risk; no paid intervention,churn-logistic-1.0.0
15950,2011-12-10,Champions,6979.01,10,0.2507088392714774,0,0.4,Standard monitoring,Normal low-cost engagement; no paid retention incentive,38851.33209999985,1749.6994963640336,2824,364,Priority 2 - Targeted,Personalized retention offer for a high-value account,churn-logistic-1.0.0
15951,2011-12-10,Recent developing,978.72,3,0.7830589111204582,1,0.4,Priority 3 - Nurture,Automated email nurture or product reminder,38851.33209999985,766.3954174918149,930,1459,Priority 3 - Nurture,Low-cost relationship nurture for value protection,churn-logistic-1.0.0
15952,2011-12-10,Recent developing,806.57,4,0.5097770254726728,1,0.4,Standard monitoring,Normal low-cost engagement; no paid retention incentive,38851.33209999985,411.1708554354937,2049,2400,Standard monitoring,Monitor customer value and churn risk; no paid intervention,churn-logistic-1.0.0
15953,2011-12-10,Champions,3524.7,18,0.1576188884257479,0,0.4,Standard monitoring,Normal low-cost engagement; no paid retention incentive,38851.33209999985,555.5592960342336,3056,1973,Standard monitoring,Monitor customer value and churn risk; no paid intervention,churn-logistic-1.0.0
15955,2011-12-10,Champions,8626.86,22,0.0614849639965846,0,0.4,Standard monitoring,Normal low-cost engagement; no paid retention incentive,38851.33209999985,530.4221765035759,3244,2040,Standard monitoring,Monitor customer value and churn risk; no paid intervention,churn-logistic-1.0.0
15957,2011-12-10,Recent developing,930.1,3,0.8518779004750647,1,0.4,Priority 1 - Immediate,Personalized outreach for the highest-ranked 10%; use segment and value,38851.33209999985,792.3316352318577,333,1387,Priority 3 - Nurture,Low-cost relationship nurture for value protection,churn-logistic-1.0.0
15958,2011-12-10,Recent developing,492.99,4,0.8073463249791926,1,0.4,Priority 2 - Targeted,Targeted retention message for the next-ranked 10%,38851.33209999985,398.0136647514922,680,2436,Standard monitoring,Monitor customer value and churn risk; no paid intervention,churn-logistic-1.0.0
15963,2011-12-10,Recent developing,470.76,2,0.5761614341790402,1,0.4,Standard monitoring,Normal low-cost engagement; no paid retention incentive,38851.33209999985,271.23375675412495,1802,2834,Standard monitoring,Monitor customer value and churn risk; no paid intervention,churn-logistic-1.0.0
15965,2011-12-10,Champions,3002.89,13,0.3634558394618866,0,0.4,Standard monitoring,Normal low-cost engagement; no paid retention incentive,38851.33209999985,1091.4179057617046,2532,920,Priority 3 - Nurture,Low-cost relationship nurture for value protection,churn-logistic-1.0.0
15967,2011-12-10,Champions,3041.6,12,0.3861528819433643,0,0.4,Standard monitoring,Normal low-cost engagement; no paid retention incentive,38851.33209999985,1174.5226057189368,2466,809,Priority 3 - Nurture,Low-cost relationship nurture for value protection,churn-logistic-1.0.0
15969,2011-12-10,Recent developing,1043.85,5,0.5591115605172232,1,0.4,Standard monitoring,Normal low-cost engagement; no paid retention incentive,38851.33209999985,583.6286024459034,1874,1908,Standard monitoring,Monitor customer value and churn risk; no paid intervention,churn-logistic-1.0.0
15971,2011-12-10,Champions,5897.88,18,0.1027838428972387,0,0.4,Standard monitoring,Normal low-cost engagement; no paid retention incentive,38851.33209999985,606.2067713467662,3168,1845,Standard monitoring,Monitor customer value and churn risk; no paid intervention,churn-logistic-1.0.0
15974,2011-12-10,Champions,3429.55,7,0.4354934287295398,1,0.4,Standard monitoring,Normal low-cost engagement; no paid retention incentive,38851.33209999985,1493.5464884993933,2294,529,Priority 2 - Targeted,Personalized retention offer for a high-value account,churn-logistic-1.0.0
15975,2011-12-10,Lapsed low-value,371.01,1,0.8313243557848643,1,0.4,Priority 2 - Targeted,Targeted retention message for the next-ranked 10%,38851.33209999985,308.4296492397425,465,2696,Standard monitoring,Monitor customer value and churn risk; no paid intervention,churn-logistic-1.0.0
15976,2011-12-10,At-risk established,1732.54,6,0.6318011458770542,1,0.4,Priority 3 - Nurture,Automated email nurture or product reminder,38851.33209999985,1094.6207572778314,1538,916,Priority 3 - Nurture,Low-cost relationship nurture for value protection,churn-logistic-1.0.0
15977,2011-12-10,Recent developing,1054.73,2,0.5467640886261683,1,0.4,Standard monitoring,Normal low-cost engagement; no paid retention incentive,38851.33209999985,576.6884871966786,1930,1919,Standard monitoring,Monitor customer value and churn risk; no paid intervention,churn-logistic-1.0.0
15978,2011-12-10,At-risk established,3272.62,3,0.8093279605090818,1,0.4,Priority 2 - Targeted,Targeted retention message for the next-ranked 10%,38851.33209999985,2648.6228701212312,659,133,Priority 1 - Immediate,Account-manager outreach; prioritize the highest exposed customer value,churn-logistic-1.0.0
15980,2011-12-10,At-risk established,6546.28,7,0.7336556822993692,1,0.4,Priority 3 - Nurture,Automated email nurture or product reminder,38851.33209999985,4802.7155199227145,1136,27,Priority 1 - Immediate,Account-manager outreach; prioritize the highest exposed customer value,churn-logistic-1.0.0
15981,2011-12-10,Champions,9284.07,21,0.1657153683815198,0,0.4,Standard monitoring,Normal low-cost engagement; no paid retention incentive,38851.33209999985,1538.5130801298164,3036,487,Priority 2 - Targeted,Personalized retention offer for a high-value account,churn-logistic-1.0.0
15983,2011-12-10,Champions,3958.82,8,0.5222754940178853,1,0.4,Standard monitoring,Normal low-cost engagement; no paid retention incentive,38851.33209999985,2067.5946712278846,2010,249,Priority 1 - Immediate,Account-manager outreach; prioritize the highest exposed customer value,churn-logistic-1.0.0
15984,2011-12-10,Champions,8671.12,30,0.0486260050372172,0,0.4,Standard monitoring,Normal low-cost engagement; no paid retention incentive,38851.33209999985,421.64192479831485,3278,2365,Standard monitoring,Monitor customer value and churn risk; no paid intervention,churn-logistic-1.0.0
15985,2011-12-10,At-risk established,2590.0,7,0.6790221232852156,1,0.4,Priority 3 - Nurture,Automated email nurture or product reminder,38851.33209999985,1758.6672993087084,1334,360,Priority 2 - Targeted,Personalized retention offer for a high-value account,churn-logistic-1.0.0
15986,2011-12-10,Recent developing,354.42,2,0.859716458583774,1,0.4,Priority 1 - Immediate,Personalized outreach for the highest-ranked 10%; use segment and value,38851.33209999985,304.7007072512612,283,2711,Standard monitoring,Monitor customer value and churn risk; no paid intervention,churn-logistic-1.0.0
15987,2011-12-10,Champions,1682.13,8,0.4335354508119104,1,0.4,Standard monitoring,Normal low-cost engagement; no paid retention incentive,38851.33209999985,729.2629878742389,2300,1541,Priority 3 - Nurture,Low-cost relationship nurture for value protection,churn-logistic-1.0.0
15988,2011-12-10,Recent developing,767.59,3,0.9028526680212144,1,0.4,Priority 1 - Immediate,Personalized outreach for the highest-ranked 10%; use segment and value,38851.33209999985,693.0206794464041,86,1636,Priority 3 - Nurture,Low-cost relationship nurture for value protection,churn-logistic-1.0.0
15990,2011-12-10,At-risk established,2010.05,7,0.577178948981277,1,0.4,Standard monitoring,Normal low-cost engagement; no paid retention incentive,38851.33209999985,1160.1585463998158,1798,825,Priority 3 - Nurture,Low-cost relationship nurture for value protection,churn-logistic-1.0.0
15992,2011-12-10,Recent developing,896.6,3,0.859990029955954,1,0.4,Priority 1 - Immediate,Personalized outreach for the highest-ranked 10%; use segment and value,38851.33209999985,771.0670608585084,280,1443,Priority 3 - Nurture,Low-cost relationship nurture for value protection,churn-logistic-1.0.0
15993,2011-12-10,Champions,2751.07,7,0.2164841062781561,0,0.4,Standard monitoring,Normal low-cost engagement; no paid retention incentive,38851.33209999985,595.5629302586469,2906,1870,Standard monitoring,Monitor customer value and churn risk; no paid intervention,churn-logistic-1.0.0
15994,2011-12-10,Recent developing,1198.84,3,0.8079222771064724,1,0.4,Priority 2 - Targeted,Targeted retention message for the next-ranked 10%,38851.33209999985,968.5695426863233,677,1085,Priority 3 - Nurture,Low-cost relationship nurture for value protection,churn-logistic-1.0.0
15996,2011-12-10,At-risk established,1671.0,7,0.4861074497855721,1,0.4,Standard monitoring,Normal low-cost engagement; no paid retention incentive,38851.33209999985,812.2855485916909,2142,1353,Priority 3 - Nurture,Low-cost relationship nurture for value protection,churn-logistic-1.0.0
15998,2011-12-10,Champions,8220.39,16,0.0894797603912426,0,0.4,Standard monitoring,Normal low-cost engagement; no paid retention incentive,38851.33209999985,735.5585275225667,3185,1527,Priority 3 - Nurture,Low-cost relationship nurture for value protection,churn-logistic-1.0.0
16000,2011-12-10,Exceptional high-value,12393.7,3,0.6251337540967307,1,0.4,Priority 3 - Nurture,Automated email nurture or product reminder,38851.33209999985,7747.720208148651,1582,7,Priority 1 - Immediate,Account-manager outreach; prioritize the highest exposed customer value,churn-logistic-1.0.0
16003,2011-12-10,Champions,5613.83,10,0.4095035739089762,1,0.4,Standard monitoring,Normal low-cost engagement; no paid retention incentive,38851.33209999985,2298.883448317428,2382,194,Priority 1 - Immediate,Account-manager outreach; prioritize the highest exposed customer value,churn-logistic-1.0.0
16005,2011-12-10,Champions,2403.35,10,0.4433252012009405,1,0.4,Standard monitoring,Normal low-cost engagement; no paid retention incentive,38851.33209999985,1065.4656223062802,2273,945,Priority 3 - Nurture,Low-cost relationship nurture for value protection,churn-logistic-1.0.0
16007,2011-12-10,At-risk established,3075.14,7,0.3831265137068573,0,0.4,Standard monitoring,Normal low-cost engagement; no paid retention incentive,38851.33209999985,1178.167667360505,2482,806,Priority 3 - Nurture,Low-cost relationship nurture for value protection,churn-logistic-1.0.0
16008,2011-12-10,Champions,5384.13,15,0.3383154503318343,0,0.4,Standard monitoring,Normal low-cost engagement; no paid retention incentive,38851.33209999985,1821.534365595139,2596,334,Priority 1 - Immediate,Account-manager outreach; prioritize the highest exposed customer value,churn-logistic-1.0.0
16009,2011-12-10,Recent developing,992.71,4,0.3851271778373089,0,0.4,Standard monitoring,Normal low-cost engagement; no paid retention incentive,38851.33209999985,382.3196007108749,2471,2480,Standard monitoring,Monitor customer value and churn risk; no paid intervention,churn-logistic-1.0.0
16011,2011-12-10,Champions,5878.76,29,0.0356222427701914,0,0.4,Standard monitoring,Normal low-cost engagement; no paid retention incentive,38851.33209999985,209.4146159076904,3302,3004,Standard monitoring,Monitor customer value and churn risk; no paid intervention,churn-logistic-1.0.0
16012,2011-12-10,At-risk established,2989.79,5,0.4857301268686207,1,0.4,Standard monitoring,Normal low-cost engagement; no paid retention incentive,38851.33209999985,1452.2310760105336,2144,553,Priority 2 - Targeted,Personalized retention offer for a high-value account,churn-logistic-1.0.0
16013,2011-12-10,Champions,52997.57,79,0.0068343489643302,0,0.4,Standard monitoring,Normal low-cost engagement; no paid retention incentive,38851.33209999985,265.52356130048264,3401,2855,Standard monitoring,Monitor customer value and churn risk; no paid intervention,churn-logistic-1.0.0
16014,2011-12-10,Recent developing,1121.02,5,0.4746918024397969,1,0.4,Standard monitoring,Normal low-cost engagement; no paid retention incentive,38851.33209999985,532.1390043710611,2177,2035,Standard monitoring,Monitor customer value and churn risk; no paid intervention,churn-logistic-1.0.0
16015,2011-12-10,Recent developing,690.25,3,0.4200320851643858,1,0.4,Standard monitoring,Normal low-cost engagement; no paid retention incentive,38851.33209999985,289.9271467847173,2347,2762,Standard monitoring,Monitor customer value and churn risk; no paid intervention,churn-logistic-1.0.0
16016,2011-12-10,Champions,2495.04,11,0.2528654362121213,0,0.4,Standard monitoring,Normal low-cost engagement; no paid retention incentive,38851.33209999985,630.9093779666912,2817,1785,Standard monitoring,Monitor customer value and churn risk; no paid intervention,churn-logistic-1.0.0
16017,2011-12-10,At-risk established,1553.83,5,0.7278269863291233,1,0.4,Priority 3 - Nurture,Automated email nurture or product reminder,38851.33209999985,1130.9194061677817,1158,867,Priority 3 - Nurture,Low-cost relationship nurture for value protection,churn-logistic-1.0.0
16018,2011-12-10,Recent developing,698.13,4,0.7149149527841596,1,0.4,Priority 3 - Nurture,Automated email nurture or product reminder,38851.33209999985,499.1035759872054,1205,2136,Standard monitoring,Monitor customer value and churn risk; no paid intervention,churn-logistic-1.0.0
16019,2011-12-10,Champions,16634.03,27,0.1346296785263712,0,0.4,Standard monitoring,Normal low-cost engagement; no paid retention incentive,38851.33209999985,2239.4341114980143,3107,203,Priority 1 - Immediate,Account-manager outreach; prioritize the highest exposed customer value,churn-logistic-1.0.0
16020,2011-12-10,Recent developing,851.01,3,0.633218410621873,1,0.4,Priority 3 - Nurture,Automated email nurture or product reminder,38851.33209999985,538.8751996233201,1534,2021,Standard monitoring,Monitor customer value and churn risk; no paid intervention,churn-logistic-1.0.0
16023,2011-12-10,Recent developing,719.81,3,0.70706059517765,1,0.4,Priority 3 - Nurture,Automated email nurture or product reminder,38851.33209999985,508.94928701482416,1236,2102,Standard monitoring,Monitor customer value and churn risk; no paid intervention,churn-logistic-1.0.0
16024,2011-12-10,Recent developing,478.92,3,0.8631571539184283,1,0.4,Priority 1 - Immediate,Personalized outreach for the highest-ranked 10%; use segment and value,38851.33209999985,413.3832241546137,248,2394,Standard monitoring,Monitor customer value and churn risk; no paid intervention,churn-logistic-1.0.0
16025,2011-12-10,Recent developing,439.66,1,0.7921900592341165,1,0.4,Priority 3 - Nurture,Automated email nurture or product reminder,38851.33209999985,348.29428144287164,854,2581,Standard monitoring,Monitor customer value and churn risk; no paid intervention,churn-logistic-1.0.0
16026,2011-12-10,Recent developing,236.09,1,0.8052249790890995,1,0.4,Priority 3 - Nurture,Automated email nurture or product reminder,38851.33209999985,190.10556531314552,708,3052,Standard monitoring,Monitor customer value and churn risk; no paid intervention,churn-logistic-1.0.0
16027,2011-12-10,At-risk established,1882.34,13,0.475669614244103,1,0.4,Standard monitoring,Normal low-cost engagement; no paid retention incentive,38851.33209999985,895.3719416762448,2174,1215,Priority 3 - Nurture,Low-cost relationship nurture for value protection,churn-logistic-1.0.0
16029,2011-12-10,Exceptional high-value,99027.03,105,0.0313015727267893,0,0.4,Standard monitoring,Normal low-cost engagement; no paid retention incentive,38851.33209999985,1216.1077972607889,3311,767,Priority 3 - Nurture,Low-cost relationship nurture for value protection,churn-logistic-1.0.0
16031,2011-12-10,Recent developing,548.94,2,0.7833004692016088,1,0.4,Priority 3 - Nurture,Automated email nurture or product reminder,38851.33209999985,429.98495956353116,929,2345,Standard monitoring,Monitor customer value and churn risk; no paid intervention,churn-logistic-1.0.0
16033,2011-12-10,Champions,10693.64,27,0.0212295140825315,0,0.4,Standard monitoring,Normal low-cost engagement; no paid retention incentive,38851.33209999985,227.02078097352214,3342,2960,Standard monitoring,Monitor customer value and churn risk; no paid intervention,churn-logistic-1.0.0
16036,2011-12-10,At-risk established,2556.84,4,0.6642666863719658,1,0.4,Priority 3 - Nurture,Automated email nurture or product reminder,38851.33209999985,1698.4236343832972,1384,381,Priority 2 - Targeted,Personalized retention offer for a high-value account,churn-logistic-1.0.0
16038,2011-12-10,Recent developing,454.33,3,0.6952457869504344,1,0.4,Priority 3 - Nurture,Automated email nurture or product reminder,38851.33209999985,315.87101838519084,1280,2666,Standard monitoring,Monitor customer value and churn risk; no paid intervention,churn-logistic-1.0.0
16040,2011-12-10,At-risk established,2383.7000000000003,7,0.5048590420767027,1,0.4,Standard monitoring,Normal low-cost engagement; no paid retention incentive,38851.33209999985,1203.4324985982364,2083,779,Priority 3 - Nurture,Low-cost relationship nurture for value protection,churn-logistic-1.0.0
16041,2011-12-10,Recent developing,3166.4,3,0.6480908545874507,1,0.4,Priority 3 - Nurture,Automated email nurture or product reminder,38851.33209999985,2052.114881965704,1454,254,Priority 1 - Immediate,Account-manager outreach; prioritize the highest exposed customer value,churn-logistic-1.0.0
16042,2011-12-10,Champions,2204.0,8,0.412173138031353,1,0.4,Standard monitoring,Normal low-cost engagement; no paid retention incentive,38851.33209999985,908.4295962211021,2371,1201,Priority 3 - Nurture,Low-cost relationship nurture for value protection,churn-logistic-1.0.0
16043,2011-12-10,Champions,1856.59,8,0.5845194635238099,1,0.4,Standard monitoring,Normal low-cost engagement; no paid retention incentive,38851.33209999985,1085.2129907836702,1762,927,Priority 3 - Nurture,Low-cost relationship nurture for value protection,churn-logistic-1.0.0
16045,2011-12-10,At-risk established,3187.03,7,0.6120589009372353,1,0.4,Priority 3 - Nurture,Automated email nurture or product reminder,38851.33209999985,1950.650079053997,1643,288,Priority 1 - Immediate,Account-manager outreach; prioritize the highest exposed customer value,churn-logistic-1.0.0
16049,2011-12-10,At-risk established,1899.68,6,0.3367863385084522,0,0.4,Standard monitoring,Normal low-cost engagement; no paid retention incentive,38851.33209999985,639.7862715377365,2599,1767,Standard monitoring,Monitor customer value and churn risk; no paid intervention,churn-logistic-1.0.0
16050,2011-12-10,Lapsed low-value,300.7,3,0.8703072763485595,1,0.4,Priority 1 - Immediate,Personalized outreach for the highest-ranked 10%; use segment and value,38851.33209999985,261.7013979980118,197,2862,Standard monitoring,Monitor customer value and churn risk; no paid intervention,churn-logistic-1.0.0
16052,2011-12-10,Recent developing,362.06,1,0.805345601896848,1,0.4,Priority 3 - Nurture,Automated email nurture or product reminder,38851.33209999985,291.5834286227728,705,2760,Standard monitoring,Monitor customer value and churn risk; no paid intervention,churn-logistic-1.0.0
16053,2011-12-10,Champions,3606.14,6,0.5463541991313638,1,0.4,Standard monitoring,Normal low-cost engagement; no paid retention incentive,38851.33209999985,1970.2297316555764,1932,283,Priority 1 - Immediate,Account-manager outreach; prioritize the highest exposed customer value,churn-logistic-1.0.0
16054,2011-12-10,At-risk established,2090.68,4,0.7587682790868329,1,0.4,Priority 3 - Nurture,Automated email nurture or product reminder,38851.33209999985,1586.3416657212597,1054,445,Priority 2 - Targeted,Personalized retention offer for a high-value account,churn-logistic-1.0.0
16056,2011-12-10,Recent developing,664.85,1,0.7811058444594364,1,0.4,Priority 3 - Nurture,Automated email nurture or product reminder,38851.33209999985,519.3182206888563,940,2071,Standard monitoring,Monitor customer value and churn risk; no paid intervention,churn-logistic-1.0.0
16057,2011-12-10,Champions,3641.35,10,0.4213629581744676,1,0.4,Standard monitoring,Normal low-cost engagement; no paid retention incentive,38851.33209999985,1534.3300077485976,2339,493,Priority 2 - Targeted,Personalized retention offer for a high-value account,churn-logistic-1.0.0
16059,2011-12-10,Champions,3217.77,12,0.2896471845945572,0,0.4,Standard monitoring,Normal low-cost engagement; no paid retention incentive,38851.33209999985,932.0180211728283,2735,1150,Priority 3 - Nurture,Low-cost relationship nurture for value protection,churn-logistic-1.0.0
16062,2011-12-10,Champions,2863.45,8,0.4679488911961694,1,0.4,Standard monitoring,Normal low-cost engagement; no paid retention incentive,38851.33209999985,1339.948252495671,2197,649,Priority 2 - Targeted,Personalized retention offer for a high-value account,churn-logistic-1.0.0
16066,2011-12-10,Recent developing,1521.87,5,0.2811331971552451,0,0.4,Standard monitoring,Normal low-cost engagement; no paid retention incentive,38851.33209999985,427.84817875465285,2754,2348,Standard monitoring,Monitor customer value and churn risk; no paid intervention,churn-logistic-1.0.0
16070,2011-12-10,Recent developing,852.15,2,0.549178621745015,1,0.4,Standard monitoring,Normal low-cost engagement; no paid retention incentive,38851.33209999985,467.9825625200145,1916,2217,Standard monitoring,Monitor customer value and churn risk; no paid intervention,churn-logistic-1.0.0
16071,2011-12-10,Recent developing,1076.8,4,0.7938696967636216,1,0.4,Priority 3 - Nurture,Automated email nurture or product reminder,38851.33209999985,854.8388894750677,827,1277,Priority 3 - Nurture,Low-cost relationship nurture for value protection,churn-logistic-1.0.0
16076,2011-12-10,Champions,2173.53,10,0.1344804929654182,0,0.4,Standard monitoring,Normal low-cost engagement; no paid retention incentive,38851.33209999985,292.2973858751254,3110,2756,Standard monitoring,Monitor customer value and churn risk; no paid intervention,churn-logistic-1.0.0
16079,2011-12-10,Recent developing,1352.0,3,0.4740158980703023,1,0.4,Standard monitoring,Normal low-cost engagement; no paid retention incentive,38851.33209999985,640.8694941910487,2180,1763,Standard monitoring,Monitor customer value and churn risk; no paid intervention,churn-logistic-1.0.0
16080,2011-12-10,Recent developing,487.75,4,0.7449079336595088,1,0.4,Priority 3 - Nurture,Automated email nurture or product reminder,38851.33209999985,363.3288446424254,1099,2532,Standard monitoring,Monitor customer value and churn risk; no paid intervention,churn-logistic-1.0.0
16081,2011-12-10,Champions,4460.18,8,0.3943782687968258,0,0.4,Standard monitoring,Normal low-cost engagement; no paid retention incentive,38851.33209999985,1758.9980669222266,2433,359,Priority 2 - Targeted,Personalized retention offer for a high-value account,churn-logistic-1.0.0
16083,2011-12-10,At-risk established,2351.42,4,0.757523775975202,1,0.4,Priority 3 - Nurture,Automated email nurture or product reminder,38851.33209999985,1781.2565573036097,1059,353,Priority 2 - Targeted,Personalized retention offer for a high-value account,churn-logistic-1.0.0
16085,2011-12-10,Champions,2326.36,12,0.241117786472033,0,0.4,Standard monitoring,Normal low-cost engagement; no paid retention incentive,38851.33209999985,560.9267737370787,2846,1957,Standard monitoring,Monitor customer value and churn risk; no paid intervention,churn-logistic-1.0.0
16086,2011-12-10,Champions,2863.04,10,0.4190025358627768,1,0.4,Standard monitoring,Normal low-cost engagement; no paid retention incentive,38851.33209999985,1199.6210202765644,2354,785,Priority 3 - Nurture,Low-cost relationship nurture for value protection,churn-logistic-1.0.0
16091,2011-12-10,Lapsed low-value,315.06,2,0.7730902689411013,1,0.4,Priority 3 - Nurture,Automated email nurture or product reminder,38851.33209999985,243.56982013258337,980,2915,Standard monitoring,Monitor customer value and churn risk; no paid intervention,churn-logistic-1.0.0
16092,2011-12-10,At-risk established,1545.19,6,0.7087243870225891,1,0.4,Priority 3 - Nurture,Automated email nurture or product reminder,38851.33209999985,1095.1138355834346,1226,915,Priority 3 - Nurture,Low-cost relationship nurture for value protection,churn-logistic-1.0.0
16093,2011-12-10,Lapsed low-value,17.0,1,0.8610508230662782,1,0.4,Priority 1 - Immediate,Personalized outreach for the highest-ranked 10%; use segment and value,38851.33209999985,14.63786399212673,268,3433,Standard monitoring,Monitor customer value and churn risk; no paid intervention,churn-logistic-1.0.0
16094,2011-12-10,Champions,3612.06,11,0.3873134081616731,0,0.4,Standard monitoring,Normal low-cost engagement; no paid retention incentive,38851.33209999985,1398.9992690844529,2461,589,Priority 2 - Targeted,Personalized retention offer for a high-value account,churn-logistic-1.0.0
16098,2011-12-10,Champions,4448.1,14,0.3401305876535324,0,0.4,Standard monitoring,Normal low-cost engagement; no paid retention incentive,38851.33209999985,1512.9348669416775,2592,513,Priority 2 - Targeted,Personalized retention offer for a high-value account,churn-logistic-1.0.0
16099,2011-12-10,At-risk established,1568.25,7,0.4997027123781399,1,0.4,Standard monitoring,Normal low-cost engagement; no paid retention incentive,38851.33209999985,783.658778687018,2105,1406,Priority 3 - Nurture,Low-cost relationship nurture for value protection,churn-logistic-1.0.0
16101,2011-12-10,At-risk established,3167.42,4,0.7004600023681027,1,0.4,Priority 3 - Nurture,Automated email nurture or product reminder,38851.33209999985,2218.651020700776,1259,209,Priority 1 - Immediate,Account-manager outreach; prioritize the highest exposed customer value,churn-logistic-1.0.0
16102,2011-12-10,Recent developing,1842.14,3,0.5570617386378213,1,0.4,Standard monitoring,Normal low-cost engagement; no paid retention incentive,38851.33209999985,1026.1857112142761,1886,996,Priority 3 - Nurture,Low-cost relationship nurture for value protection,churn-logistic-1.0.0
16103,2011-12-10,Champions,6002.76,22,0.1898026665215295,0,0.4,Standard monitoring,Normal low-cost engagement; no paid retention incentive,38851.33209999985,1139.3398544887764,2973,857,Priority 3 - Nurture,Low-cost relationship nurture for value protection,churn-logistic-1.0.0
16104,2011-12-10,At-risk established,2603.11,9,0.5833822717947811,1,0.4,Standard monitoring,Normal low-cost engagement; no paid retention incentive,38851.33209999985,1518.6082255317126,1768,506,Priority 2 - Targeted,Personalized retention offer for a high-value account,churn-logistic-1.0.0
16106,2011-12-10,Lapsed low-value,108.38,1,0.8337929984408634,1,0.4,Priority 2 - Targeted,Targeted retention message for the next-ranked 10%,38851.33209999985,90.36648517102077,445,3334,Standard monitoring,Monitor customer value and churn risk; no paid intervention,churn-logistic-1.0.0
16107,2011-12-10,Champions,3204.1600000000003,7,0.2242591088610788,0,0.4,Standard monitoring,Normal low-cost engagement; no paid retention incentive,38851.33209999985,718.5620662483143,2888,1574,Priority 3 - Nurture,Low-cost relationship nurture for value protection,churn-logistic-1.0.0
16108,2011-12-10,At-risk established,2171.93,4,0.769280795374236,1,0.4,Priority 3 - Nurture,Automated email nurture or product reminder,38851.33209999985,1670.8240378971643,1002,394,Priority 2 - Targeted,Personalized retention offer for a high-value account,churn-logistic-1.0.0
16110,2011-12-10,At-risk established,1819.27,4,0.6628692872485454,1,0.4,Priority 3 - Nurture,Automated email nurture or product reminder,38851.33209999985,1205.9382082126613,1389,776,Priority 3 - Nurture,Low-cost relationship nurture for value protection,churn-logistic-1.0.0
16112,2011-12-10,Lapsed low-value,195.74,4,0.7456499924083305,1,0.4,Priority 3 - Nurture,Automated email nurture or product reminder,38851.33209999985,145.95352951400662,1096,3172,Standard monitoring,Monitor customer value and churn risk; no paid intervention,churn-logistic-1.0.0
16114,2011-12-10,Lapsed low-value,135.75000000000003,1,0.8796139387091121,1,0.4,Priority 1 - Immediate,Personalized outreach for the highest-ranked 10%; use segment and value,38851.33209999985,119.40759217976199,139,3252,Standard monitoring,Monitor customer value and churn risk; no paid intervention,churn-logistic-1.0.0
16115,2011-12-10,Champions,2575.14,12,0.1759966017531428,0,0.4,Standard monitoring,Normal low-cost engagement; no paid retention incentive,38851.33209999985,453.2158890385881,3005,2271,Standard monitoring,Monitor customer value and churn risk; no paid intervention,churn-logistic-1.0.0
16119,2011-12-10,Champions,1720.81,8,0.4632081662874301,1,0.4,Standard monitoring,Normal low-cost engagement; no paid retention incentive,38851.33209999985,797.0932446290726,2209,1381,Priority 3 - Nurture,Low-cost relationship nurture for value protection,churn-logistic-1.0.0
16120,2011-12-10,At-risk established,3041.91,6,0.8722661261079523,1,0.4,Priority 1 - Immediate,Personalized outreach for the highest-ranked 10%; use segment and value,38851.33209999985,2653.355051669041,183,131,Priority 1 - Immediate,Account-manager outreach; prioritize the highest exposed customer value,churn-logistic-1.0.0
16121,2011-12-10,At-risk established,1457.19,5,0.5788831739247224,1,0.4,Standard monitoring,Normal low-cost engagement; no paid retention incentive,38851.33209999985,843.5427722113664,1790,1296,Priority 3 - Nurture,Low-cost relationship nurture for value protection,churn-logistic-1.0.0
16122,2011-12-10,At-risk established,1001.34,6,0.6157400417228397,1,0.4,Priority 3 - Nurture,Automated email nurture or product reminder,38851.33209999985,616.5651333787483,1625,1813,Standard monitoring,Monitor customer value and churn risk; no paid intervention,churn-logistic-1.0.0
16123,2011-12-10,Recent developing,307.78,1,0.8101607706568605,1,0.4,Priority 2 - Targeted,Targeted retention message for the next-ranked 10%,38851.33209999985,249.35128199276852,646,2895,Standard monitoring,Monitor customer value and churn risk; no paid intervention,churn-logistic-1.0.0
16126,2011-12-10,Champions,14646.8,15,0.219392292084476,0,0.4,Standard monitoring,Normal low-cost engagement; no paid retention incentive,38851.33209999985,3213.395023702903,2899,72,Priority 1 - Immediate,Account-manager outreach; prioritize the highest exposed customer value,churn-logistic-1.0.0
16127,2011-12-10,Recent developing,801.31,2,0.9478405747135392,1,0.4,Priority 1 - Immediate,Personalized outreach for the highest-ranked 10%; use segment and value,38851.33209999985,759.514130923706,11,1466,Priority 3 - Nurture,Low-cost relationship nurture for value protection,churn-logistic-1.0.0
16128,2011-12-10,Champions,3792.35,11,0.2277283849611476,0,0.4,Standard monitoring,Normal low-cost engagement; no paid retention incentive,38851.33209999985,863.6257407074081,2878,1264,Priority 3 - Nurture,Low-cost relationship nurture for value protection,churn-logistic-1.0.0
16131,2011-12-10,Champions,9876.77,12,0.3889609038853314,0,0.4,Standard monitoring,Normal low-cost engagement; no paid retention incentive,38851.33209999985,3841.677386667525,2453,48,Priority 1 - Immediate,Account-manager outreach; prioritize the highest exposed customer value,churn-logistic-1.0.0
16133,2011-12-10,Champions,22233.58,56,0.0010498725621929,0,0.4,Standard monitoring,Normal low-cost engagement; no paid retention incentive,38851.33209999985,23.34242560132082,3435,3426,Standard monitoring,Monitor customer value and churn risk; no paid intervention,churn-logistic-1.0.0
16134,2011-12-10,Recent developing,2119.99,5,0.6684082044365237,1,0.4,Priority 3 - Nurture,Automated email nurture or product reminder,38851.33209999985,1417.0187093233858,1371,579,Priority 2 - Targeted,Personalized retention offer for a high-value account,churn-logistic-1.0.0
16136,2011-12-10,At-risk established,921.08,4,0.7454764732515661,1,0.4,Priority 3 - Nurture,Automated email nurture or product reminder,38851.33209999985,686.6434699825525,1097,1649,Priority 3 - Nurture,Low-cost relationship nurture for value protection,churn-logistic-1.0.0
16139,2011-12-10,Recent developing,1111.15,5,0.6384576141012596,1,0.4,Priority 3 - Nurture,Automated email nurture or product reminder,38851.33209999985,709.4221779086146,1507,1589,Priority 3 - Nurture,Low-cost relationship nurture for value protection,churn-logistic-1.0.0
16140,2011-12-10,At-risk established,1540.6,3,0.8400480072158897,1,0.4,Priority 2 - Targeted,Targeted retention message for the next-ranked 10%,38851.33209999985,1294.1779599167996,399,692,Priority 2 - Targeted,Personalized retention offer for a high-value account,churn-logistic-1.0.0
16141,2011-12-10,At-risk established,955.94,2,0.8666998307682219,1,0.4,Priority 1 - Immediate,Personalized outreach for the highest-ranked 10%; use segment and value,38851.33209999985,828.5130362245741,227,1330,Priority 3 - Nurture,Low-cost relationship nurture for value protection,churn-logistic-1.0.0
16143,2011-12-10,Champions,4877.83,12,0.3055274439519186,0,0.4,Standard monitoring,Normal low-cost engagement; no paid retention incentive,38851.33209999985,1490.3109319319872,2690,531,Priority 2 - Targeted,Personalized retention offer for a high-value account,churn-logistic-1.0.0
16145,2011-12-10,Champions,6698.26,19,0.0792770707431916,0,0.4,Standard monitoring,Normal low-cost engagement; no paid retention incentive,38851.33209999985,531.0184318762906,3207,2039,Standard monitoring,Monitor customer value and churn risk; no paid intervention,churn-logistic-1.0.0
16146,2011-12-10,At-risk established,946.38,4,0.7709466317393301,1,0.4,Priority 3 - Nurture,Automated email nurture or product reminder,38851.33209999985,729.6084733454672,992,1539,Priority 3 - Nurture,Low-cost relationship nurture for value protection,churn-logistic-1.0.0
16147,2011-12-10,At-risk established,2367.02,5,0.7633250606340217,1,0.4,Priority 3 - Nurture,Automated email nurture or product reminder,38851.33209999985,1806.805685021942,1031,341,Priority 1 - Immediate,Account-manager outreach; prioritize the highest exposed customer value,churn-logistic-1.0.0
16149,2011-12-10,Recent developing,422.22,3,0.7287035658739203,1,0.4,Priority 3 - Nurture,Automated email nurture or product reminder,38851.33209999985,307.67321958328665,1156,2698,Standard monitoring,Monitor customer value and churn risk; no paid intervention,churn-logistic-1.0.0
16150,2011-12-10,Champions,4162.59,10,0.2613247746412664,0,0.4,Standard monitoring,Normal low-cost engagement; no paid retention incentive,38851.33209999985,1087.7878936739892,2796,923,Priority 3 - Nurture,Low-cost relationship nurture for value protection,churn-logistic-1.0.0
16153,2011-12-10,Champions,5047.09,11,0.3648228680287231,0,0.4,Standard monitoring,Normal low-cost engagement; no paid retention incentive,38851.33209999985,1841.2938489990881,2527,331,Priority 1 - Immediate,Account-manager outreach; prioritize the highest exposed customer value,churn-logistic-1.0.0
16156,2011-12-10,Champions,5941.21,20,0.0688766549149193,0,0.4,Standard monitoring,Normal low-cost engagement; no paid retention incentive,38851.33209999985,409.2106709470677,3228,2404,Standard monitoring,Monitor customer value and churn risk; no paid intervention,churn-logistic-1.0.0
16157,2011-12-10,Recent developing,644.24,3,0.5293577020417986,1,0.4,Standard monitoring,Normal low-cost engagement; no paid retention incentive,38851.33209999985,341.0334059634083,1981,2607,Standard monitoring,Monitor customer value and churn risk; no paid intervention,churn-logistic-1.0.0
16160,2011-12-10,Recent developing,1011.13,2,0.622955689183193,1,0.4,Priority 3 - Nurture,Automated email nurture or product reminder,38851.33209999985,629.8891860038019,1594,1789,Standard monitoring,Monitor customer value and churn risk; no paid intervention,churn-logistic-1.0.0
16161,2011-12-10,Champions,12533.29,43,0.0055132357183141,0,0.4,Standard monitoring,Normal low-cost engagement; no paid retention incentive,38851.33209999985,69.09898209598893,3409,3373,Standard monitoring,Monitor customer value and churn risk; no paid intervention,churn-logistic-1.0.0
16164,2011-12-10,Recent developing,802.53,3,0.4810009364694913,1,0.4,Standard monitoring,Normal low-cost engagement; no paid retention incentive,38851.33209999985,386.01768154486086,2161,2468,Standard monitoring,Monitor customer value and churn risk; no paid intervention,churn-logistic-1.0.0
16168,2011-12-10,Champions,10610.72,66,0.0029552462936843,0,0.4,Standard monitoring,Normal low-cost engagement; no paid retention incentive,38851.33209999985,31.357290953321872,3418,3418,Standard monitoring,Monitor customer value and churn risk; no paid intervention,churn-logistic-1.0.0
16169,2011-12-10,Recent developing,1822.97,4,0.3890721098835322,0,0.4,Standard monitoring,Normal low-cost engagement; no paid retention incentive,38851.33209999985,709.2667841543827,2451,1590,Priority 3 - Nurture,Low-cost relationship nurture for value protection,churn-logistic-1.0.0
16170,2011-12-10,Champions,6813.67,20,0.2018243909443658,0,0.4,Standard monitoring,Normal low-cost engagement; no paid retention incentive,38851.33209999985,1375.1647978458968,2944,617,Priority 2 - Targeted,Personalized retention offer for a high-value account,churn-logistic-1.0.0
16171,2011-12-10,Lapsed low-value,73.2,1,0.8241957198321093,1,0.4,Priority 2 - Targeted,Targeted retention message for the next-ranked 10%,38851.33209999985,60.3311266917104,533,3385,Standard monitoring,Monitor customer value and churn risk; no paid intervention,churn-logistic-1.0.0
16172,2011-12-10,At-risk established,1884.55,8,0.6150172210943226,1,0.4,Priority 3 - Nurture,Automated email nurture or product reminder,38851.33209999985,1159.0307040133055,1629,826,Priority 3 - Nurture,Low-cost relationship nurture for value protection,churn-logistic-1.0.0
16173,2011-12-10,Recent developing,1406.57,6,0.2322023632513608,0,0.4,Standard monitoring,Normal low-cost engagement; no paid retention incentive,38851.33209999985,326.60887807846655,2865,2640,Standard monitoring,Monitor customer value and churn risk; no paid intervention,churn-logistic-1.0.0
16174,2011-12-10,At-risk established,2246.75,7,0.6543203887615999,1,0.4,Priority 3 - Nurture,Automated email nurture or product reminder,38851.33209999985,1470.0943334501246,1428,543,Priority 2 - Targeted,Personalized retention offer for a high-value account,churn-logistic-1.0.0
16175,2011-12-10,At-risk established,1836.44,7,0.6151175208861688,1,0.4,Priority 3 - Nurture,Automated email nurture or product reminder,38851.33209999985,1129.626420056196,1628,868,Priority 3 - Nurture,Low-cost relationship nurture for value protection,churn-logistic-1.0.0
16177,2011-12-10,At-risk established,2141.61,8,0.6463628005570733,1,0.4,Priority 3 - Nurture,Automated email nurture or product reminder,38851.33209999985,1384.2570373010337,1464,608,Priority 2 - Targeted,Personalized retention offer for a high-value account,churn-logistic-1.0.0
16178,2011-12-10,Lapsed low-value,612.6,2,0.8730985928368362,1,0.4,Priority 1 - Immediate,Personalized outreach for the highest-ranked 10%; use segment and value,38851.33209999985,534.8601979718459,177,2031,Standard monitoring,Monitor customer value and churn risk; no paid intervention,churn-logistic-1.0.0
16179,2011-12-10,Lapsed low-value,215.83,1,0.8276611145235041,1,0.4,Priority 2 - Targeted,Targeted retention message for the next-ranked 10%,38851.33209999985,178.6340983476079,507,3077,Standard monitoring,Monitor customer value and churn risk; no paid intervention,churn-logistic-1.0.0
16180,2011-12-10,Champions,16199.87,13,0.3548420749083772,0,0.4,Standard monitoring,Normal low-cost engagement; no paid retention incentive,38851.33209999985,5748.395484045973,2559,13,Priority 1 - Immediate,Account-manager outreach; prioritize the highest exposed customer value,churn-logistic-1.0.0
16181,2011-12-10,Lapsed low-value,305.54,1,0.8311678362290157,1,0.4,Priority 2 - Targeted,Targeted retention message for the next-ranked 10%,38851.33209999985,253.95502068141346,467,2886,Standard monitoring,Monitor customer value and churn risk; no paid intervention,churn-logistic-1.0.0
16182,2011-12-10,Champions,9971.65,9,0.4278989261068388,1,0.4,Standard monitoring,Normal low-cost engagement; no paid retention incentive,38851.33209999985,4266.858326513258,2319,35,Priority 1 - Immediate,Account-manager outreach; prioritize the highest exposed customer value,churn-logistic-1.0.0
16183,2011-12-10,At-risk established,1077.81,4,0.7631157790444479,1,0.4,Priority 3 - Nurture,Automated email nurture or product reminder,38851.33209999985,822.4938178118964,1033,1339,Priority 3 - Nurture,Low-cost relationship nurture for value protection,churn-logistic-1.0.0
16184,2011-12-10,At-risk established,1155.54,6,0.531163330819309,1,0.4,Standard monitoring,Normal low-cost engagement; no paid retention incentive,38851.33209999985,613.7804752949443,1973,1822,Standard monitoring,Monitor customer value and churn risk; no paid intervention,churn-logistic-1.0.0
16185,2011-12-10,Recent developing,644.72,3,0.7833260084518491,1,0.4,Priority 3 - Nurture,Automated email nurture or product reminder,38851.33209999985,505.0259441690762,927,2116,Standard monitoring,Monitor customer value and churn risk; no paid intervention,churn-logistic-1.0.0
16186,2011-12-10,Champions,8983.91,26,0.0869343942768188,0,0.4,Standard monitoring,Normal low-cost engagement; no paid retention incentive,38851.33209999985,781.0107740874552,3191,1413,Priority 3 - Nurture,Low-cost relationship nurture for value protection,churn-logistic-1.0.0
16187,2011-12-10,Champions,6841.24,15,0.1863192296622688,0,0.4,Standard monitoring,Normal low-cost engagement; no paid retention incentive,38851.33209999985,1274.6545667346998,2982,716,Priority 3 - Nurture,Low-cost relationship nurture for value protection,churn-logistic-1.0.0
16188,2011-12-10,Recent developing,1077.71,5,0.5958265114495542,1,0.4,Priority 3 - Nurture,Automated email nurture or product reminder,38851.33209999985,642.1281896542991,1716,1759,Standard monitoring,Monitor customer value and churn risk; no paid intervention,churn-logistic-1.0.0
16189,2011-12-10,Recent developing,215.48,2,0.6400436590758534,1,0.4,Priority 3 - Nurture,Automated email nurture or product reminder,38851.33209999985,137.91660765766488,1495,3195,Standard monitoring,Monitor customer value and churn risk; no paid intervention,churn-logistic-1.0.0
16190,2011-12-10,Champions,2723.55,8,0.5669321806525796,1,0.4,Standard monitoring,Normal low-cost engagement; no paid retention incentive,38851.33209999985,1544.068140616333,1843,481,Priority 2 - Targeted,Personalized retention offer for a high-value account,churn-logistic-1.0.0
16191,2011-12-10,Champions,15188.61,23,0.1109510470254511,0,0.4,Standard monitoring,Normal low-cost engagement; no paid retention incentive,38851.33209999985,1685.1921823612367,3145,388,Priority 2 - Targeted,Personalized retention offer for a high-value account,churn-logistic-1.0.0
16198,2011-12-10,Recent developing,1030.0410000000002,2,0.8785203211824163,1,0.4,Priority 1 - Immediate,Personalized outreach for the highest-ranked 10%; use segment and value,38851.33209999985,904.9119501510575,150,1205,Priority 3 - Nurture,Low-cost relationship nurture for value protection,churn-logistic-1.0.0
16200,2011-12-10,Champions,5643.45,12,0.2937217779737319,0,0.4,Standard monitoring,Normal low-cost engagement; no paid retention incentive,38851.33209999985,1657.6041679058571,2721,402,Priority 2 - Targeted,Personalized retention offer for a high-value account,churn-logistic-1.0.0
16201,2011-12-10,Recent developing,2070.17,5,0.3480234604195326,0,0.4,Standard monitoring,Normal low-cost engagement; no paid retention incentive,38851.33209999985,720.4677270567038,2574,1567,Priority 3 - Nurture,Low-cost relationship nurture for value protection,churn-logistic-1.0.0
16203,2011-12-10,At-risk established,1110.79,6,0.5597711066129696,1,0.4,Standard monitoring,Normal low-cost engagement; no paid retention incentive,38851.33209999985,621.7881475146205,1872,1804,Standard monitoring,Monitor customer value and churn risk; no paid intervention,churn-logistic-1.0.0
16204,2011-12-10,Recent developing,939.24,3,0.7588989513655341,1,0.4,Priority 3 - Nurture,Automated email nurture or product reminder,38851.33209999985,712.7882510805642,1051,1583,Priority 3 - Nurture,Low-cost relationship nurture for value protection,churn-logistic-1.0.0
16205,2011-12-10,Champions,1824.01,7,0.3173613567726104,0,0.4,Standard monitoring,Normal low-cost engagement; no paid retention incentive,38851.33209999985,578.8702883668091,2646,1916,Standard monitoring,Monitor customer value and churn risk; no paid intervention,churn-logistic-1.0.0
16206,2011-12-10,Champions,2589.57,13,0.3528973040451527,0,0.4,Standard monitoring,Normal low-cost engagement; no paid retention incentive,38851.33209999985,913.8522716362061,2565,1187,Priority 3 - Nurture,Low-cost relationship nurture for value protection,churn-logistic-1.0.0
16207,2011-12-10,Recent developing,394.38,1,0.793689263755685,1,0.4,Priority 3 - Nurture,Automated email nurture or product reminder,38851.33209999985,313.0151718399671,835,2677,Standard monitoring,Monitor customer value and churn risk; no paid intervention,churn-logistic-1.0.0
16208,2011-12-10,Champions,3440.45,10,0.4742519814634135,1,0.4,Standard monitoring,Normal low-cost engagement; no paid retention incentive,38851.33209999985,1631.6402296258009,2179,419,Priority 2 - Targeted,Personalized retention offer for a high-value account,churn-logistic-1.0.0
16209,2011-12-10,At-risk established,4146.78,9,0.4804842636352546,1,0.4,Standard monitoring,Normal low-cost engagement; no paid retention incentive,38851.33209999985,1992.4625347574008,2163,269,Priority 1 - Immediate,Account-manager outreach; prioritize the highest exposed customer value,churn-logistic-1.0.0
16210,2011-12-10,Champions,38327.66,33,0.0076365471911072,0,0.4,Standard monitoring,Normal low-cost engagement; no paid retention incentive,38851.33209999985,292.6909843147118,3399,2755,Standard monitoring,Monitor customer value and churn risk; no paid intervention,churn-logistic-1.0.0
16211,2011-12-10,At-risk established,1086.34,3,0.8770467189938371,1,0.4,Priority 1 - Immediate,Personalized outreach for the highest-ranked 10%; use segment and value,38851.33209999985,952.770932711765,155,1116,Priority 3 - Nurture,Low-cost relationship nurture for value protection,churn-logistic-1.0.0
16212,2011-12-10,Recent developing,1284.56,4,0.7936367613694096,1,0.4,Priority 3 - Nurture,Automated email nurture or product reminder,38851.33209999985,1019.4740381846888,836,1005,Priority 3 - Nurture,Low-cost relationship nurture for value protection,churn-logistic-1.0.0
16213,2011-12-10,Lapsed low-value,159.0,1,0.8379006904371369,1,0.4,Priority 2 - Targeted,Targeted retention message for the next-ranked 10%,38851.33209999985,133.22620977950476,417,3208,Standard monitoring,Monitor customer value and churn risk; no paid intervention,churn-logistic-1.0.0
16214,2011-12-10,At-risk established,2038.25,4,0.7708634585593221,1,0.4,Priority 3 - Nurture,Automated email nurture or product reminder,38851.33209999985,1571.2124444085384,993,457,Priority 2 - Targeted,Personalized retention offer for a high-value account,churn-logistic-1.0.0
16215,2011-12-10,Lapsed low-value,242.35,1,0.8348860078690865,1,0.4,Priority 2 - Targeted,Targeted retention message for the next-ranked 10%,38851.33209999985,202.3346240070731,437,3024,Standard monitoring,Monitor customer value and churn risk; no paid intervention,churn-logistic-1.0.0
16218,2011-12-10,Champions,4343.6,13,0.355527391886643,0,0.4,Standard monitoring,Normal low-cost engagement; no paid retention incentive,38851.33209999985,1544.2687793988227,2557,479,Priority 2 - Targeted,Personalized retention offer for a high-value account,churn-logistic-1.0.0
16221,2011-12-10,Champions,2227.56,9,0.514738467513401,1,0.4,Standard monitoring,Normal low-cost engagement; no paid retention incentive,38851.33209999985,1146.6108206941515,2030,845,Priority 3 - Nurture,Low-cost relationship nurture for value protection,churn-logistic-1.0.0
16224,2011-12-10,At-risk established,1616.54,5,0.5834330454567052,1,0.4,Standard monitoring,Normal low-cost engagement; no paid retention incentive,38851.33209999985,943.1428553025821,1767,1129,Priority 3 - Nurture,Low-cost relationship nurture for value protection,churn-logistic-1.0.0
16225,2011-12-10,Champions,2821.9100000000003,15,0.3059649086622058,0,0.4,Standard monitoring,Normal low-cost engagement; no paid retention incentive,38851.33209999985,863.4054354029653,2688,1266,Priority 3 - Nurture,Low-cost relationship nurture for value protection,churn-logistic-1.0.0
16229,2011-12-10,At-risk established,2867.86,6,0.6564507738102535,1,0.4,Priority 3 - Nurture,Automated email nurture or product reminder,38851.33209999985,1882.6089161794737,1417,312,Priority 1 - Immediate,Account-manager outreach; prioritize the highest exposed customer value,churn-logistic-1.0.0
16232,2011-12-10,At-risk established,2692.02,7,0.5114610343462124,1,0.4,Standard monitoring,Normal low-cost engagement; no paid retention incentive,38851.33209999985,1376.8633336806906,2042,614,Priority 2 - Targeted,Personalized retention offer for a high-value account,churn-logistic-1.0.0
16233,2011-12-10,At-risk established,1825.66,9,0.5839596158089787,1,0.4,Standard monitoring,Normal low-cost engagement; no paid retention incentive,38851.33209999985,1066.11171219782,1765,944,Priority 3 - Nurture,Low-cost relationship nurture for value protection,churn-logistic-1.0.0
16235,2011-12-10,Champions,1980.61,8,0.5471801092883755,1,0.4,Standard monitoring,Normal low-cost engagement; no paid retention incentive,38851.33209999985,1083.7503962576493,1927,928,Priority 3 - Nurture,Low-cost relationship nurture for value protection,churn-logistic-1.0.0
16236,2011-12-10,Lapsed low-value,432.2,1,0.8278772854742085,1,0.4,Priority 2 - Targeted,Targeted retention message for the next-ranked 10%,38851.33209999985,357.8085627819529,501,2548,Standard monitoring,Monitor customer value and churn risk; no paid intervention,churn-logistic-1.0.0
16239,2011-12-10,At-risk established,1450.9,6,0.6334078520982166,1,0.4,Priority 3 - Nurture,Automated email nurture or product reminder,38851.33209999985,919.0114526093025,1533,1176,Priority 3 - Nurture,Low-cost relationship nurture for value protection,churn-logistic-1.0.0
16240,2011-12-10,Recent developing,3699.56,2,0.4618328546759753,1,0.4,Standard monitoring,Normal low-cost engagement; no paid retention incentive,38851.33209999985,1708.5783558450512,2214,377,Priority 2 - Targeted,Personalized retention offer for a high-value account,churn-logistic-1.0.0
16241,2011-12-10,Champions,4326.26,16,0.0747980492193634,0,0.4,Standard monitoring,Normal low-cost engagement; no paid retention incentive,38851.33209999985,323.5958084157631,3216,2646,Standard monitoring,Monitor customer value and churn risk; no paid intervention,churn-logistic-1.0.0
16242,2011-12-10,Champions,7433.3,14,0.0827405852101794,0,0.4,Standard monitoring,Normal low-cost engagement; no paid retention incentive,38851.33209999985,615.0355920428265,3198,1816,Standard monitoring,Monitor customer value and churn risk; no paid intervention,churn-logistic-1.0.0
16243,2011-12-10,Recent developing,409.1,2,0.5735284478339172,1,0.4,Standard monitoring,Normal low-cost engagement; no paid retention incentive,38851.33209999985,234.63048800885554,1814,2943,Standard monitoring,Monitor customer value and churn risk; no paid intervention,churn-logistic-1.0.0
16245,2011-12-10,Recent developing,1352.36,3,0.6007233319333178,1,0.4,Priority 3 - Nurture,Automated email nurture or product reminder,38851.33209999985,812.3942051733417,1697,1352,Priority 3 - Nurture,Low-cost relationship nurture for value protection,churn-logistic-1.0.0
16247,2011-12-10,Lapsed low-value,114.56,1,0.8789019330038165,1,0.4,Priority 1 - Immediate,Personalized outreach for the highest-ranked 10%; use segment and value,38851.33209999985,100.68700544491722,146,3300,Standard monitoring,Monitor customer value and churn risk; no paid intervention,churn-logistic-1.0.0
16248,2011-12-10,Lapsed low-value,152.94,1,0.8306807974105317,1,0.4,Priority 2 - Targeted,Targeted retention message for the next-ranked 10%,38851.33209999985,127.04432115596671,473,3229,Standard monitoring,Monitor customer value and churn risk; no paid intervention,churn-logistic-1.0.0
16249,2011-12-10,At-risk established,1800.07,5,0.5276466179279158,1,0.4,Standard monitoring,Normal low-cost engagement; no paid retention incentive,38851.33209999985,949.8008475335033,1984,1122,Priority 3 - Nurture,Low-cost relationship nurture for value protection,churn-logistic-1.0.0
16253,2011-12-10,Champions,7260.15,7,0.5324672692690793,1,0.4,Standard monitoring,Normal low-cost engagement; no paid retention incentive,38851.33209999985,3865.7922449839057,1968,47,Priority 1 - Immediate,Account-manager outreach; prioritize the highest exposed customer value,churn-logistic-1.0.0
16255,2011-12-10,Champions,4847.89,15,0.19642901179851,0,0.4,Standard monitoring,Normal low-cost engagement; no paid retention incentive,38851.33209999985,952.2662420078786,2956,1117,Priority 3 - Nurture,Low-cost relationship nurture for value protection,churn-logistic-1.0.0
16257,2011-12-10,Lapsed low-value,21.95,1,0.8847707171214524,1,0.4,Priority 1 - Immediate,Personalized outreach for the highest-ranked 10%; use segment and value,38851.33209999985,19.42071724081588,120,3428,Standard monitoring,Monitor customer value and churn risk; no paid intervention,churn-logistic-1.0.0
16258,2011-12-10,Champions,11942.52,15,0.231448197861047,0,0.4,Standard monitoring,Normal low-cost engagement; no paid retention incentive,38851.33209999985,2764.074731919511,2867,118,Priority 1 - Immediate,Account-manager outreach; prioritize the highest exposed customer value,churn-logistic-1.0.0
16260,2011-12-10,Recent developing,1035.45,1,0.7843924347777165,1,0.4,Priority 3 - Nurture,Automated email nurture or product reminder,38851.33209999985,812.1991465905866,918,1354,Priority 3 - Nurture,Low-cost relationship nurture for value protection,churn-logistic-1.0.0
16261,2011-12-10,Recent developing,1059.45,6,0.4011023990484618,1,0.4,Standard monitoring,Normal low-cost engagement; no paid retention incentive,38851.33209999985,424.9479366718929,2410,2356,Standard monitoring,Monitor customer value and churn risk; no paid intervention,churn-logistic-1.0.0
16265,2011-12-10,Champions,6643.62,12,0.2269571365239907,0,0.4,Standard monitoring,Normal low-cost engagement; no paid retention incentive,38851.33209999985,1507.816971353515,2881,515,Priority 2 - Targeted,Personalized retention offer for a high-value account,churn-logistic-1.0.0
16266,2011-12-10,Champions,1757.95,14,0.3886444104340836,0,0.4,Standard monitoring,Normal low-cost engagement; no paid retention incentive,38851.33209999985,683.2174413225973,2454,1662,Priority 3 - Nurture,Low-cost relationship nurture for value protection,churn-logistic-1.0.0
16268,2011-12-10,Recent developing,617.65,2,0.8307569982966155,1,0.4,Priority 2 - Targeted,Targeted retention message for the next-ranked 10%,38851.33209999985,513.1170599979046,472,2086,Standard monitoring,Monitor customer value and churn risk; no paid intervention,churn-logistic-1.0.0
16271,2011-12-10,Champions,3427.07,8,0.377865932045166,0,0.4,Standard monitoring,Normal low-cost engagement; no paid retention incentive,38851.33209999985,1294.972999734027,2494,690,Priority 2 - Targeted,Personalized retention offer for a high-value account,churn-logistic-1.0.0
16272,2011-12-10,Lapsed low-value,411.7,1,0.8518220612081286,1,0.4,Priority 1 - Immediate,Personalized outreach for the highest-ranked 10%; use segment and value,38851.33209999985,350.69514259938654,334,2571,Standard monitoring,Monitor customer value and churn risk; no paid intervention,churn-logistic-1.0.0
16276,2011-12-10,At-risk established,2629.3900000000003,3,0.8754738152421604,1,0.4,Priority 1 - Immediate,Personalized outreach for the highest-ranked 10%; use segment and value,38851.33209999985,2301.9620950595845,162,192,Priority 1 - Immediate,Account-manager outreach; prioritize the highest exposed customer value,churn-logistic-1.0.0
16278,2011-12-10,At-risk established,1056.59,3,0.9021534691910044,1,0.4,Priority 1 - Immediate,Personalized outreach for the highest-ranked 10%; use segment and value,38851.33209999985,953.2063340125233,88,1114,Priority 3 - Nurture,Low-cost relationship nurture for value protection,churn-logistic-1.0.0
16279,2011-12-10,Champions,5692.18,9,0.2678673777034204,0,0.4,Standard monitoring,Normal low-cost engagement; no paid retention incentive,38851.33209999985,1524.7493300158555,2774,500,Priority 2 - Targeted,Personalized retention offer for a high-value account,churn-logistic-1.0.0
16281,2011-12-10,At-risk established,3417.24,3,0.808538912278008,1,0.4,Priority 2 - Targeted,Targeted retention message for the next-ranked 10%,38851.33209999985,2762.9715125928997,672,119,Priority 1 - Immediate,Account-manager outreach; prioritize the highest exposed customer value,churn-logistic-1.0.0
16283,2011-12-10,Champions,4345.97,8,0.1911329842932953,0,0.4,Standard monitoring,Normal low-cost engagement; no paid retention incentive,38851.33209999985,830.6582157491326,2968,1320,Priority 3 - Nurture,Low-cost relationship nurture for value protection,churn-logistic-1.0.0
16284,2011-12-10,Recent developing,1029.77,3,0.7555856816306505,1,0.4,Priority 3 - Nurture,Automated email nurture or product reminder,38851.33209999985,778.079467372795,1067,1422,Priority 3 - Nurture,Low-cost relationship nurture for value protection,churn-logistic-1.0.0
16287,2011-12-10,At-risk established,1006.98,5,0.798865661808166,1,0.4,Priority 3 - Nurture,Automated email nurture or product reminder,38851.33209999985,804.441744127587,783,1368,Priority 3 - Nurture,Low-cost relationship nurture for value protection,churn-logistic-1.0.0
16292,2011-12-10,At-risk established,1171.46,5,0.7378766800724191,1,0.4,Priority 3 - Nurture,Automated email nurture or product reminder,38851.33209999985,864.3930156376362,1119,1262,Priority 3 - Nurture,Low-cost relationship nurture for value protection,churn-logistic-1.0.0
16293,2011-12-10,Champions,4630.75,15,0.2424527304442389,0,0.4,Standard monitoring,Normal low-cost engagement; no paid retention incentive,38851.33209999985,1122.7379815046593,2842,876,Priority 3 - Nurture,Low-cost relationship nurture for value protection,churn-logistic-1.0.0
16295,2011-12-10,Recent developing,1328.55,4,0.3956287870611728,0,0.4,Standard monitoring,Normal low-cost engagement; no paid retention incentive,38851.33209999985,525.6126250501211,2431,2050,Standard monitoring,Monitor customer value and churn risk; no paid intervention,churn-logistic-1.0.0
16298,2011-12-10,Recent developing,1080.0,7,0.4998729179340818,1,0.4,Standard monitoring,Normal low-cost engagement; no paid retention incentive,38851.33209999985,539.8627513688083,2104,2015,Standard monitoring,Monitor customer value and churn risk; no paid intervention,churn-logistic-1.0.0
16302,2011-12-10,Lapsed low-value,212.82,1,0.861502898417539,1,0.4,Priority 1 - Immediate,Personalized outreach for the highest-ranked 10%; use segment and value,38851.33209999985,183.34504684122064,263,3066,Standard monitoring,Monitor customer value and churn risk; no paid intervention,churn-logistic-1.0.0
16303,2011-12-10,Champions,7823.72,7,0.3607088229338717,0,0.4,Standard monitoring,Normal low-cost engagement; no paid retention incentive,38851.33209999985,2822.0848321641906,2540,112,Priority 1 - Immediate,Account-manager outreach; prioritize the highest exposed customer value,churn-logistic-1.0.0
16305,2011-12-10,Lapsed low-value,361.22,1,0.8619719759292412,1,0.4,Priority 1 - Immediate,Personalized outreach for the highest-ranked 10%; use segment and value,38851.33209999985,311.3615171451605,258,2686,Standard monitoring,Monitor customer value and churn risk; no paid intervention,churn-logistic-1.0.0
16308,2011-12-10,Champions,5120.0,7,0.4849691022543517,1,0.4,Standard monitoring,Normal low-cost engagement; no paid retention incentive,38851.33209999985,2483.041803542281,2149,156,Priority 1 - Immediate,Account-manager outreach; prioritize the highest exposed customer value,churn-logistic-1.0.0
16309,2011-12-10,At-risk established,686.67,2,0.7862277754504965,1,0.4,Priority 3 - Nurture,Automated email nurture or product reminder,38851.33209999985,539.8790265685924,903,2014,Standard monitoring,Monitor customer value and churn risk; no paid intervention,churn-logistic-1.0.0
16311,2011-12-10,Recent developing,616.26,2,0.5716536026427763,1,0.4,Standard monitoring,Normal low-cost engagement; no paid retention incentive,38851.33209999985,352.28724916463733,1825,2564,Standard monitoring,Monitor customer value and churn risk; no paid intervention,churn-logistic-1.0.0
16313,2011-12-10,Recent developing,274.15000000000003,2,0.5915467657783262,1,0.4,Priority 3 - Nurture,Automated email nurture or product reminder,38851.33209999985,162.17254583812814,1729,3125,Standard monitoring,Monitor customer value and churn risk; no paid intervention,churn-logistic-1.0.0
16316,2011-12-10,Champions,5533.31,13,0.3562344490137124,0,0.4,Standard monitoring,Normal low-cost engagement; no paid retention incentive,38851.33209999985,1971.155639072065,2552,279,Priority 1 - Immediate,Account-manager outreach; prioritize the highest exposed customer value,churn-logistic-1.0.0
16317,2011-12-10,At-risk established,2179.76,5,0.6814643029803904,1,0.4,Priority 3 - Nurture,Automated email nurture or product reminder,38851.33209999985,1485.428629064536,1325,534,Priority 2 - Targeted,Personalized retention offer for a high-value account,churn-logistic-1.0.0
16318,2011-12-10,Recent developing,328.15,1,0.801054651033134,1,0.4,Priority 3 - Nurture,Automated email nurture or product reminder,38851.33209999985,262.8660837365229,753,2860,Standard monitoring,Monitor customer value and churn risk; no paid intervention,churn-logistic-1.0.0
16320,2011-12-10,At-risk established,5618.79,6,0.636093397471233,1,0.4,Priority 3 - Nurture,Automated email nurture or product reminder,38851.33209999985,3574.075220777389,1523,54,Priority 1 - Immediate,Account-manager outreach; prioritize the highest exposed customer value,churn-logistic-1.0.0
16321,2011-12-10,At-risk established,461.6,7,0.7786849162182229,1,0.4,Priority 3 - Nurture,Automated email nurture or product reminder,38851.33209999985,359.4409573263317,949,2543,Standard monitoring,Monitor customer value and churn risk; no paid intervention,churn-logistic-1.0.0
16322,2011-12-10,Recent developing,326.75,2,0.5738967935518765,1,0.4,Standard monitoring,Normal low-cost engagement; no paid retention incentive,38851.33209999985,187.52077729307564,1811,3055,Standard monitoring,Monitor customer value and churn risk; no paid intervention,churn-logistic-1.0.0
16324,2011-12-10,Lapsed low-value,428.68,3,0.729801494212089,1,0.4,Priority 3 - Nurture,Automated email nurture or product reminder,38851.33209999985,312.8513045388383,1152,2678,Standard monitoring,Monitor customer value and churn risk; no paid intervention,churn-logistic-1.0.0
16325,2011-12-10,Champions,3478.1,12,0.3877821037979783,0,0.4,Standard monitoring,Normal low-cost engagement; no paid retention incentive,38851.33209999985,1348.7449352197482,2458,645,Priority 2 - Targeted,Personalized retention offer for a high-value account,churn-logistic-1.0.0
16326,2011-12-10,Champions,4706.99,24,0.0239224165060146,0,0.4,Standard monitoring,Normal low-cost engagement; no paid retention incentive,38851.33209999985,112.60257526964565,3334,3269,Standard monitoring,Monitor customer value and churn risk; no paid intervention,churn-logistic-1.0.0
16327,2011-12-10,Champions,10645.77,16,0.196788736815101,0,0.4,Standard monitoring,Normal low-cost engagement; no paid retention incentive,38851.33209999985,2094.967630724098,2955,243,Priority 1 - Immediate,Account-manager outreach; prioritize the highest exposed customer value,churn-logistic-1.0.0
16330,2011-12-10,Recent developing,624.63,7,0.6212883226644105,1,0.4,Priority 3 - Nurture,Automated email nurture or product reminder,38851.33209999985,388.07532498587074,1603,2459,Standard monitoring,Monitor customer value and churn risk; no paid intervention,churn-logistic-1.0.0
16332,2011-12-10,Champions,1987.45,11,0.148429353441519,0,0.4,Standard monitoring,Normal low-cost engagement; no paid retention incentive,38851.33209999985,294.99591849734696,3082,2745,Standard monitoring,Monitor customer value and churn risk; no paid intervention,churn-logistic-1.0.0
16333,2011-12-10,Champions,26626.8,22,0.1112990100398944,0,0.4,Standard monitoring,Normal low-cost engagement; no paid retention incentive,38851.33209999985,2963.53648053026,3143,97,Priority 1 - Immediate,Account-manager outreach; prioritize the highest exposed customer value,churn-logistic-1.0.0
16337,2011-12-10,Recent developing,151.05,1,0.8095088710620186,1,0.4,Priority 2 - Targeted,Targeted retention message for the next-ranked 10%,38851.33209999985,122.27631497391792,656,3240,Standard monitoring,Monitor customer value and churn risk; no paid intervention,churn-logistic-1.0.0
16338,2011-12-10,Lapsed low-value,214.8,1,0.8733580391512862,1,0.4,Priority 1 - Immediate,Personalized outreach for the highest-ranked 10%; use segment and value,38851.33209999985,187.59730680969628,173,3054,Standard monitoring,Monitor customer value and churn risk; no paid intervention,churn-logistic-1.0.0
16340,2011-12-10,At-risk established,1526.06,3,0.8160530708321936,1,0.4,Priority 2 - Targeted,Targeted retention message for the next-ranked 10%,38851.33209999985,1245.3459492741772,592,742,Priority 3 - Nurture,Low-cost relationship nurture for value protection,churn-logistic-1.0.0
16341,2011-12-10,Champions,3832.42,7,0.5397370229437044,1,0.4,Standard monitoring,Normal low-cost engagement; no paid retention incentive,38851.33209999985,2068.4989614699116,1946,248,Priority 1 - Immediate,Account-manager outreach; prioritize the highest exposed customer value,churn-logistic-1.0.0
16342,2011-12-10,Recent developing,322.41,4,0.5755953052758405,1,0.4,Standard monitoring,Normal low-cost engagement; no paid retention incentive,38851.33209999985,185.57768237398375,1804,3061,Standard monitoring,Monitor customer value and churn risk; no paid intervention,churn-logistic-1.0.0
16343,2011-12-10,Recent developing,687.0699999999999,3,0.8792503821280873,1,0.4,Priority 1 - Immediate,Personalized outreach for the highest-ranked 10%; use segment and value,38851.33209999985,604.1065600487449,141,1850,Standard monitoring,Monitor customer value and churn risk; no paid intervention,churn-logistic-1.0.0
16344,2011-12-10,At-risk established,842.42,4,0.819213883566528,1,0.4,Priority 2 - Targeted,Targeted retention message for the next-ranked 10%,38851.33209999985,690.1221597941145,569,1644,Priority 3 - Nurture,Low-cost relationship nurture for value protection,churn-logistic-1.0.0
16345,2011-12-10,Recent developing,1198.74,2,0.8763060432354759,1,0.4,Priority 1 - Immediate,Personalized outreach for the highest-ranked 10%; use segment and value,38851.33209999985,1050.4631062680944,157,970,Priority 3 - Nurture,Low-cost relationship nurture for value protection,churn-logistic-1.0.0
16347,2011-12-10,Champions,3506.86,11,0.3435767608872794,0,0.4,Standard monitoring,Normal low-cost engagement; no paid retention incentive,38851.33209999985,1204.8755996851646,2582,777,Priority 3 - Nurture,Low-cost relationship nurture for value protection,churn-logistic-1.0.0
16348,2011-12-10,Champions,1795.88,8,0.3059485432650891,0,0.4,Standard monitoring,Normal low-cost engagement; no paid retention incentive,38851.33209999985,549.4468698789082,2689,1986,Standard monitoring,Monitor customer value and churn risk; no paid intervention,churn-logistic-1.0.0
16350,2011-12-10,Champions,2206.49,9,0.4437977815619577,1,0.4,Standard monitoring,Normal low-cost engagement; no paid retention incentive,38851.33209999985,979.235367038644,2272,1064,Priority 3 - Nurture,Low-cost relationship nurture for value protection,churn-logistic-1.0.0
16352,2011-12-10,Recent developing,494.44,2,0.5679848335120016,1,0.4,Standard monitoring,Normal low-cost engagement; no paid retention incentive,38851.33209999985,280.83442108167407,1841,2798,Standard monitoring,Monitor customer value and churn risk; no paid intervention,churn-logistic-1.0.0
16353,2011-12-10,Champions,9990.96,38,0.0142798808047515,0,0.4,Standard monitoring,Normal low-cost engagement; no paid retention incentive,38851.33209999985,142.66971792504003,3369,3184,Standard monitoring,Monitor customer value and churn risk; no paid intervention,churn-logistic-1.0.0
16354,2011-12-10,At-risk established,1129.51,5,0.6236473764308672,1,0.4,Priority 3 - Nurture,Automated email nurture or product reminder,38851.33209999985,704.4159481524288,1589,1604,Priority 3 - Nurture,Low-cost relationship nurture for value protection,churn-logistic-1.0.0
16357,2011-12-10,Recent developing,868.37,4,0.6463733716024339,1,0.4,Priority 3 - Nurture,Automated email nurture or product reminder,38851.33209999985,561.2912446984055,1463,1954,Standard monitoring,Monitor customer value and churn risk; no paid intervention,churn-logistic-1.0.0
16358,2011-12-10,Champions,2917.1,5,0.4704662528601704,1,0.4,Standard monitoring,Normal low-cost engagement; no paid retention incentive,38851.33209999985,1372.397106218403,2190,621,Priority 2 - Targeted,Personalized retention offer for a high-value account,churn-logistic-1.0.0
16359,2011-12-10,Champions,2379.4,16,0.2098599267031297,0,0.4,Standard monitoring,Normal low-cost engagement; no paid retention incentive,38851.33209999985,499.34070959742684,2923,2135,Standard monitoring,Monitor customer value and churn risk; no paid intervention,churn-logistic-1.0.0
16360,2011-12-10,Champions,3406.53,6,0.1510869584875236,0,0.4,Standard monitoring,Normal low-cost engagement; no paid retention incentive,38851.33209999985,514.6822566965038,3071,2083,Standard monitoring,Monitor customer value and churn risk; no paid intervention,churn-logistic-1.0.0
16361,2011-12-10,Recent developing,896.66,4,0.3886399498384084,0,0.4,Standard monitoring,Normal low-cost engagement; no paid retention incentive,38851.33209999985,348.4778974221073,2455,2579,Standard monitoring,Monitor customer value and churn risk; no paid intervention,churn-logistic-1.0.0
16362,2011-12-10,Recent developing,853.14,6,0.5308140207918866,1,0.4,Standard monitoring,Normal low-cost engagement; no paid retention incentive,38851.33209999985,452.8586736983901,1974,2274,Standard monitoring,Monitor customer value and churn risk; no paid intervention,churn-logistic-1.0.0
16363,2011-12-10,Lapsed low-value,109.36,1,0.8199532856793463,1,0.4,Priority 2 - Targeted,Targeted retention message for the next-ranked 10%,38851.33209999985,89.67009132189331,563,3336,Standard monitoring,Monitor customer value and churn risk; no paid intervention,churn-logistic-1.0.0
16364,2011-12-10,Recent developing,707.04,2,0.6506159304038875,1,0.4,Priority 3 - Nurture,Automated email nurture or product reminder,38851.33209999985,460.0114874327646,1445,2248,Standard monitoring,Monitor customer value and churn risk; no paid intervention,churn-logistic-1.0.0
16365,2011-12-10,Champions,3287.2,15,0.2040833451087066,0,0.4,Standard monitoring,Normal low-cost engagement; no paid retention incentive,38851.33209999985,670.8627720413403,2937,1687,Priority 3 - Nurture,Low-cost relationship nurture for value protection,churn-logistic-1.0.0
16366,2011-12-10,Recent developing,1548.13,4,0.7897078404600271,1,0.4,Priority 3 - Nurture,Automated email nurture or product reminder,38851.33209999985,1222.5703990513819,871,758,Priority 3 - Nurture,Low-cost relationship nurture for value protection,churn-logistic-1.0.0
16367,2011-12-10,Recent developing,1362.4,3,0.8047274681254409,1,0.4,Priority 3 - Nurture,Automated email nurture or product reminder,38851.33209999985,1096.3607025741007,713,913,Priority 3 - Nurture,Low-cost relationship nurture for value protection,churn-logistic-1.0.0
16368,2011-12-10,Recent developing,640.21,3,0.7908647450360432,1,0.4,Priority 3 - Nurture,Automated email nurture or product reminder,38851.33209999985,506.31951841952525,864,2111,Standard monitoring,Monitor customer value and churn risk; no paid intervention,churn-logistic-1.0.0
16369,2011-12-10,Champions,2662.73,7,0.4512525943228437,1,0.4,Standard monitoring,Normal low-cost engagement; no paid retention incentive,38851.33209999985,1201.5638204812656,2246,782,Priority 3 - Nurture,Low-cost relationship nurture for value protection,churn-logistic-1.0.0
16370,2011-12-10,At-risk established,1320.56,4,0.5736651661874248,1,0.4,Standard monitoring,Normal low-cost engagement; no paid retention incentive,38851.33209999985,757.5592718604656,1813,1473,Priority 3 - Nurture,Low-cost relationship nurture for value protection,churn-logistic-1.0.0
16372,2011-12-10,Recent developing,1298.61,5,0.7587972078186198,1,0.4,Priority 3 - Nurture,Automated email nurture or product reminder,38851.33209999985,985.3816420453378,1053,1056,Priority 3 - Nurture,Low-cost relationship nurture for value protection,churn-logistic-1.0.0
16374,2011-12-10,At-risk established,1757.6,5,0.6014256928719982,1,0.4,Priority 3 - Nurture,Automated email nurture or product reminder,38851.33209999985,1057.065797791824,1693,962,Priority 3 - Nurture,Low-cost relationship nurture for value protection,churn-logistic-1.0.0
16376,2011-12-10,Recent developing,977.52,2,0.4928084448725378,1,0.4,Standard monitoring,Normal low-cost engagement; no paid retention incentive,38851.33209999985,481.7301110318031,2123,2183,Standard monitoring,Monitor customer value and churn risk; no paid intervention,churn-logistic-1.0.0
16379,2011-12-10,Recent developing,2131.9,4,0.3656160642765341,0,0.4,Standard monitoring,Normal low-cost engagement; no paid retention incentive,38851.33209999985,779.4568874311431,2523,1420,Priority 3 - Nurture,Low-cost relationship nurture for value protection,churn-logistic-1.0.0
16380,2011-12-10,Recent developing,1780.59,1,0.7839839535994465,1,0.4,Priority 3 - Nurture,Automated email nurture or product reminder,38851.33209999985,1395.9539879396384,922,594,Priority 2 - Targeted,Personalized retention offer for a high-value account,churn-logistic-1.0.0
16383,2011-12-10,At-risk established,2907.09,7,0.5139634370478771,1,0.4,Standard monitoring,Normal low-cost engagement; no paid retention incentive,38851.33209999985,1494.137968207513,2035,528,Priority 2 - Targeted,Personalized retention offer for a high-value account,churn-logistic-1.0.0
16384,2011-12-10,At-risk established,1358.95,4,0.6813221521904566,1,0.4,Priority 3 - Nurture,Automated email nurture or product reminder,38851.33209999985,925.8827387192209,1326,1164,Priority 3 - Nurture,Low-cost relationship nurture for value protection,churn-logistic-1.0.0
16385,2011-12-10,At-risk established,1030.61,5,0.6461898537875299,1,0.4,Priority 3 - Nurture,Automated email nurture or product reminder,38851.33209999985,665.9697252119662,1465,1695,Priority 3 - Nurture,Low-cost relationship nurture for value protection,churn-logistic-1.0.0
16386,2011-12-10,Recent developing,1102.59,3,0.7199443747817003,1,0.4,Priority 3 - Nurture,Automated email nurture or product reminder,38851.33209999985,793.8034681905548,1178,1384,Priority 3 - Nurture,Low-cost relationship nurture for value protection,churn-logistic-1.0.0
16389,2011-12-10,At-risk established,1362.27,4,0.628877095764874,1,0.4,Priority 3 - Nurture,Automated email nurture or product reminder,38851.33209999985,856.700401247615,1555,1276,Priority 3 - Nurture,Low-cost relationship nurture for value protection,churn-logistic-1.0.0
16393,2011-12-10,Champions,5454.92,23,0.0268355767955735,0,0.4,Standard monitoring,Normal low-cost engagement; no paid retention incentive,38851.33209999985,146.3859245737098,3321,3170,Standard monitoring,Monitor customer value and churn risk; no paid intervention,churn-logistic-1.0.0
16394,2011-12-10,At-risk established,1412.06,5,0.4715194104335805,1,0.4,Standard monitoring,Normal low-cost engagement; no paid retention incentive,38851.33209999985,665.8136986968416,2188,1696,Priority 3 - Nurture,Low-cost relationship nurture for value protection,churn-logistic-1.0.0
16395,2011-12-10,Champions,3510.1,14,0.2179359879597169,0,0.4,Standard monitoring,Normal low-cost engagement; no paid retention incentive,38851.33209999985,764.9771113374022,2901,1462,Priority 3 - Nurture,Low-cost relationship nurture for value protection,churn-logistic-1.0.0
16398,2011-12-10,At-risk established,1631.15,2,0.7653562050264856,1,0.4,Priority 3 - Nurture,Automated email nurture or product reminder,38851.33209999985,1248.410773828952,1019,740,Priority 3 - Nurture,Low-cost relationship nurture for value protection,churn-logistic-1.0.0
16399,2011-12-10,Recent developing,640.02,3,0.7160826948570873,1,0.4,Priority 3 - Nurture,Automated email nurture or product reminder,38851.33209999985,458.30724636243303,1195,2250,Standard monitoring,Monitor customer value and churn risk; no paid intervention,churn-logistic-1.0.0
16400,2011-12-10,At-risk established,3159.44,9,0.5652510778935195,1,0.4,Standard monitoring,Normal low-cost engagement; no paid retention incentive,38851.33209999985,1785.8768655399012,1848,351,Priority 2 - Targeted,Personalized retention offer for a high-value account,churn-logistic-1.0.0
16401,2011-12-10,Champions,6628.72,22,0.0529946881833209,0,0.4,Standard monitoring,Normal low-cost engagement; no paid retention incentive,38851.33209999985,351.28694945454293,3265,2567,Standard monitoring,Monitor customer value and churn risk; no paid intervention,churn-logistic-1.0.0
16404,2011-12-10,Lapsed low-value,443.05,1,0.8231645497843191,1,0.4,Priority 2 - Targeted,Targeted retention message for the next-ranked 10%,38851.33209999985,364.7030537819426,544,2526,Standard monitoring,Monitor customer value and churn risk; no paid intervention,churn-logistic-1.0.0
16406,2011-12-10,Recent developing,552.68,3,0.8363707790956343,1,0.4,Priority 2 - Targeted,Targeted retention message for the next-ranked 10%,38851.33209999985,462.24540219057513,428,2239,Standard monitoring,Monitor customer value and churn risk; no paid intervention,churn-logistic-1.0.0
16407,2011-12-10,Champions,2821.65,14,0.2869915584518226,0,0.4,Standard monitoring,Normal low-cost engagement; no paid retention incentive,38851.33209999985,809.7897309055853,2741,1361,Priority 3 - Nurture,Low-cost relationship nurture for value protection,churn-logistic-1.0.0
16409,2011-12-10,Champions,5709.04,12,0.1857331036200444,0,0.4,Standard monitoring,Normal low-cost engagement; no paid retention incentive,38851.33209999985,1060.3577178909782,2985,954,Priority 3 - Nurture,Low-cost relationship nurture for value protection,churn-logistic-1.0.0
16411,2011-12-10,Recent developing,910.19,4,0.7041446178656818,1,0.4,Priority 3 - Nurture,Automated email nurture or product reminder,38851.33209999985,640.9053897351649,1246,1762,Standard monitoring,Monitor customer value and churn risk; no paid intervention,churn-logistic-1.0.0
16412,2011-12-10,Recent developing,647.23,5,0.7268688319893781,1,0.4,Priority 3 - Nurture,Automated email nurture or product reminder,38851.33209999985,470.4513141284852,1160,2211,Standard monitoring,Monitor customer value and churn risk; no paid intervention,churn-logistic-1.0.0
16413,2011-12-10,Recent developing,528.98,2,0.8456971669893179,1,0.4,Priority 2 - Targeted,Targeted retention message for the next-ranked 10%,38851.33209999985,447.3568873940094,360,2296,Standard monitoring,Monitor customer value and churn risk; no paid intervention,churn-logistic-1.0.0
16414,2011-12-10,Recent developing,559.71,5,0.6405307470128996,1,0.4,Priority 3 - Nurture,Automated email nurture or product reminder,38851.33209999985,358.51146441059007,1489,2545,Standard monitoring,Monitor customer value and churn risk; no paid intervention,churn-logistic-1.0.0
16415,2011-12-10,Recent developing,719.44,3,0.912480633355304,1,0.4,Priority 1 - Immediate,Personalized outreach for the highest-ranked 10%; use segment and value,38851.33209999985,656.47506686114,67,1721,Priority 3 - Nurture,Low-cost relationship nurture for value protection,churn-logistic-1.0.0
16416,2011-12-10,Champions,2952.88,9,0.3328196698709862,0,0.4,Standard monitoring,Normal low-cost engagement; no paid retention incentive,38851.33209999985,982.7765467686378,2610,1058,Priority 3 - Nurture,Low-cost relationship nurture for value protection,churn-logistic-1.0.0
16418,2011-12-10,At-risk established,1101.94,5,0.5741789340017327,1,0.4,Standard monitoring,Normal low-cost engagement; no paid retention incentive,38851.33209999985,632.7107345338694,1809,1775,Standard monitoring,Monitor customer value and churn risk; no paid intervention,churn-logistic-1.0.0
16419,2011-12-10,At-risk established,1474.67,8,0.6258010096393803,1,0.4,Priority 3 - Nurture,Automated email nurture or product reminder,38851.33209999985,922.849974884905,1575,1171,Priority 3 - Nurture,Low-cost relationship nurture for value protection,churn-logistic-1.0.0
16422,2011-12-10,Exceptional high-value,61822.39,106,0.0001335037540575,0,0.4,Standard monitoring,Normal low-cost engagement; no paid retention incentive,38851.33209999985,5.186798685484634,3447,3443,Standard monitoring,Monitor customer value and churn risk; no paid intervention,churn-logistic-1.0.0
16423,2011-12-10,Recent developing,346.12,1,0.7953123854335765,1,0.4,Priority 3 - Nurture,Automated email nurture or product reminder,38851.33209999985,275.2735228462695,813,2819,Standard monitoring,Monitor customer value and churn risk; no paid intervention,churn-logistic-1.0.0
16426,2011-12-10,Champions,1908.25,10,0.1559053952747504,0,0.4,Standard monitoring,Normal low-cost engagement; no paid retention incentive,38851.33209999985,297.50647053304243,3060,2732,Standard monitoring,Monitor customer value and churn risk; no paid intervention,churn-logistic-1.0.0
16429,2011-12-10,Lapsed low-value,284.55,1,0.8551116816424288,1,0.4,Priority 1 - Immediate,Personalized outreach for the highest-ranked 10%; use segment and value,38851.33209999985,243.32202901135312,313,2919,Standard monitoring,Monitor customer value and churn risk; no paid intervention,churn-logistic-1.0.0
16430,2011-12-10,At-risk established,1102.94,6,0.729893361266191,1,0.4,Priority 3 - Nurture,Automated email nurture or product reminder,38851.33209999985,805.0285838749327,1151,1367,Priority 3 - Nurture,Low-cost relationship nurture for value protection,churn-logistic-1.0.0
16432,2011-12-10,Lapsed low-value,287.4,1,0.8289525122446223,1,0.4,Priority 2 - Targeted,Targeted retention message for the next-ranked 10%,38851.33209999985,238.24095201910444,489,2931,Standard monitoring,Monitor customer value and churn risk; no paid intervention,churn-logistic-1.0.0
16433,2011-12-10,Recent developing,384.52,2,0.8684392815576621,1,0.4,Priority 1 - Immediate,Personalized outreach for the highest-ranked 10%; use segment and value,38851.33209999985,333.93227254455223,210,2627,Standard monitoring,Monitor customer value and churn risk; no paid intervention,churn-logistic-1.0.0
16434,2011-12-10,Champions,2727.04,12,0.2033298598549345,0,0.4,Standard monitoring,Normal low-cost engagement; no paid retention incentive,38851.33209999985,554.4886610188006,2939,1976,Standard monitoring,Monitor customer value and churn risk; no paid intervention,churn-logistic-1.0.0
16438,2011-12-10,Recent developing,798.35,5,0.3272572624091792,0,0.4,Standard monitoring,Normal low-cost engagement; no paid retention incentive,38851.33209999985,261.26583544436824,2621,2863,Standard monitoring,Monitor customer value and churn risk; no paid intervention,churn-logistic-1.0.0
16440,2011-12-10,Champions,3856.97,6,0.2741001653012694,0,0.4,Standard monitoring,Normal low-cost engagement; no paid retention incentive,38851.33209999985,1057.196114562037,2765,961,Priority 3 - Nurture,Low-cost relationship nurture for value protection,churn-logistic-1.0.0
16441,2011-12-10,At-risk established,1028.48,5,0.7309260665502062,1,0.4,Priority 3 - Nurture,Automated email nurture or product reminder,38851.33209999985,751.742840925556,1148,1487,Priority 3 - Nurture,Low-cost relationship nurture for value protection,churn-logistic-1.0.0
16442,2011-12-10,Recent developing,899.47,5,0.5469488656498892,1,0.4,Standard monitoring,Normal low-cost engagement; no paid retention incentive,38851.33209999985,491.96409618610585,1928,2158,Standard monitoring,Monitor customer value and churn risk; no paid intervention,churn-logistic-1.0.0
16444,2011-12-10,Champions,3589.33,17,0.2923388221446792,0,0.4,Standard monitoring,Normal low-cost engagement; no paid retention incentive,38851.33209999985,1049.3005044885615,2727,971,Priority 3 - Nurture,Low-cost relationship nurture for value protection,churn-logistic-1.0.0
16445,2011-12-10,Recent developing,602.73,4,0.8416101881679564,1,0.4,Priority 2 - Targeted,Targeted retention message for the next-ranked 10%,38851.33209999985,507.2637087144724,388,2108,Standard monitoring,Monitor customer value and churn risk; no paid intervention,churn-logistic-1.0.0
16447,2011-12-10,At-risk established,775.14,3,0.9286454458681468,1,0.4,Priority 1 - Immediate,Personalized outreach for the highest-ranked 10%; use segment and value,38851.33209999985,719.8302309102353,35,1571,Priority 3 - Nurture,Low-cost relationship nurture for value protection,churn-logistic-1.0.0
16450,2011-12-10,At-risk established,1505.73,3,0.9259394248846938,1,0.4,Priority 1 - Immediate,Personalized outreach for the highest-ranked 10%; use segment and value,38851.33209999985,1394.2147702316302,41,596,Priority 2 - Targeted,Personalized retention offer for a high-value account,churn-logistic-1.0.0
16451,2011-12-10,At-risk established,1009.4,3,0.9026982238377926,1,0.4,Priority 1 - Immediate,Personalized outreach for the highest-ranked 10%; use segment and value,38851.33209999985,911.1835871418679,87,1188,Priority 3 - Nurture,Low-cost relationship nurture for value protection,churn-logistic-1.0.0
16454,2011-12-10,Exceptional high-value,7.45,2,0.9400703743262344,1,0.4,Priority 1 - Immediate,Personalized outreach for the highest-ranked 10%; use segment and value,38851.33209999985,7.003524288730446,20,3440,Standard monitoring,Monitor customer value and churn risk; no paid intervention,churn-logistic-1.0.0
16455,2011-12-10,Champions,4306.72,11,0.4220362281423281,1,0.4,Standard monitoring,Normal low-cost engagement; no paid retention incentive,38851.33209999985,1817.5918644651274,2336,335,Priority 1 - Immediate,Account-manager outreach; prioritize the highest exposed customer value,churn-logistic-1.0.0
16456,2011-12-10,Champions,6862.91,13,0.4101159643586513,1,0.4,Standard monitoring,Normal low-cost engagement; no paid retention incentive,38851.33209999985,2814.588952956631,2379,113,Priority 1 - Immediate,Account-manager outreach; prioritize the highest exposed customer value,churn-logistic-1.0.0
16458,2011-12-10,Champions,5715.34,30,0.0178598303080814,0,0.4,Standard monitoring,Normal low-cost engagement; no paid retention incentive,38851.33209999985,102.07500255298996,3357,3294,Standard monitoring,Monitor customer value and churn risk; no paid intervention,churn-logistic-1.0.0
16460,2011-12-10,Recent developing,814.72,3,0.5095377803945361,1,0.4,Standard monitoring,Normal low-cost engagement; no paid retention incentive,38851.33209999985,415.1306204430365,2051,2385,Standard monitoring,Monitor customer value and churn risk; no paid intervention,churn-logistic-1.0.0
16461,2011-12-10,At-risk established,1609.22,3,0.9014801143071628,1,0.4,Priority 1 - Immediate,Personalized outreach for the highest-ranked 10%; use segment and value,38851.33209999985,1450.6798295453725,90,555,Priority 2 - Targeted,Personalized retention offer for a high-value account,churn-logistic-1.0.0
16462,2011-12-10,Lapsed low-value,102.0,2,0.7682323037991406,1,0.4,Priority 3 - Nurture,Automated email nurture or product reminder,38851.33209999985,78.35969498751234,1008,3361,Standard monitoring,Monitor customer value and churn risk; no paid intervention,churn-logistic-1.0.0
16463,2011-12-10,Recent developing,1397.45,4,0.4907918124741144,1,0.4,Standard monitoring,Normal low-cost engagement; no paid retention incentive,38851.33209999985,685.8570183419512,2130,1651,Priority 3 - Nurture,Low-cost relationship nurture for value protection,churn-logistic-1.0.0
16464,2011-12-10,Recent developing,1314.68,3,0.4494856689307533,1,0.4,Standard monitoring,Normal low-cost engagement; no paid retention incentive,38851.33209999985,590.9298192298828,2250,1884,Standard monitoring,Monitor customer value and churn risk; no paid intervention,churn-logistic-1.0.0
16466,2011-12-10,Champions,3713.59,15,0.1810280360138774,0,0.4,Standard monitoring,Normal low-cost engagement; no paid retention incentive,38851.33209999985,672.263904260775,2997,1684,Priority 3 - Nurture,Low-cost relationship nurture for value protection,churn-logistic-1.0.0
16468,2011-12-10,Recent developing,787.52,3,0.902068301286484,1,0.4,Priority 1 - Immediate,Personalized outreach for the highest-ranked 10%; use segment and value,38851.33209999985,710.3968286291318,89,1587,Priority 3 - Nurture,Low-cost relationship nurture for value protection,churn-logistic-1.0.0
16469,2011-12-10,Recent developing,828.91,5,0.6107082204117933,1,0.4,Priority 3 - Nurture,Automated email nurture or product reminder,38851.33209999985,506.2221509815396,1648,2112,Standard monitoring,Monitor customer value and churn risk; no paid intervention,churn-logistic-1.0.0
16470,2011-12-10,Champions,2453.65,11,0.319816772323915,0,0.4,Standard monitoring,Normal low-cost engagement; no paid retention incentive,38851.33209999985,784.718423412574,2642,1402,Priority 3 - Nurture,Low-cost relationship nurture for value protection,churn-logistic-1.0.0
16473,2011-12-10,At-risk established,469.58,4,0.7718605299559317,1,0.4,Priority 3 - Nurture,Automated email nurture or product reminder,38851.33209999985,362.4502676567064,989,2537,Standard monitoring,Monitor customer value and churn risk; no paid intervention,churn-logistic-1.0.0
16474,2011-12-10,Champions,1811.31,7,0.1500648808325363,0,0.4,Standard monitoring,Normal low-cost engagement; no paid retention incentive,38851.33209999985,271.8140193007813,3078,2831,Standard monitoring,Monitor customer value and churn risk; no paid intervention,churn-logistic-1.0.0
16475,2011-12-10,At-risk established,544.3,4,0.6421013219358075,1,0.4,Priority 3 - Nurture,Automated email nurture or product reminder,38851.33209999985,349.49574952966,1484,2574,Standard monitoring,Monitor customer value and churn risk; no paid intervention,churn-logistic-1.0.0
16477,2011-12-10,Champions,4320.02,11,0.3942830255895554,0,0.4,Standard monitoring,Normal low-cost engagement; no paid retention incentive,38851.33209999985,1703.3105562073913,2435,379,Priority 2 - Targeted,Personalized retention offer for a high-value account,churn-logistic-1.0.0
16478,2011-12-10,Recent developing,331.0,3,0.5625196936353783,1,0.4,Standard monitoring,Normal low-cost engagement; no paid retention incentive,38851.33209999985,186.19401859331023,1860,3057,Standard monitoring,Monitor customer value and churn risk; no paid intervention,churn-logistic-1.0.0
16479,2011-12-10,Recent developing,300.83,2,0.8115598240493092,1,0.4,Priority 2 - Targeted,Targeted retention message for the next-ranked 10%,38851.33209999985,244.14154186875365,630,2912,Standard monitoring,Monitor customer value and churn risk; no paid intervention,churn-logistic-1.0.0
16480,2011-12-10,Recent developing,769.29,1,0.81014925370991,1,0.4,Priority 2 - Targeted,Targeted retention message for the next-ranked 10%,38851.33209999985,623.2397193864966,647,1801,Standard monitoring,Monitor customer value and churn risk; no paid intervention,churn-logistic-1.0.0
16482,2011-12-10,Recent developing,220.62,1,0.7952162354189998,1,0.4,Priority 3 - Nurture,Automated email nurture or product reminder,38851.33209999985,175.44060585813975,816,3088,Standard monitoring,Monitor customer value and churn risk; no paid intervention,churn-logistic-1.0.0
16484,2011-12-10,Lapsed low-value,379.4,2,0.7627622602642629,1,0.4,Priority 3 - Nurture,Automated email nurture or product reminder,38851.33209999985,289.3920015442613,1037,2767,Standard monitoring,Monitor customer value and churn risk; no paid intervention,churn-logistic-1.0.0
16485,2011-12-10,At-risk established,2176.18,5,0.7036992575105245,1,0.4,Priority 3 - Nurture,Automated email nurture or product reminder,38851.33209999985,1531.3762502092532,1247,496,Priority 2 - Targeted,Personalized retention offer for a high-value account,churn-logistic-1.0.0
16488,2011-12-10,Recent developing,492.2,3,0.5997103840406098,1,0.4,Priority 3 - Nurture,Automated email nurture or product reminder,38851.33209999985,295.1774510247881,1702,2742,Standard monitoring,Monitor customer value and churn risk; no paid intervention,churn-logistic-1.0.0
16491,2011-12-10,Recent developing,1524.31,2,0.8441059892229356,1,0.4,Priority 2 - Targeted,Targeted retention message for the next-ranked 10%,38851.33209999985,1286.679200432413,374,699,Priority 3 - Nurture,Low-cost relationship nurture for value protection,churn-logistic-1.0.0
16493,2011-12-10,At-risk established,2110.12,7,0.497933239381249,1,0.4,Standard monitoring,Normal low-cost engagement; no paid retention incentive,38851.33209999985,1050.698887083161,2110,969,Priority 3 - Nurture,Low-cost relationship nurture for value protection,churn-logistic-1.0.0
16495,2011-12-10,Recent developing,684.41,3,0.7914358624422219,1,0.4,Priority 3 - Nurture,Automated email nurture or product reminder,38851.33209999985,541.666618614081,859,2006,Standard monitoring,Monitor customer value and churn risk; no paid intervention,churn-logistic-1.0.0
16496,2011-12-10,Champions,2293.47,6,0.5793537555625,1,0.4,Standard monitoring,Normal low-cost engagement; no paid retention incentive,38851.33209999985,1328.7304577699267,1789,656,Priority 2 - Targeted,Personalized retention offer for a high-value account,churn-logistic-1.0.0
16497,2011-12-10,Champions,6695.28,23,0.3055098165757567,0,0.4,Standard monitoring,Normal low-cost engagement; no paid retention incentive,38851.33209999985,2045.4737647233324,2691,255,Priority 1 - Immediate,Account-manager outreach; prioritize the highest exposed customer value,churn-logistic-1.0.0
16498,2011-12-10,Lapsed low-value,86.12,2,0.7303515244738334,1,0.4,Priority 3 - Nurture,Automated email nurture or product reminder,38851.33209999985,62.89787328768654,1150,3381,Standard monitoring,Monitor customer value and churn risk; no paid intervention,churn-logistic-1.0.0
16500,2011-12-10,Recent developing,835.96,9,0.3570594820469223,0,0.4,Standard monitoring,Normal low-cost engagement; no paid retention incentive,38851.33209999985,298.48744461194514,2551,2729,Standard monitoring,Monitor customer value and churn risk; no paid intervention,churn-logistic-1.0.0
16503,2011-12-10,At-risk established,3597.89,11,0.5481945888473727,1,0.4,Standard monitoring,Normal low-cost engagement; no paid retention incentive,38851.33209999985,1972.3438292680737,1922,278,Priority 1 - Immediate,Account-manager outreach; prioritize the highest exposed customer value,churn-logistic-1.0.0
16504,2011-12-10,Recent developing,484.38,1,0.7747203031265597,1,0.4,Priority 3 - Nurture,Automated email nurture or product reminder,38851.33209999985,375.25902042844297,964,2496,Standard monitoring,Monitor customer value and churn risk; no paid intervention,churn-logistic-1.0.0
16505,2011-12-10,Recent developing,777.6,1,0.7894172405257222,1,0.4,Priority 3 - Nurture,Automated email nurture or product reminder,38851.33209999985,613.8508462328016,876,1821,Standard monitoring,Monitor customer value and churn risk; no paid intervention,churn-logistic-1.0.0
16506,2011-12-10,Recent developing,90.3,2,0.5925916839875842,1,0.4,Priority 3 - Nurture,Automated email nurture or product reminder,38851.33209999985,53.511029064078855,1724,3396,Standard monitoring,Monitor customer value and churn risk; no paid intervention,churn-logistic-1.0.0
16511,2011-12-10,Recent developing,1817.02,6,0.435458131234068,1,0.4,Standard monitoring,Normal low-cost engagement; no paid retention incentive,38851.33209999985,791.2361336149263,2295,1393,Priority 3 - Nurture,Low-cost relationship nurture for value protection,churn-logistic-1.0.0
16513,2011-12-10,Recent developing,874.59,4,0.3943238619843511,0,0.4,Standard monitoring,Normal low-cost engagement; no paid retention incentive,38851.33209999985,344.87170645289365,2434,2589,Standard monitoring,Monitor customer value and churn risk; no paid intervention,churn-logistic-1.0.0
16515,2011-12-10,Champions,3216.3,10,0.3586507069692551,0,0.4,Standard monitoring,Normal low-cost engagement; no paid retention incentive,38851.33209999985,1153.5282688252153,2548,835,Priority 3 - Nurture,Low-cost relationship nurture for value protection,churn-logistic-1.0.0
16516,2011-12-10,Recent developing,101.7,1,0.8092599574702084,1,0.4,Priority 2 - Targeted,Targeted retention message for the next-ranked 10%,38851.33209999985,82.3017376747202,660,3351,Standard monitoring,Monitor customer value and churn risk; no paid intervention,churn-logistic-1.0.0
16518,2011-12-10,At-risk established,938.27,4,0.6955107805318487,1,0.4,Priority 3 - Nurture,Automated email nurture or product reminder,38851.33209999985,652.5769000496176,1279,1733,Standard monitoring,Monitor customer value and churn risk; no paid intervention,churn-logistic-1.0.0
16519,2011-12-10,Recent developing,554.16,4,0.7327938370731627,1,0.4,Priority 3 - Nurture,Automated email nurture or product reminder,38851.33209999985,406.0850327524638,1140,2411,Standard monitoring,Monitor customer value and churn risk; no paid intervention,churn-logistic-1.0.0
16523,2011-12-10,Champions,11762.19,28,0.0105132262161659,0,0.4,Standard monitoring,Normal low-cost engagement; no paid retention incentive,38851.33209999985,123.6585642675244,3390,3238,Standard monitoring,Monitor customer value and churn risk; no paid intervention,churn-logistic-1.0.0
16525,2011-12-10,Champions,23366.47,48,0.011832028608197,0,0.4,Standard monitoring,Normal low-cost engagement; no paid retention incentive,38851.33209999985,276.47274151257693,3383,2813,Standard monitoring,Monitor customer value and churn risk; no paid intervention,churn-logistic-1.0.0
16526,2011-12-10,At-risk established,717.21,2,0.9276580992050576,1,0.4,Priority 1 - Immediate,Personalized outreach for the highest-ranked 10%; use segment and value,38851.33209999985,665.3256653308594,36,1697,Priority 3 - Nurture,Low-cost relationship nurture for value protection,churn-logistic-1.0.0
16527,2011-12-10,At-risk established,1272.44,2,0.8642423532488149,1,0.4,Priority 1 - Immediate,Personalized outreach for the highest-ranked 10%; use segment and value,38851.33209999985,1099.696539967922,239,910,Priority 3 - Nurture,Low-cost relationship nurture for value protection,churn-logistic-1.0.0
16528,2011-12-10,Recent developing,244.41,1,0.7881093085705024,1,0.4,Priority 3 - Nurture,Automated email nurture or product reminder,38851.33209999985,192.6217961077165,889,3044,Standard monitoring,Monitor customer value and churn risk; no paid intervention,churn-logistic-1.0.0
16531,2011-12-10,Champions,2263.58,11,0.2625783558575814,0,0.4,Standard monitoring,Normal low-cost engagement; no paid retention incentive,38851.33209999985,594.367114752104,2791,1872,Standard monitoring,Monitor customer value and churn risk; no paid intervention,churn-logistic-1.0.0
16532,2011-12-10,Champions,8756.64,5,0.4758216564095311,1,0.4,Standard monitoring,Normal low-cost engagement; no paid retention incentive,38851.33209999985,4166.598949381956,2173,38,Priority 1 - Immediate,Account-manager outreach; prioritize the highest exposed customer value,churn-logistic-1.0.0
16533,2011-12-10,Recent developing,1026.94,3,0.4626021254684584,1,0.4,Standard monitoring,Normal low-cost engagement; no paid retention incentive,38851.33209999985,475.06462672857873,2212,2202,Standard monitoring,Monitor customer value and churn risk; no paid intervention,churn-logistic-1.0.0
16535,2011-12-10,Recent developing,981.59,2,0.8448954631251605,1,0.4,Priority 2 - Targeted,Targeted retention message for the next-ranked 10%,38851.33209999985,829.3409376490263,370,1325,Priority 3 - Nurture,Low-cost relationship nurture for value protection,churn-logistic-1.0.0
16536,2011-12-10,Lapsed low-value,539.02,1,0.8392659666679161,1,0.4,Priority 2 - Targeted,Targeted retention message for the next-ranked 10%,38851.33209999985,452.3811413533401,407,2276,Standard monitoring,Monitor customer value and churn risk; no paid intervention,churn-logistic-1.0.0
16539,2011-12-10,Champions,3732.01,10,0.4860537804525373,1,0.4,Standard monitoring,Normal low-cost engagement; no paid retention incentive,38851.33209999985,1813.9575691866737,2143,337,Priority 1 - Immediate,Account-manager outreach; prioritize the highest exposed customer value,churn-logistic-1.0.0
16542,2011-12-10,Recent developing,257.32,2,0.8696737320132893,1,0.4,Priority 1 - Immediate,Personalized outreach for the highest-ranked 10%; use segment and value,38851.33209999985,223.7844447216596,200,2966,Standard monitoring,Monitor customer value and churn risk; no paid intervention,churn-logistic-1.0.0
16545,2011-12-10,Lapsed low-value,689.82,2,0.8633008508540544,1,0.4,Priority 1 - Immediate,Personalized outreach for the highest-ranked 10%; use segment and value,38851.33209999985,595.5221929361438,246,1871,Standard monitoring,Monitor customer value and churn risk; no paid intervention,churn-logistic-1.0.0
16549,2011-12-10,Champions,13169.84,34,0.0118630435034604,0,0.4,Standard monitoring,Normal low-cost engagement; no paid retention incentive,38851.33209999985,156.2343848536129,3382,3142,Standard monitoring,Monitor customer value and churn risk; no paid intervention,churn-logistic-1.0.0
16550,2011-12-10,Champions,9168.16,18,0.3030186071055415,0,0.4,Standard monitoring,Normal low-cost engagement; no paid retention incentive,38851.33209999985,2778.1230729207414,2698,117,Priority 1 - Immediate,Account-manager outreach; prioritize the highest exposed customer value,churn-logistic-1.0.0
16551,2011-12-10,At-risk established,2237.12,7,0.5751463993300164,1,0.4,Standard monitoring,Normal low-cost engagement; no paid retention incentive,38851.33209999985,1286.6715128691662,1805,700,Priority 3 - Nurture,Low-cost relationship nurture for value protection,churn-logistic-1.0.0
16553,2011-12-10,Exceptional high-value,16556.87,33,0.5005429040092686,1,0.4,Standard monitoring,Normal low-cost engagement; no paid retention incentive,38851.33209999985,8287.423791103938,2100,3,Priority 1 - Immediate,Account-manager outreach; prioritize the highest exposed customer value,churn-logistic-1.0.0
16554,2011-12-10,Champions,2408.87,8,0.472899782699104,1,0.4,Standard monitoring,Normal low-cost engagement; no paid retention incentive,38851.33209999985,1139.1540995503906,2182,858,Priority 3 - Nurture,Low-cost relationship nurture for value protection,churn-logistic-1.0.0
16555,2011-12-10,Recent developing,285.89,2,0.6508057304562048,1,0.4,Priority 3 - Nurture,Automated email nurture or product reminder,38851.33209999985,186.05885028012437,1442,3059,Standard monitoring,Monitor customer value and churn risk; no paid intervention,churn-logistic-1.0.0
16556,2011-12-10,Champions,7659.78,17,0.216890682572534,0,0.4,Standard monitoring,Normal low-cost engagement; no paid retention incentive,38851.33209999985,1661.3349125554444,2904,398,Priority 2 - Targeted,Personalized retention offer for a high-value account,churn-logistic-1.0.0
16557,2011-12-10,Recent developing,281.85,2,0.6747908254185806,1,0.4,Priority 3 - Nurture,Automated email nurture or product reminder,38851.33209999985,190.18979414422697,1345,3051,Standard monitoring,Monitor customer value and churn risk; no paid intervention,churn-logistic-1.0.0
16558,2011-12-10,Champions,13715.52,38,0.008248287539324,0,0.4,Standard monitoring,Normal low-cost engagement; no paid retention incentive,38851.33209999985,113.12955271134912,3396,3267,Standard monitoring,Monitor customer value and churn risk; no paid intervention,churn-logistic-1.0.0
16560,2011-12-10,Champions,3010.73,8,0.5182386965807952,1,0.4,Standard monitoring,Normal low-cost engagement; no paid retention incentive,38851.33209999985,1560.2767909566976,2018,465,Priority 2 - Targeted,Personalized retention offer for a high-value account,churn-logistic-1.0.0
16561,2011-12-10,Recent developing,511.12,2,0.5874940616849142,1,0.4,Standard monitoring,Normal low-cost engagement; no paid retention incentive,38851.33209999985,300.2799648083934,1747,2724,Standard monitoring,Monitor customer value and churn risk; no paid intervention,churn-logistic-1.0.0
16563,2011-12-10,At-risk established,4412.56,6,0.6129039854070831,1,0.4,Priority 3 - Nurture,Automated email nurture or product reminder,38851.33209999985,2704.475609847879,1640,123,Priority 1 - Immediate,Account-manager outreach; prioritize the highest exposed customer value,churn-logistic-1.0.0
16566,2011-12-10,Recent developing,614.01,5,0.5001886297321543,1,0.4,Standard monitoring,Normal low-cost engagement; no paid retention incentive,38851.33209999985,307.12082054184003,2102,2702,Standard monitoring,Monitor customer value and churn risk; no paid intervention,churn-logistic-1.0.0
16569,2011-12-10,Recent developing,1455.23,5,0.7731668122457328,1,0.4,Priority 3 - Nurture,Automated email nurture or product reminder,38851.33209999985,1125.1355401843578,978,873,Priority 3 - Nurture,Low-cost relationship nurture for value protection,churn-logistic-1.0.0
16570,2011-12-10,Champions,6917.83,20,0.1054222631487264,0,0.4,Standard monitoring,Normal low-cost engagement; no paid retention incentive,38851.33209999985,729.2932946781539,3159,1540,Priority 3 - Nurture,Low-cost relationship nurture for value protection,churn-logistic-1.0.0
16571,2011-12-10,Champions,4025.05,10,0.3165626841222871,0,0.4,Standard monitoring,Normal low-cost engagement; no paid retention incentive,38851.33209999985,1274.1806317264118,2649,717,Priority 3 - Nurture,Low-cost relationship nurture for value protection,churn-logistic-1.0.0
16572,2011-12-10,At-risk established,999.7,3,0.7568174751586734,1,0.4,Priority 3 - Nurture,Automated email nurture or product reminder,38851.33209999985,756.5904299161258,1061,1479,Priority 3 - Nurture,Low-cost relationship nurture for value protection,churn-logistic-1.0.0
16573,2011-12-10,Recent developing,648.41,2,0.8094632687824069,1,0.4,Priority 2 - Targeted,Targeted retention message for the next-ranked 10%,38851.33209999985,524.8640781112005,658,2052,Standard monitoring,Monitor customer value and churn risk; no paid intervention,churn-logistic-1.0.0
16574,2011-12-10,At-risk established,1301.78,3,0.8219978576625245,1,0.4,Priority 2 - Targeted,Targeted retention message for the next-ranked 10%,38851.33209999985,1070.0603711479212,552,941,Priority 3 - Nurture,Low-cost relationship nurture for value protection,churn-logistic-1.0.0
16582,2011-12-10,Lapsed low-value,313.62,1,0.8567907968273981,1,0.4,Priority 1 - Immediate,Personalized outreach for the highest-ranked 10%; use segment and value,38851.33209999985,268.7067297010086,298,2844,Standard monitoring,Monitor customer value and churn risk; no paid intervention,churn-logistic-1.0.0
16584,2011-12-10,At-risk established,3085.4700000000003,5,0.6856612639851903,1,0.4,Priority 3 - Nurture,Automated email nurture or product reminder,38851.33209999985,2115.5872601883852,1313,236,Priority 1 - Immediate,Account-manager outreach; prioritize the highest exposed customer value,churn-logistic-1.0.0
16589,2011-12-10,Recent developing,612.36,4,0.6442234334718143,1,0.4,Priority 3 - Nurture,Automated email nurture or product reminder,38851.33209999985,394.4966617208002,1476,2449,Standard monitoring,Monitor customer value and churn risk; no paid intervention,churn-logistic-1.0.0
16591,2011-12-10,Lapsed low-value,213.5,1,0.8312402060727807,1,0.4,Priority 2 - Targeted,Targeted retention message for the next-ranked 10%,38851.33209999985,177.4697839965387,466,3081,Standard monitoring,Monitor customer value and churn risk; no paid intervention,churn-logistic-1.0.0
16592,2011-12-10,Champions,7624.46,28,0.0785726312971218,0,0.4,Standard monitoring,Normal low-cost engagement; no paid retention incentive,38851.33209999985,599.0738844196533,3208,1862,Standard monitoring,Monitor customer value and churn risk; no paid intervention,churn-logistic-1.0.0
16593,2011-12-10,At-risk established,1051.24,8,0.5578375259515017,1,0.4,Standard monitoring,Normal low-cost engagement; no paid retention incentive,38851.33209999985,586.4211207812567,1881,1902,Standard monitoring,Monitor customer value and churn risk; no paid intervention,churn-logistic-1.0.0
16594,2011-12-10,Lapsed low-value,181.09,1,0.8244008079204933,1,0.4,Priority 2 - Targeted,Targeted retention message for the next-ranked 10%,38851.33209999985,149.29074230632213,530,3161,Standard monitoring,Monitor customer value and churn risk; no paid intervention,churn-logistic-1.0.0
16595,2011-12-10,At-risk established,1810.18,5,0.6299725171516484,1,0.4,Priority 3 - Nurture,Automated email nurture or product reminder,38851.33209999985,1140.363651097571,1550,854,Priority 3 - Nurture,Low-cost relationship nurture for value protection,churn-logistic-1.0.0
16596,2011-12-10,Recent developing,579.63,4,0.8555990926194627,1,0.4,Priority 1 - Immediate,Personalized outreach for the highest-ranked 10%; use segment and value,38851.33209999985,495.93090205501915,306,2149,Standard monitoring,Monitor customer value and churn risk; no paid intervention,churn-logistic-1.0.0
16597,2011-12-10,Recent developing,90.04,1,0.7966435993793387,1,0.4,Priority 3 - Nurture,Automated email nurture or product reminder,38851.33209999985,71.72978968811566,800,3371,Standard monitoring,Monitor customer value and churn risk; no paid intervention,churn-logistic-1.0.0
16600,2011-12-10,Champions,2093.56,13,0.2144794863804913,0,0.4,Standard monitoring,Normal low-cost engagement; no paid retention incentive,38851.33209999985,449.0256735067414,2911,2290,Standard monitoring,Monitor customer value and churn risk; no paid intervention,churn-logistic-1.0.0
16601,2011-12-10,Recent developing,683.08,3,0.809527667465647,1,0.4,Priority 2 - Targeted,Targeted retention message for the next-ranked 10%,38851.33209999985,552.9721590924341,655,1977,Standard monitoring,Monitor customer value and churn risk; no paid intervention,churn-logistic-1.0.0
16602,2011-12-10,Recent developing,716.93,2,0.8490145796503458,1,0.4,Priority 1 - Immediate,Personalized outreach for the highest-ranked 10%; use segment and value,38851.33209999985,608.6840225887223,346,1842,Standard monitoring,Monitor customer value and churn risk; no paid intervention,churn-logistic-1.0.0
16603,2011-12-10,Recent developing,482.47,2,0.6343739297006481,1,0.4,Priority 3 - Nurture,Automated email nurture or product reminder,38851.33209999985,306.0663898626717,1529,2708,Standard monitoring,Monitor customer value and churn risk; no paid intervention,churn-logistic-1.0.0
16607,2011-12-10,Champions,5375.18,24,0.0731731114264678,0,0.4,Standard monitoring,Normal low-cost engagement; no paid retention incentive,38851.33209999985,393.3186450773212,3219,2453,Standard monitoring,Monitor customer value and churn risk; no paid intervention,churn-logistic-1.0.0
16609,2011-12-10,Champions,5450.96,7,0.2888924445164537,0,0.4,Standard monitoring,Normal low-cost engagement; no paid retention incentive,38851.33209999985,1574.7411593614083,2736,453,Priority 2 - Targeted,Personalized retention offer for a high-value account,churn-logistic-1.0.0
16612,2011-12-10,Champions,3243.48,9,0.3850824297765063,0,0.4,Standard monitoring,Normal low-cost engagement; no paid retention incentive,38851.33209999985,1249.0071593315026,2472,739,Priority 3 - Nurture,Low-cost relationship nurture for value protection,churn-logistic-1.0.0
16613,2011-12-10,Recent developing,618.59,1,0.8170516120581072,1,0.4,Priority 2 - Targeted,Targeted retention message for the next-ranked 10%,38851.33209999985,505.4199567030245,587,2114,Standard monitoring,Monitor customer value and churn risk; no paid intervention,churn-logistic-1.0.0
16616,2011-12-10,Recent developing,500.42,2,0.6788199623664686,1,0.4,Priority 3 - Nurture,Automated email nurture or product reminder,38851.33209999985,339.69508556742824,1338,2611,Standard monitoring,Monitor customer value and churn risk; no paid intervention,churn-logistic-1.0.0
16618,2011-12-10,At-risk established,2630.64,5,0.6379132887543256,1,0.4,Priority 3 - Nurture,Automated email nurture or product reminder,38851.33209999985,1678.120213928679,1512,390,Priority 2 - Targeted,Personalized retention offer for a high-value account,churn-logistic-1.0.0
16620,2011-12-10,Champions,1758.93,6,0.5614986116176541,1,0.4,Standard monitoring,Normal low-cost engagement; no paid retention incentive,38851.33209999985,987.6367529326404,1863,1052,Priority 3 - Nurture,Low-cost relationship nurture for value protection,churn-logistic-1.0.0
16621,2011-12-10,Recent developing,813.48,4,0.6068407867728197,1,0.4,Priority 3 - Nurture,Automated email nurture or product reminder,38851.33209999985,493.65284322395337,1668,2155,Standard monitoring,Monitor customer value and churn risk; no paid intervention,churn-logistic-1.0.0
16624,2011-12-10,Recent developing,810.5699999999999,2,0.7519387623981436,1,0.4,Priority 3 - Nurture,Automated email nurture or product reminder,38851.33209999985,609.4990026370632,1076,1838,Standard monitoring,Monitor customer value and churn risk; no paid intervention,churn-logistic-1.0.0
16626,2011-12-10,Champions,4379.65,17,0.0108120945877356,0,0.4,Standard monitoring,Normal low-cost engagement; no paid retention incentive,38851.33209999985,47.353190061176214,3388,3400,Standard monitoring,Monitor customer value and churn risk; no paid intervention,churn-logistic-1.0.0
16627,2011-12-10,Lapsed low-value,322.8,1,0.8311108687466295,1,0.4,Priority 2 - Targeted,Targeted retention message for the next-ranked 10%,38851.33209999985,268.282588431412,468,2845,Standard monitoring,Monitor customer value and churn risk; no paid intervention,churn-logistic-1.0.0
16628,2011-12-10,Champions,2313.35,7,0.4400146609271847,1,0.4,Standard monitoring,Normal low-cost engagement; no paid retention incentive,38851.33209999985,1017.9079158559027,2283,1009,Priority 3 - Nurture,Low-cost relationship nurture for value protection,churn-logistic-1.0.0
16629,2011-12-10,Recent developing,417.73,2,0.6304322807688033,1,0.4,Priority 3 - Nurture,Automated email nurture or product reminder,38851.33209999985,263.3504766455522,1547,2858,Standard monitoring,Monitor customer value and churn risk; no paid intervention,churn-logistic-1.0.0
16633,2011-12-10,Champions,2878.15,6,0.2958145646675768,0,0.4,Standard monitoring,Normal low-cost engagement; no paid retention incentive,38851.33209999985,851.3986892979862,2715,1282,Priority 3 - Nurture,Low-cost relationship nurture for value protection,churn-logistic-1.0.0
16637,2011-12-10,Recent developing,1124.59,4,0.5007015286008311,1,0.4,Standard monitoring,Normal low-cost engagement; no paid retention incentive,38851.33209999985,563.0839320492086,2099,1946,Standard monitoring,Monitor customer value and churn risk; no paid intervention,churn-logistic-1.0.0
16638,2011-12-10,Champions,2426.28,15,0.3126401392520544,0,0.4,Standard monitoring,Normal low-cost engagement; no paid retention incentive,38851.33209999985,758.5525170644746,2665,1471,Priority 3 - Nurture,Low-cost relationship nurture for value protection,churn-logistic-1.0.0
16639,2011-12-10,Recent developing,1659.85,4,0.7321615458090467,1,0.4,Priority 3 - Nurture,Automated email nurture or product reminder,38851.33209999985,1215.278341811146,1142,768,Priority 3 - Nurture,Low-cost relationship nurture for value protection,churn-logistic-1.0.0
16641,2011-12-10,Lapsed low-value,554.5,2,0.9532341904089534,1,0.4,Priority 1 - Immediate,Personalized outreach for the highest-ranked 10%; use segment and value,38851.33209999985,528.5683585817646,6,2046,Standard monitoring,Monitor customer value and churn risk; no paid intervention,churn-logistic-1.0.0
16642,2011-12-10,Recent developing,1051.46,3,0.6932684541762619,1,0.4,Priority 3 - Nurture,Automated email nurture or product reminder,38851.33209999985,728.9440488281724,1285,1543,Priority 3 - Nurture,Low-cost relationship nurture for value protection,churn-logistic-1.0.0
16644,2011-12-10,At-risk established,833.78,2,0.7575852468148445,1,0.4,Priority 3 - Nurture,Automated email nurture or product reminder,38851.33209999985,631.659427089281,1058,1783,Standard monitoring,Monitor customer value and churn risk; no paid intervention,churn-logistic-1.0.0
16647,2011-12-10,At-risk established,541.9,4,0.8008872943401238,1,0.4,Priority 3 - Nurture,Automated email nurture or product reminder,38851.33209999985,434.0008248029131,754,2333,Standard monitoring,Monitor customer value and churn risk; no paid intervention,churn-logistic-1.0.0
16648,2011-12-10,Recent developing,653.0,3,0.8686374426718678,1,0.4,Priority 1 - Immediate,Personalized outreach for the highest-ranked 10%; use segment and value,38851.33209999985,567.2202500647297,208,1938,Standard monitoring,Monitor customer value and churn risk; no paid intervention,churn-logistic-1.0.0
16650,2011-12-10,At-risk established,1916.11,7,0.7142921503746091,1,0.4,Priority 3 - Nurture,Automated email nurture or product reminder,38851.33209999985,1368.6623322542923,1207,625,Priority 2 - Targeted,Personalized retention offer for a high-value account,churn-logistic-1.0.0
16652,2011-12-10,Champions,17323.23,16,0.2972966465922392,0,0.4,Standard monitoring,Normal low-cost engagement; no paid retention incentive,38851.33209999985,5150.138187146075,2710,22,Priority 1 - Immediate,Account-manager outreach; prioritize the highest exposed customer value,churn-logistic-1.0.0
16653,2011-12-10,Recent developing,1166.92,2,0.5573857051009703,1,0.4,Standard monitoring,Normal low-cost engagement; no paid retention incentive,38851.33209999985,650.4245269964243,1883,1741,Standard monitoring,Monitor customer value and churn risk; no paid intervention,churn-logistic-1.0.0
16654,2011-12-10,At-risk established,1705.17,8,0.625751009827939,1,0.4,Priority 3 - Nurture,Automated email nurture or product reminder,38851.33209999985,1067.0118494283067,1576,942,Priority 3 - Nurture,Low-cost relationship nurture for value protection,churn-logistic-1.0.0
16655,2011-12-10,Champions,6548.37,13,0.1112838592619159,0,0.4,Standard monitoring,Normal low-cost engagement; no paid retention incentive,38851.33209999985,728.7278854749522,3144,1544,Priority 3 - Nurture,Low-cost relationship nurture for value protection,churn-logistic-1.0.0
16656,2011-12-10,Champions,16364.52,30,0.0441709579139783,0,0.4,Standard monitoring,Normal low-cost engagement; no paid retention incentive,38851.33209999985,722.8365242024562,3288,1561,Priority 3 - Nurture,Low-cost relationship nurture for value protection,churn-logistic-1.0.0
16657,2011-12-10,Recent developing,933.62,4,0.4851755935961489,1,0.4,Standard monitoring,Normal low-cost engagement; no paid retention incentive,38851.33209999985,452.96963769323656,2147,2273,Standard monitoring,Monitor customer value and churn risk; no paid intervention,churn-logistic-1.0.0
16660,2011-12-10,Recent developing,1422.35,6,0.6190469659204476,1,0.4,Priority 3 - Nurture,Automated email nurture or product reminder,38851.33209999985,880.5014519769486,1614,1245,Priority 3 - Nurture,Low-cost relationship nurture for value protection,churn-logistic-1.0.0
16666,2011-12-10,Recent developing,225.94,2,0.9347094341196162,1,0.4,Priority 1 - Immediate,Personalized outreach for the highest-ranked 10%; use segment and value,38851.33209999985,211.18824954498606,26,3001,Standard monitoring,Monitor customer value and churn risk; no paid intervention,churn-logistic-1.0.0
16667,2011-12-10,Recent developing,570.13,2,0.8070361346544659,1,0.4,Priority 2 - Targeted,Targeted retention message for the next-ranked 10%,38851.33209999985,460.1155114505506,685,2245,Standard monitoring,Monitor customer value and churn risk; no paid intervention,churn-logistic-1.0.0
16668,2011-12-10,Champions,862.42,13,0.3600717222429196,0,0.4,Standard monitoring,Normal low-cost engagement; no paid retention incentive,38851.33209999985,310.5330546967387,2545,2689,Standard monitoring,Monitor customer value and churn risk; no paid intervention,churn-logistic-1.0.0
16669,2011-12-10,Recent developing,1370.47,2,0.5482966746272387,1,0.4,Standard monitoring,Normal low-cost engagement; no paid retention incentive,38851.33209999985,751.4241436763919,1921,1488,Priority 3 - Nurture,Low-cost relationship nurture for value protection,churn-logistic-1.0.0
16670,2011-12-10,Champions,7833.860000000001,20,0.0874299354011477,0,0.4,Standard monitoring,Normal low-cost engagement; no paid retention incentive,38851.33209999985,684.9138737416349,3190,1654,Priority 3 - Nurture,Low-cost relationship nurture for value protection,churn-logistic-1.0.0
16671,2011-12-10,Recent developing,1692.27,3,0.5742576538148414,1,0.4,Standard monitoring,Normal low-cost engagement; no paid retention incentive,38851.33209999985,971.7989998212416,1807,1075,Priority 3 - Nurture,Low-cost relationship nurture for value protection,churn-logistic-1.0.0
16672,2011-12-10,Champions,8119.69,20,0.1371394344750486,0,0.4,Standard monitoring,Normal low-cost engagement; no paid retention incentive,38851.33209999985,1113.5296947127072,3098,889,Priority 3 - Nurture,Low-cost relationship nurture for value protection,churn-logistic-1.0.0
16674,2011-12-10,Recent developing,319.61,2,0.6068308658789355,1,0.4,Priority 3 - Nurture,Automated email nurture or product reminder,38851.33209999985,193.9492130435666,1669,3038,Standard monitoring,Monitor customer value and churn risk; no paid intervention,churn-logistic-1.0.0
16676,2011-12-10,At-risk established,2328.5,6,0.6004994775382207,1,0.4,Priority 3 - Nurture,Automated email nurture or product reminder,38851.33209999985,1398.263033447747,1698,591,Priority 2 - Targeted,Personalized retention offer for a high-value account,churn-logistic-1.0.0
16678,2011-12-10,Champions,3064.24,12,0.1346276414183703,0,0.4,Standard monitoring,Normal low-cost engagement; no paid retention incentive,38851.33209999985,412.531403939827,3108,2397,Standard monitoring,Monitor customer value and churn risk; no paid intervention,churn-logistic-1.0.0
16680,2011-12-10,Recent developing,821.45,3,0.9201262611558112,1,0.4,Priority 1 - Immediate,Personalized outreach for the highest-ranked 10%; use segment and value,38851.33209999985,755.8377172264411,55,1481,Priority 3 - Nurture,Low-cost relationship nurture for value protection,churn-logistic-1.0.0
16681,2011-12-10,At-risk established,1921.84,7,0.5244261051747892,1,0.4,Standard monitoring,Normal low-cost engagement; no paid retention incentive,38851.33209999985,1007.8630659691167,1999,1023,Priority 3 - Nurture,Low-cost relationship nurture for value protection,churn-logistic-1.0.0
16682,2011-12-10,Recent developing,1028.0,5,0.4265319350382482,1,0.4,Standard monitoring,Normal low-cost engagement; no paid retention incentive,38851.33209999985,438.47482921931913,2325,2316,Standard monitoring,Monitor customer value and churn risk; no paid intervention,churn-logistic-1.0.0
16684,2011-12-10,Exceptional high-value,141542.24,54,0.0013333716530469,0,0.4,Standard monitoring,Normal low-cost engagement; no paid retention incentive,38851.33209999985,51.803264905250884,3430,3399,Standard monitoring,Monitor customer value and churn risk; no paid intervention,churn-logistic-1.0.0
16685,2011-12-10,Recent developing,324.24,2,0.8264873406872781,1,0.4,Priority 2 - Targeted,Targeted retention message for the next-ranked 10%,38851.33209999985,267.9802553444431,517,2846,Standard monitoring,Monitor customer value and churn risk; no paid intervention,churn-logistic-1.0.0
16686,2011-12-10,Champions,5051.57,16,0.1534052378786269,0,0.4,Standard monitoring,Normal low-cost engagement; no paid retention incentive,38851.33209999985,774.9372975105352,3064,1432,Priority 3 - Nurture,Low-cost relationship nurture for value protection,churn-logistic-1.0.0
16688,2011-12-10,Recent developing,1260.86,4,0.3949285329861466,0,0.4,Standard monitoring,Normal low-cost engagement; no paid retention incentive,38851.33209999985,497.94959010091276,2432,2144,Standard monitoring,Monitor customer value and churn risk; no paid intervention,churn-logistic-1.0.0
16689,2011-12-10,Recent developing,355.1,2,0.6384859199080785,1,0.4,Priority 3 - Nurture,Automated email nurture or product reminder,38851.33209999985,226.72635015935867,1506,2961,Standard monitoring,Monitor customer value and churn risk; no paid intervention,churn-logistic-1.0.0
16690,2011-12-10,Recent developing,336.08,4,0.7482792374362288,1,0.4,Priority 3 - Nurture,Automated email nurture or product reminder,38851.33209999985,251.48168611756776,1088,2890,Standard monitoring,Monitor customer value and churn risk; no paid intervention,churn-logistic-1.0.0
16693,2011-12-10,At-risk established,1199.46,5,0.621148974891,1,0.4,Priority 3 - Nurture,Automated email nurture or product reminder,38851.33209999985,745.0433494227589,1604,1502,Priority 3 - Nurture,Low-cost relationship nurture for value protection,churn-logistic-1.0.0
16696,2011-12-10,At-risk established,657.9000000000001,4,0.7544138761473892,1,0.4,Priority 3 - Nurture,Automated email nurture or product reminder,38851.33209999985,496.3288891173674,1070,2148,Standard monitoring,Monitor customer value and churn risk; no paid intervention,churn-logistic-1.0.0
16700,2011-12-10,Champions,9091.81,25,0.0668549345016522,0,0.4,Standard monitoring,Normal low-cost engagement; no paid retention incentive,38851.33209999985,607.8323620514665,3232,1843,Standard monitoring,Monitor customer value and churn risk; no paid intervention,churn-logistic-1.0.0
16701,2011-12-10,Champions,9617.89,26,0.0706107550371715,0,0.4,Standard monitoring,Normal low-cost engagement; no paid retention incentive,38851.33209999985,679.1264747644614,3225,1667,Priority 3 - Nurture,Low-cost relationship nurture for value protection,churn-logistic-1.0.0
16705,2011-12-10,Champions,42662.731,42,0.0126579339789823,0,0.4,Standard monitoring,Normal low-cost engagement; no paid retention incentive,38851.33209999985,491.77759671731377,3378,2159,Standard monitoring,Monitor customer value and churn risk; no paid intervention,churn-logistic-1.0.0
16706,2011-12-10,Recent developing,531.35,3,0.5606817818080402,1,0.4,Standard monitoring,Normal low-cost engagement; no paid retention incentive,38851.33209999985,297.91826476370215,1867,2730,Standard monitoring,Monitor customer value and churn risk; no paid intervention,churn-logistic-1.0.0
16708,2011-12-10,Recent developing,656.63,1,0.7926800584235245,1,0.4,Priority 3 - Nurture,Automated email nurture or product reminder,38851.33209999985,520.4975067626389,848,2069,Standard monitoring,Monitor customer value and churn risk; no paid intervention,churn-logistic-1.0.0
16709,2011-12-10,Champions,9087.46,14,0.402122893433976,1,0.4,Standard monitoring,Normal low-cost engagement; no paid retention incentive,38851.33209999985,3654.2757091655194,2408,53,Priority 1 - Immediate,Account-manager outreach; prioritize the highest exposed customer value,churn-logistic-1.0.0
16710,2011-12-10,Champions,6336.34,22,0.1026822680049768,0,0.4,Standard monitoring,Normal low-cost engagement; no paid retention incentive,38851.33209999985,650.6297620506548,3169,1740,Standard monitoring,Monitor customer value and churn risk; no paid intervention,churn-logistic-1.0.0
16711,2011-12-10,Champions,2751.48,9,0.3338739850717245,0,0.4,Standard monitoring,Normal low-cost engagement; no paid retention incentive,38851.33209999985,918.6475924451486,2606,1177,Priority 3 - Nurture,Low-cost relationship nurture for value protection,churn-logistic-1.0.0
16712,2011-12-10,Champions,4259.34,13,0.184483524600478,0,0.4,Standard monitoring,Normal low-cost engagement; no paid retention incentive,38851.33209999985,785.7780556718001,2989,1400,Priority 3 - Nurture,Low-cost relationship nurture for value protection,churn-logistic-1.0.0
16713,2011-12-10,Champions,14380.54,32,0.0205208444656585,0,0.4,Standard monitoring,Normal low-cost engagement; no paid retention incentive,38851.33209999985,295.10082467218075,3345,2744,Standard monitoring,Monitor customer value and churn risk; no paid intervention,churn-logistic-1.0.0
16715,2011-12-10,Recent developing,625.52,2,0.9227149198581152,1,0.4,Priority 1 - Immediate,Personalized outreach for the highest-ranked 10%; use segment and value,38851.33209999985,577.1766366696481,48,1918,Standard monitoring,Monitor customer value and churn risk; no paid intervention,churn-logistic-1.0.0
16717,2011-12-10,Champions,6338.860000000001,14,0.1113916357379896,0,0.4,Standard monitoring,Normal low-cost engagement; no paid retention incentive,38851.33209999985,706.0959841141129,3142,1600,Priority 3 - Nurture,Low-cost relationship nurture for value protection,churn-logistic-1.0.0
16719,2011-12-10,Champions,3823.55,14,0.2031223314098887,0,0.4,Standard monitoring,Normal low-cost engagement; no paid retention incentive,38851.33209999985,776.6483902622799,2940,1429,Priority 3 - Nurture,Low-cost relationship nurture for value protection,churn-logistic-1.0.0
16720,2011-12-10,Recent developing,593.43,3,0.7489356179622474,1,0.4,Priority 3 - Nurture,Automated email nurture or product reminder,38851.33209999985,444.44086376733645,1086,2305,Standard monitoring,Monitor customer value and churn risk; no paid intervention,churn-logistic-1.0.0
16722,2011-12-10,Champions,8967.83,22,0.0793486496460832,0,0.4,Standard monitoring,Normal low-cost engagement; no paid retention incentive,38851.33209999985,711.5852007556342,3206,1586,Priority 3 - Nurture,Low-cost relationship nurture for value protection,churn-logistic-1.0.0
16723,2011-12-10,At-risk established,1301.63,4,0.8286113804555865,1,0.4,Priority 2 - Targeted,Targeted retention message for the next-ranked 10%,38851.33209999985,1078.545431142405,492,930,Priority 3 - Nurture,Low-cost relationship nurture for value protection,churn-logistic-1.0.0
16726,2011-12-10,Champions,2088.41,7,0.5727468250439512,1,0.4,Standard monitoring,Normal low-cost engagement; no paid retention incentive,38851.33209999985,1196.1301968900382,1818,789,Priority 3 - Nurture,Low-cost relationship nurture for value protection,churn-logistic-1.0.0
16728,2011-12-10,Recent developing,1054.67,4,0.5467782240238114,1,0.4,Standard monitoring,Normal low-cost engagement; no paid retention incentive,38851.33209999985,576.6705895311932,1929,1920,Standard monitoring,Monitor customer value and churn risk; no paid intervention,churn-logistic-1.0.0
16729,2011-12-10,Champions,7205.0,21,0.0754343934976485,0,0.4,Standard monitoring,Normal low-cost engagement; no paid retention incentive,38851.33209999985,543.5048051505574,3214,1998,Standard monitoring,Monitor customer value and churn risk; no paid intervention,churn-logistic-1.0.0
16730,2011-12-10,Recent developing,702.79,3,0.7408504929413052,1,0.4,Priority 3 - Nurture,Automated email nurture or product reminder,38851.33209999985,520.6623179342199,1110,2068,Standard monitoring,Monitor customer value and churn risk; no paid intervention,churn-logistic-1.0.0
16732,2011-12-10,At-risk established,4279.49,4,0.6702802746159617,1,0.4,Priority 3 - Nurture,Automated email nurture or product reminder,38851.33209999985,2868.457732416262,1361,109,Priority 1 - Immediate,Account-manager outreach; prioritize the highest exposed customer value,churn-logistic-1.0.0
16734,2011-12-10,Recent developing,650.51,3,0.6445905565103418,1,0.4,Priority 3 - Nurture,Automated email nurture or product reminder,38851.33209999985,419.31260291554247,1474,2370,Standard monitoring,Monitor customer value and churn risk; no paid intervention,churn-logistic-1.0.0
16735,2011-12-10,Champions,5740.01,14,0.3519002472681932,0,0.4,Standard monitoring,Normal low-cost engagement; no paid retention incentive,38851.33209999985,2019.9109383219018,2566,259,Priority 1 - Immediate,Account-manager outreach; prioritize the highest exposed customer value,churn-logistic-1.0.0
16737,2011-12-10,Recent developing,835.1999999999999,2,0.923916251045578,1,0.4,Priority 1 - Immediate,Personalized outreach for the highest-ranked 10%; use segment and value,38851.33209999985,771.6548528732667,43,1441,Priority 3 - Nurture,Low-cost relationship nurture for value protection,churn-logistic-1.0.0
16739,2011-12-10,At-risk established,772.23,2,0.9105543796407084,1,0.4,Priority 1 - Immediate,Personalized outreach for the highest-ranked 10%; use segment and value,38851.33209999985,703.1574085899442,73,1606,Priority 3 - Nurture,Low-cost relationship nurture for value protection,churn-logistic-1.0.0
16743,2011-12-10,Champions,4207.01,14,0.3223879231428527,0,0.4,Standard monitoring,Normal low-cost engagement; no paid retention incentive,38851.33209999985,1356.2892165412127,2635,637,Priority 2 - Targeted,Personalized retention offer for a high-value account,churn-logistic-1.0.0
16744,2011-12-10,Recent developing,1304.76,7,0.1669983643505116,0,0.4,Standard monitoring,Normal low-cost engagement; no paid retention incentive,38851.33209999985,217.89278586997352,3031,2984,Standard monitoring,Monitor customer value and churn risk; no paid intervention,churn-logistic-1.0.0
16745,2011-12-10,Champions,7170.7,17,0.2748377903038951,0,0.4,Standard monitoring,Normal low-cost engagement; no paid retention incentive,38851.33209999985,1970.7793429321405,2762,280,Priority 1 - Immediate,Account-manager outreach; prioritize the highest exposed customer value,churn-logistic-1.0.0
16746,2011-12-10,Champions,18030.15,42,0.0073100092244427,0,0.4,Standard monitoring,Normal low-cost engagement; no paid retention incentive,38851.33209999985,131.80056281808555,3400,3217,Standard monitoring,Monitor customer value and churn risk; no paid intervention,churn-logistic-1.0.0
16747,2011-12-10,Recent developing,826.96,2,0.5857887437150107,1,0.4,Standard monitoring,Normal low-cost engagement; no paid retention incentive,38851.33209999985,484.4238595025652,1756,2177,Standard monitoring,Monitor customer value and churn risk; no paid intervention,churn-logistic-1.0.0
16748,2011-12-10,Champions,3632.29,14,0.3171330023000752,0,0.4,Standard monitoring,Normal low-cost engagement; no paid retention incentive,38851.33209999985,1151.91903292454,2647,837,Priority 3 - Nurture,Low-cost relationship nurture for value protection,churn-logistic-1.0.0
16750,2011-12-10,Recent developing,623.93,5,0.4564670536232605,1,0.4,Standard monitoring,Normal low-cost engagement; no paid retention incentive,38851.33209999985,284.8034887671609,2230,2782,Standard monitoring,Monitor customer value and churn risk; no paid intervention,churn-logistic-1.0.0
16751,2011-12-10,Recent developing,1764.72,1,0.7471211169868032,1,0.4,Priority 3 - Nurture,Automated email nurture or product reminder,38851.33209999985,1318.4595775689513,1092,672,Priority 2 - Targeted,Personalized retention offer for a high-value account,churn-logistic-1.0.0
16753,2011-12-10,Lapsed low-value,223.92,1,0.8114435015167336,1,0.4,Priority 2 - Targeted,Targeted retention message for the next-ranked 10%,38851.33209999985,181.69842885962697,633,3070,Standard monitoring,Monitor customer value and churn risk; no paid intervention,churn-logistic-1.0.0
16755,2011-12-10,At-risk established,2882.03,7,0.5252126106558616,1,0.4,Standard monitoring,Normal low-cost engagement; no paid retention incentive,38851.33209999985,1513.6785002885129,1992,511,Priority 2 - Targeted,Personalized retention offer for a high-value account,churn-logistic-1.0.0
16758,2011-12-10,Lapsed low-value,369.34,1,0.8233577106374164,1,0.4,Priority 2 - Targeted,Targeted retention message for the next-ranked 10%,38851.33209999985,304.09893684682334,541,2712,Standard monitoring,Monitor customer value and churn risk; no paid intervention,churn-logistic-1.0.0
16759,2011-12-10,Recent developing,772.84,3,0.5701098559180997,1,0.4,Standard monitoring,Normal low-cost engagement; no paid retention incentive,38851.33209999985,440.6037010477442,1835,2310,Standard monitoring,Monitor customer value and churn risk; no paid intervention,churn-logistic-1.0.0
16761,2011-12-10,Lapsed low-value,316.62,1,0.8492035962177333,1,0.4,Priority 1 - Immediate,Personalized outreach for the highest-ranked 10%; use segment and value,38851.33209999985,268.87484263445873,343,2843,Standard monitoring,Monitor customer value and churn risk; no paid intervention,churn-logistic-1.0.0
16762,2011-12-10,Recent developing,1501.38,3,0.5042882741766185,1,0.4,Standard monitoring,Normal low-cost engagement; no paid retention incentive,38851.33209999985,757.1283290832915,2084,1476,Priority 3 - Nurture,Low-cost relationship nurture for value protection,churn-logistic-1.0.0
16764,2011-12-10,Champions,2758.25,13,0.0163639562625971,0,0.4,Standard monitoring,Normal low-cost engagement; no paid retention incentive,38851.33209999985,45.13588236130845,3362,3402,Standard monitoring,Monitor customer value and churn risk; no paid intervention,churn-logistic-1.0.0
16767,2011-12-10,Champions,7967.45,15,0.2330336117088423,0,0.4,Standard monitoring,Normal low-cost engagement; no paid retention incentive,38851.33209999985,1856.6836496096155,2863,323,Priority 1 - Immediate,Account-manager outreach; prioritize the highest exposed customer value,churn-logistic-1.0.0
16768,2011-12-10,At-risk established,1650.02,9,0.3859639388902128,0,0.4,Standard monitoring,Normal low-cost engagement; no paid retention incentive,38851.33209999985,636.8482184476289,2467,1772,Standard monitoring,Monitor customer value and churn risk; no paid intervention,churn-logistic-1.0.0
16770,2011-12-10,At-risk established,1900.03,9,0.507386996443586,1,0.4,Standard monitoring,Normal low-cost engagement; no paid retention incentive,38851.33209999985,964.0505148527067,2069,1093,Priority 3 - Nurture,Low-cost relationship nurture for value protection,churn-logistic-1.0.0
16771,2011-12-10,Champions,3939.1,10,0.2931853232174281,0,0.4,Standard monitoring,Normal low-cost engagement; no paid retention incentive,38851.33209999985,1154.886306685771,2722,831,Priority 3 - Nurture,Low-cost relationship nurture for value protection,churn-logistic-1.0.0
16773,2011-12-10,Recent developing,421.24,3,0.8225386392584622,1,0.4,Priority 2 - Targeted,Targeted retention message for the next-ranked 10%,38851.33209999985,346.4861764012346,546,2584,Standard monitoring,Monitor customer value and churn risk; no paid intervention,churn-logistic-1.0.0
16774,2011-12-10,At-risk established,1587.85,8,0.4395524395052022,1,0.4,Standard monitoring,Normal low-cost engagement; no paid retention incentive,38851.33209999985,697.9433410683353,2285,1623,Priority 3 - Nurture,Low-cost relationship nurture for value protection,churn-logistic-1.0.0
16775,2011-12-10,Champions,2975.29,16,0.1400137716555663,0,0.4,Standard monitoring,Normal low-cost engagement; no paid retention incentive,38851.33209999985,416.5815746690899,3095,2377,Standard monitoring,Monitor customer value and churn risk; no paid intervention,churn-logistic-1.0.0
16776,2011-12-10,Recent developing,619.85,2,0.8594698612877556,1,0.4,Priority 1 - Immediate,Personalized outreach for the highest-ranked 10%; use segment and value,38851.33209999985,532.7423935192153,288,2033,Standard monitoring,Monitor customer value and churn risk; no paid intervention,churn-logistic-1.0.0
16777,2011-12-10,At-risk established,1277.01,5,0.6391952079812653,1,0.4,Priority 3 - Nurture,Automated email nurture or product reminder,38851.33209999985,816.2586725441556,1500,1349,Priority 3 - Nurture,Low-cost relationship nurture for value protection,churn-logistic-1.0.0
16778,2011-12-10,Lapsed low-value,245.94,2,0.8155974774500416,1,0.4,Priority 2 - Targeted,Targeted retention message for the next-ranked 10%,38851.33209999985,200.58804360406324,596,3029,Standard monitoring,Monitor customer value and churn risk; no paid intervention,churn-logistic-1.0.0
16779,2011-12-10,Champions,32991.99,53,0.0043815806505007,0,0.4,Standard monitoring,Normal low-cost engagement; no paid retention incentive,38851.33209999985,144.55706500551258,3414,3178,Standard monitoring,Monitor customer value and churn risk; no paid intervention,churn-logistic-1.0.0
16780,2011-12-10,At-risk established,605.55,3,0.7563334777220015,1,0.4,Priority 3 - Nurture,Automated email nurture or product reminder,38851.33209999985,457.997737434558,1063,2252,Standard monitoring,Monitor customer value and churn risk; no paid intervention,churn-logistic-1.0.0
16782,2011-12-10,Champions,10348.96,38,0.0203675109640576,0,0.4,Standard monitoring,Normal low-cost engagement; no paid retention incentive,38851.33209999985,210.78255626659353,3346,3002,Standard monitoring,Monitor customer value and churn risk; no paid intervention,churn-logistic-1.0.0
16784,2011-12-10,Recent developing,896.53,5,0.6716661444951257,1,0.4,Priority 3 - Nurture,Automated email nurture or product reminder,38851.33209999985,602.168848524215,1355,1856,Standard monitoring,Monitor customer value and churn risk; no paid intervention,churn-logistic-1.0.0
16788,2011-12-10,At-risk established,1948.65,5,0.558225127186231,1,0.4,Standard monitoring,Normal low-cost engagement; no paid retention incentive,38851.33209999985,1087.785394091449,1879,924,Priority 3 - Nurture,Low-cost relationship nurture for value protection,churn-logistic-1.0.0
16789,2011-12-10,Recent developing,80.8,1,0.799063070012564,1,0.4,Priority 3 - Nurture,Automated email nurture or product reminder,38851.33209999985,64.56429605701517,780,3378,Standard monitoring,Monitor customer value and churn risk; no paid intervention,churn-logistic-1.0.0
16790,2011-12-10,Recent developing,1520.12,6,0.22719793924223,0,0.4,Standard monitoring,Normal low-cost engagement; no paid retention incentive,38851.33209999985,345.3681314008986,2880,2587,Standard monitoring,Monitor customer value and churn risk; no paid intervention,churn-logistic-1.0.0
16791,2011-12-10,Champions,3935.92,15,0.160549299935988,0,0.4,Standard monitoring,Normal low-cost engagement; no paid retention incentive,38851.33209999985,631.9092006040538,3048,1781,Standard monitoring,Monitor customer value and churn risk; no paid intervention,churn-logistic-1.0.0
16793,2011-12-10,Lapsed low-value,243.84,1,0.8149708616693337,1,0.4,Priority 2 - Targeted,Targeted retention message for the next-ranked 10%,38851.33209999985,198.72249490945035,606,3031,Standard monitoring,Monitor customer value and churn risk; no paid intervention,churn-logistic-1.0.0
16794,2011-12-10,Champions,2071.94,15,0.0639107745007686,0,0.4,Standard monitoring,Normal low-cost engagement; no paid retention incentive,38851.33209999985,132.41929011912248,3238,3212,Standard monitoring,Monitor customer value and churn risk; no paid intervention,churn-logistic-1.0.0
16796,2011-12-10,Lapsed low-value,305.62,1,0.8364066412926414,1,0.4,Priority 2 - Targeted,Targeted retention message for the next-ranked 10%,38851.33209999985,255.62259771185708,427,2880,Standard monitoring,Monitor customer value and churn risk; no paid intervention,churn-logistic-1.0.0
16800,2011-12-10,Exceptional high-value,1201.49,1,0.7153283745445488,1,0.4,Priority 3 - Nurture,Automated email nurture or product reminder,38851.33209999985,859.4598887315299,1203,1272,Priority 3 - Nurture,Low-cost relationship nurture for value protection,churn-logistic-1.0.0
16801,2011-12-10,At-risk established,867.83,3,0.753962032129426,1,0.4,Priority 3 - Nurture,Automated email nurture or product reminder,38851.33209999985,654.3108703428799,1071,1727,Priority 3 - Nurture,Low-cost relationship nurture for value protection,churn-logistic-1.0.0
16803,2011-12-10,Lapsed low-value,332.3,1,0.824008810276889,1,0.4,Priority 2 - Targeted,Targeted retention message for the next-ranked 10%,38851.33209999985,273.81812765501024,534,2826,Standard monitoring,Monitor customer value and churn risk; no paid intervention,churn-logistic-1.0.0
16804,2011-12-10,Recent developing,536.99,3,0.8154251333248875,1,0.4,Priority 2 - Targeted,Targeted retention message for the next-ranked 10%,38851.33209999985,437.87514234413135,598,2319,Standard monitoring,Monitor customer value and churn risk; no paid intervention,churn-logistic-1.0.0
16805,2011-12-10,At-risk established,1082.24,4,0.7315256897550422,1,0.4,Priority 3 - Nurture,Automated email nurture or product reminder,38851.33209999985,791.6863624804969,1145,1391,Priority 3 - Nurture,Low-cost relationship nurture for value protection,churn-logistic-1.0.0
16806,2011-12-10,At-risk established,775.54,4,0.6940101381601802,1,0.4,Priority 3 - Nurture,Automated email nurture or product reminder,38851.33209999985,538.2326225487461,1283,2024,Standard monitoring,Monitor customer value and churn risk; no paid intervention,churn-logistic-1.0.0
16807,2011-12-10,At-risk established,2123.88,6,0.6630626795223525,1,0.4,Priority 3 - Nurture,Automated email nurture or product reminder,38851.33209999985,1408.265563783934,1388,583,Priority 2 - Targeted,Personalized retention offer for a high-value account,churn-logistic-1.0.0
16808,2011-12-10,Lapsed low-value,288.42,2,0.8209533667142337,1,0.4,Priority 2 - Targeted,Targeted retention message for the next-ranked 10%,38851.33209999985,236.7793700277193,559,2939,Standard monitoring,Monitor customer value and churn risk; no paid intervention,churn-logistic-1.0.0
16809,2011-12-10,Champions,1725.48,9,0.3403994637505225,0,0.4,Standard monitoring,Normal low-cost engagement; no paid retention incentive,38851.33209999985,587.3524667122515,2590,1896,Standard monitoring,Monitor customer value and churn risk; no paid intervention,churn-logistic-1.0.0
16811,2011-12-10,Recent developing,547.07,2,0.5514725995287787,1,0.4,Standard monitoring,Normal low-cost engagement; no paid retention incentive,38851.33209999985,301.694115024209,1907,2720,Standard monitoring,Monitor customer value and churn risk; no paid intervention,churn-logistic-1.0.0
16813,2011-12-10,Champions,1692.98,10,0.1589908704864742,0,0.4,Standard monitoring,Normal low-cost engagement; no paid retention incentive,38851.33209999985,269.1683639161911,3053,2841,Standard monitoring,Monitor customer value and churn risk; no paid intervention,churn-logistic-1.0.0
16814,2011-12-10,Champions,12481.31,36,0.0225458521546312,0,0.4,Standard monitoring,Normal low-cost engagement; no paid retention incentive,38851.33209999985,281.4017699561199,3339,2794,Standard monitoring,Monitor customer value and churn risk; no paid intervention,churn-logistic-1.0.0
16816,2011-12-10,At-risk established,417.06,4,0.7077103305357623,1,0.4,Priority 3 - Nurture,Automated email nurture or product reminder,38851.33209999985,295.15767045324503,1232,2743,Standard monitoring,Monitor customer value and churn risk; no paid intervention,churn-logistic-1.0.0
16817,2011-12-10,Champions,2635.45,13,0.3509407392413892,0,0.4,Standard monitoring,Normal low-cost engagement; no paid retention incentive,38851.33209999985,924.8867712337191,2569,1168,Priority 3 - Nurture,Low-cost relationship nurture for value protection,churn-logistic-1.0.0
16818,2011-12-10,Champions,3317.97,11,0.2335740878349458,0,0.4,Standard monitoring,Normal low-cost engagement; no paid retention incentive,38851.33209999985,774.9918162137151,2861,1431,Priority 3 - Nurture,Low-cost relationship nurture for value protection,churn-logistic-1.0.0
16820,2011-12-10,Lapsed low-value,497.61,1,0.8415393907766576,1,0.4,Priority 2 - Targeted,Targeted retention message for the next-ranked 10%,38851.33209999985,418.7584162443726,392,2373,Standard monitoring,Monitor customer value and churn risk; no paid intervention,churn-logistic-1.0.0
16824,2011-12-10,Recent developing,686.24,3,0.6881678919273879,1,0.4,Priority 3 - Nurture,Automated email nurture or product reminder,38851.33209999985,472.2483341562507,1299,2208,Standard monitoring,Monitor customer value and churn risk; no paid intervention,churn-logistic-1.0.0
16825,2011-12-10,At-risk established,1826.89,5,0.657262583451483,1,0.4,Priority 3 - Nurture,Automated email nurture or product reminder,38851.33209999985,1200.74644108168,1410,784,Priority 3 - Nurture,Low-cost relationship nurture for value protection,churn-logistic-1.0.0
16826,2011-12-10,Recent developing,341.7,1,0.8073261279085234,1,0.4,Priority 2 - Targeted,Targeted retention message for the next-ranked 10%,38851.33209999985,275.86333790634245,681,2817,Standard monitoring,Monitor customer value and churn risk; no paid intervention,churn-logistic-1.0.0
16828,2011-12-10,Lapsed low-value,113.5,1,0.8600959816658429,1,0.4,Priority 1 - Immediate,Personalized outreach for the highest-ranked 10%; use segment and value,38851.33209999985,97.62089391907317,278,3312,Standard monitoring,Monitor customer value and churn risk; no paid intervention,churn-logistic-1.0.0
16829,2011-12-10,Lapsed low-value,513.32,2,0.8674845822603926,1,0.4,Priority 1 - Immediate,Personalized outreach for the highest-ranked 10%; use segment and value,38851.33209999985,445.29718576590477,221,2303,Standard monitoring,Monitor customer value and churn risk; no paid intervention,churn-logistic-1.0.0
16830,2011-12-10,Recent developing,1183.7,4,0.8108181471326269,1,0.4,Priority 2 - Targeted,Targeted retention message for the next-ranked 10%,38851.33209999985,959.7654407608904,637,1098,Priority 3 - Nurture,Low-cost relationship nurture for value protection,churn-logistic-1.0.0
16833,2011-12-10,Champions,2409.04,6,0.6217539448664685,1,0.4,Priority 3 - Nurture,Automated email nurture or product reminder,38851.33209999985,1497.8301233411173,1599,526,Priority 2 - Targeted,Personalized retention offer for a high-value account,churn-logistic-1.0.0
16835,2011-12-10,At-risk established,1471.51,6,0.7205036018062241,1,0.4,Priority 3 - Nurture,Automated email nurture or product reminder,38851.33209999985,1060.228255093877,1175,956,Priority 3 - Nurture,Low-cost relationship nurture for value protection,churn-logistic-1.0.0
16836,2011-12-10,Recent developing,782.37,4,0.6697784898025319,1,0.4,Priority 3 - Nurture,Automated email nurture or product reminder,38851.33209999985,524.0145970668068,1363,2055,Standard monitoring,Monitor customer value and churn risk; no paid intervention,churn-logistic-1.0.0
16837,2011-12-10,Champions,3167.73,11,0.3590614567426873,0,0.4,Standard monitoring,Normal low-cost engagement; no paid retention incentive,38851.33209999985,1137.4097483675127,2547,862,Priority 3 - Nurture,Low-cost relationship nurture for value protection,churn-logistic-1.0.0
16839,2011-12-10,Champions,20950.38,44,0.0010965521424949,0,0.4,Standard monitoring,Normal low-cost engagement; no paid retention incentive,38851.33209999985,22.973184075082305,3433,3427,Standard monitoring,Monitor customer value and churn risk; no paid intervention,churn-logistic-1.0.0
16841,2011-12-10,Champions,3826.71,12,0.2998164342618383,0,0.4,Standard monitoring,Normal low-cost engagement; no paid retention incentive,38851.33209999985,1147.3105471541191,2706,843,Priority 3 - Nurture,Low-cost relationship nurture for value protection,churn-logistic-1.0.0
16842,2011-12-10,At-risk established,1260.44,3,0.7441217175017489,1,0.4,Priority 3 - Nurture,Automated email nurture or product reminder,38851.33209999985,937.9207776079045,1101,1139,Priority 3 - Nurture,Low-cost relationship nurture for value protection,churn-logistic-1.0.0
16843,2011-12-10,Champions,19537.53,35,0.0810232040965959,0,0.4,Standard monitoring,Normal low-cost engagement; no paid retention incentive,38851.33209999985,1582.9932807333653,3199,446,Priority 2 - Targeted,Personalized retention offer for a high-value account,churn-logistic-1.0.0
16846,2011-12-10,Recent developing,842.41,3,0.9234753135385754,1,0.4,Priority 1 - Immediate,Personalized outreach for the highest-ranked 10%; use segment and value,38851.33209999985,777.9448388780313,45,1423,Priority 3 - Nurture,Low-cost relationship nurture for value protection,churn-logistic-1.0.0
16847,2011-12-10,Recent developing,614.89,2,0.9316448515120244,1,0.4,Priority 1 - Immediate,Personalized outreach for the highest-ranked 10%; use segment and value,38851.33209999985,572.8591027462287,32,1928,Standard monitoring,Monitor customer value and churn risk; no paid intervention,churn-logistic-1.0.0
16848,2011-12-10,At-risk established,1411.62,4,0.8383143344356442,1,0.4,Priority 2 - Targeted,Targeted retention message for the next-ranked 10%,38851.33209999985,1183.381280776044,412,800,Priority 3 - Nurture,Low-cost relationship nurture for value protection,churn-logistic-1.0.0
16851,2011-12-10,Recent developing,342.45,3,0.510821622391778,1,0.4,Standard monitoring,Normal low-cost engagement; no paid retention incentive,38851.33209999985,174.93086458806437,2046,3091,Standard monitoring,Monitor customer value and churn risk; no paid intervention,churn-logistic-1.0.0
16852,2011-12-10,Recent developing,144.91000000000005,2,0.7116751416871686,1,0.4,Priority 3 - Nurture,Automated email nurture or product reminder,38851.33209999985,103.12884478188764,1223,3290,Standard monitoring,Monitor customer value and churn risk; no paid intervention,churn-logistic-1.0.0
16855,2011-12-10,Recent developing,328.4,2,0.5809155689186665,1,0.4,Standard monitoring,Normal low-cost engagement; no paid retention incentive,38851.33209999985,190.77267283289007,1782,3050,Standard monitoring,Monitor customer value and churn risk; no paid intervention,churn-logistic-1.0.0
16856,2011-12-10,Recent developing,358.49,3,0.8849239120954401,1,0.4,Priority 1 - Immediate,Personalized outreach for the highest-ranked 10%; use segment and value,38851.33209999985,317.2363732470943,116,2661,Standard monitoring,Monitor customer value and churn risk; no paid intervention,churn-logistic-1.0.0
16859,2011-12-10,At-risk established,1657.74,7,0.657527923377067,1,0.4,Priority 3 - Nurture,Automated email nurture or product reminder,38851.33209999985,1090.010339699099,1409,922,Priority 3 - Nurture,Low-cost relationship nurture for value protection,churn-logistic-1.0.0
16861,2011-12-10,At-risk established,928.89,5,0.6392539412151709,1,0.4,Priority 3 - Nurture,Automated email nurture or product reminder,38851.33209999985,593.79659345536,1499,1874,Standard monitoring,Monitor customer value and churn risk; no paid intervention,churn-logistic-1.0.0
16863,2011-12-10,Recent developing,977.07,3,0.8445158839152558,1,0.4,Priority 2 - Targeted,Targeted retention message for the next-ranked 10%,38851.33209999985,825.151134697079,372,1333,Priority 3 - Nurture,Low-cost relationship nurture for value protection,churn-logistic-1.0.0
16866,2011-12-10,Lapsed low-value,207.74,3,0.700844786540866,1,0.4,Priority 3 - Nurture,Automated email nurture or product reminder,38851.33209999985,145.59349595599951,1257,3174,Standard monitoring,Monitor customer value and churn risk; no paid intervention,churn-logistic-1.0.0
16869,2011-12-10,Recent developing,805.62,4,0.425955595162707,1,0.4,Standard monitoring,Normal low-cost engagement; no paid retention incentive,38851.33209999985,343.15834657498,2326,2596,Standard monitoring,Monitor customer value and churn risk; no paid intervention,churn-logistic-1.0.0
16871,2011-12-10,Champions,2761.49,6,0.525090639986647,1,0.4,Standard monitoring,Normal low-cost engagement; no paid retention incentive,38851.33209999985,1450.0325514167255,1995,557,Priority 2 - Targeted,Personalized retention offer for a high-value account,churn-logistic-1.0.0
16872,2011-12-10,At-risk established,1213.13,6,0.6082878519376735,1,0.4,Priority 3 - Nurture,Automated email nurture or product reminder,38851.33209999985,737.93224182115,1661,1520,Priority 3 - Nurture,Low-cost relationship nurture for value protection,churn-logistic-1.0.0
16873,2011-12-10,Champions,14547.03,12,0.1501645676264672,0,0.4,Standard monitoring,Normal low-cost engagement; no paid retention incentive,38851.33209999985,2184.4484701992474,3076,218,Priority 1 - Immediate,Account-manager outreach; prioritize the highest exposed customer value,churn-logistic-1.0.0
16875,2011-12-10,Champions,4055.24,11,0.3842288820067773,0,0.4,Standard monitoring,Normal low-cost engagement; no paid retention incentive,38851.33209999985,1558.1403314691636,2477,468,Priority 2 - Targeted,Personalized retention offer for a high-value account,churn-logistic-1.0.0
16877,2011-12-10,Recent developing,853.72,6,0.2531739675348879,0,0.4,Standard monitoring,Normal low-cost engagement; no paid retention incentive,38851.33209999985,216.13967956388453,2815,2988,Standard monitoring,Monitor customer value and churn risk; no paid intervention,churn-logistic-1.0.0
16880,2011-12-10,Champions,1840.86,8,0.4304042284153318,1,0.4,Standard monitoring,Normal low-cost engagement; no paid retention incentive,38851.33209999985,792.3139279206476,2312,1388,Priority 3 - Nurture,Low-cost relationship nurture for value protection,churn-logistic-1.0.0
16881,2011-12-10,Recent developing,432.0,1,0.8290039160600001,1,0.4,Priority 2 - Targeted,Targeted retention message for the next-ranked 10%,38851.33209999985,358.12969173792004,487,2547,Standard monitoring,Monitor customer value and churn risk; no paid intervention,churn-logistic-1.0.0
16882,2011-12-10,Recent developing,705.12,3,0.7673836921899994,1,0.4,Priority 3 - Nurture,Automated email nurture or product reminder,38851.33209999985,541.0975890370123,1013,2010,Standard monitoring,Monitor customer value and churn risk; no paid intervention,churn-logistic-1.0.0
16884,2011-12-10,Recent developing,1073.92,4,0.9269128605285234,1,0.4,Priority 1 - Immediate,Personalized outreach for the highest-ranked 10%; use segment and value,38851.33209999985,995.4302591787919,39,1039,Priority 3 - Nurture,Low-cost relationship nurture for value protection,churn-logistic-1.0.0
16885,2011-12-10,Recent developing,709.49,4,0.5728411805566416,1,0.4,Standard monitoring,Normal low-cost engagement; no paid retention incentive,38851.33209999985,406.4250891931316,1817,2408,Standard monitoring,Monitor customer value and churn risk; no paid intervention,churn-logistic-1.0.0
16887,2011-12-10,Recent developing,660.72,3,0.7774351100597143,1,0.4,Priority 3 - Nurture,Automated email nurture or product reminder,38851.33209999985,513.6669259186544,956,2084,Standard monitoring,Monitor customer value and churn risk; no paid intervention,churn-logistic-1.0.0
16891,2011-12-10,Champions,2056.82,11,0.1694316042342935,0,0.4,Standard monitoring,Normal low-cost engagement; no paid retention incentive,38851.33209999985,348.4903122211796,3025,2578,Standard monitoring,Monitor customer value and churn risk; no paid intervention,churn-logistic-1.0.0
16892,2011-12-10,Recent developing,749.35,7,0.513066972141322,1,0.4,Standard monitoring,Normal low-cost engagement; no paid retention incentive,38851.33209999985,384.4667355740997,2037,2475,Standard monitoring,Monitor customer value and churn risk; no paid intervention,churn-logistic-1.0.0
16895,2011-12-10,At-risk established,1121.42,5,0.7118878052051979,1,0.4,Priority 3 - Nurture,Automated email nurture or product reminder,38851.33209999985,798.3252225132131,1222,1378,Priority 3 - Nurture,Low-cost relationship nurture for value protection,churn-logistic-1.0.0
16898,2011-12-10,Recent developing,1016.37,5,0.5320854592617206,1,0.4,Standard monitoring,Normal low-cost engagement; no paid retention incentive,38851.33209999985,540.7956982298349,1970,2011,Standard monitoring,Monitor customer value and churn risk; no paid intervention,churn-logistic-1.0.0
16899,2011-12-10,Champions,1721.02,8,0.306153302641198,0,0.4,Standard monitoring,Normal low-cost engagement; no paid retention incentive,38851.33209999985,526.8959569115545,2687,2047,Standard monitoring,Monitor customer value and churn risk; no paid intervention,churn-logistic-1.0.0
16900,2011-12-10,Recent developing,877.84,3,0.4972317587907862,1,0.4,Standard monitoring,Normal low-cost engagement; no paid retention incentive,38851.33209999985,436.48992713690376,2113,2324,Standard monitoring,Monitor customer value and churn risk; no paid intervention,churn-logistic-1.0.0
16902,2011-12-10,At-risk established,1706.88,1,0.8178681245515954,1,0.4,Priority 2 - Targeted,Targeted retention message for the next-ranked 10%,38851.33209999985,1396.0027444346272,580,593,Priority 2 - Targeted,Personalized retention offer for a high-value account,churn-logistic-1.0.0
16903,2011-12-10,Recent developing,1029.98,3,0.8295146938576274,1,0.4,Priority 2 - Targeted,Targeted retention message for the next-ranked 10%,38851.33209999985,854.3835443794791,481,1280,Priority 3 - Nurture,Low-cost relationship nurture for value protection,churn-logistic-1.0.0
16904,2011-12-10,Champions,5113.57,20,0.075460466068713,0,0.4,Standard monitoring,Normal low-cost engagement; no paid retention incentive,38851.33209999985,385.8723754749887,3213,2470,Standard monitoring,Monitor customer value and churn risk; no paid intervention,churn-logistic-1.0.0
16905,2011-12-10,Champions,5002.0,17,0.210709168072571,0,0.4,Standard monitoring,Normal low-cost engagement; no paid retention incentive,38851.33209999985,1053.9672586990002,2919,967,Priority 3 - Nurture,Low-cost relationship nurture for value protection,churn-logistic-1.0.0
16906,2011-12-10,At-risk established,1447.95,7,0.6230634501095258,1,0.4,Priority 3 - Nurture,Automated email nurture or product reminder,38851.33209999985,902.1647225860879,1592,1211,Priority 3 - Nurture,Low-cost relationship nurture for value protection,churn-logistic-1.0.0
16907,2011-12-10,Champions,1707.9,9,0.4444191116874146,1,0.4,Standard monitoring,Normal low-cost engagement; no paid retention incentive,38851.33209999985,759.0234008509354,2270,1469,Priority 3 - Nurture,Low-cost relationship nurture for value protection,churn-logistic-1.0.0
16909,2011-12-10,Lapsed low-value,364.14,1,0.8270192032146139,1,0.4,Priority 2 - Targeted,Targeted retention message for the next-ranked 10%,38851.33209999985,301.1507726585695,513,2722,Standard monitoring,Monitor customer value and churn risk; no paid intervention,churn-logistic-1.0.0
16910,2011-12-10,Champions,1510.06,8,0.085034397925117,0,0.4,Standard monitoring,Normal low-cost engagement; no paid retention incentive,38851.33209999985,128.40704293080216,3195,3224,Standard monitoring,Monitor customer value and churn risk; no paid intervention,churn-logistic-1.0.0
16912,2011-12-10,Champions,4440.66,15,0.2875025567521335,0,0.4,Standard monitoring,Normal low-cost engagement; no paid retention incentive,38851.33209999985,1276.7011036669292,2740,712,Priority 3 - Nurture,Low-cost relationship nurture for value protection,churn-logistic-1.0.0
16914,2011-12-10,Recent developing,208.46,1,0.8035852898941799,1,0.4,Priority 3 - Nurture,Automated email nurture or product reminder,38851.33209999985,167.51538953134073,727,3110,Standard monitoring,Monitor customer value and churn risk; no paid intervention,churn-logistic-1.0.0
16915,2011-12-10,Champions,1543.18,11,0.2651841331788106,0,0.4,Standard monitoring,Normal low-cost engagement; no paid retention incentive,38851.33209999985,409.226850638877,2782,2403,Standard monitoring,Monitor customer value and churn risk; no paid intervention,churn-logistic-1.0.0
16916,2011-12-10,Recent developing,1117.5,4,0.6833472968498423,1,0.4,Priority 3 - Nurture,Automated email nurture or product reminder,38851.33209999985,763.6406042296987,1321,1464,Priority 3 - Nurture,Low-cost relationship nurture for value protection,churn-logistic-1.0.0
16918,2011-12-10,Champions,3141.79,16,0.178083725120598,0,0.4,Standard monitoring,Normal low-cost engagement; no paid retention incentive,38851.33209999985,559.5016667466435,3001,1959,Standard monitoring,Monitor customer value and churn risk; no paid intervention,churn-logistic-1.0.0
16919,2011-12-10,Champions,5054.27,24,0.423726997605837,1,0.4,Standard monitoring,Normal low-cost engagement; no paid retention incentive,38851.33209999985,2141.630652189254,2330,227,Priority 1 - Immediate,Account-manager outreach; prioritize the highest exposed customer value,churn-logistic-1.0.0
16921,2011-12-10,Recent developing,446.67,3,0.8596789681644673,1,0.4,Priority 1 - Immediate,Personalized outreach for the highest-ranked 10%; use segment and value,38851.33209999985,383.99280471002265,284,2476,Standard monitoring,Monitor customer value and churn risk; no paid intervention,churn-logistic-1.0.0
16923,2011-12-10,Champions,12793.51,32,0.0284709857111766,0,0.4,Standard monitoring,Normal low-cost engagement; no paid retention incentive,38851.33209999985,364.24384040579497,3318,2527,Standard monitoring,Monitor customer value and churn risk; no paid intervention,churn-logistic-1.0.0
16924,2011-12-10,Recent developing,739.5,3,0.5071705735100991,1,0.4,Standard monitoring,Normal low-cost engagement; no paid retention incentive,38851.33209999985,375.0526391107183,2072,2498,Standard monitoring,Monitor customer value and churn risk; no paid intervention,churn-logistic-1.0.0
16927,2011-12-10,At-risk established,543.05,3,0.8064741791169728,1,0.4,Priority 2 - Targeted,Targeted retention message for the next-ranked 10%,38851.33209999985,437.9558029694721,691,2317,Standard monitoring,Monitor customer value and churn risk; no paid intervention,churn-logistic-1.0.0
16928,2011-12-10,Champions,3909.08,26,0.1199843444547656,0,0.4,Standard monitoring,Normal low-cost engagement; no paid retention incentive,38851.33209999985,469.02840122123513,3125,2214,Standard monitoring,Monitor customer value and churn risk; no paid intervention,churn-logistic-1.0.0
16929,2011-12-10,Champions,1295.39,7,0.1716463855566355,0,0.4,Standard monitoring,Normal low-cost engagement; no paid retention incentive,38851.33209999985,222.34901138621007,3015,2972,Standard monitoring,Monitor customer value and churn risk; no paid intervention,churn-logistic-1.0.0
16930,2011-12-10,Recent developing,380.55,3,0.6221809182601451,1,0.4,Priority 3 - Nurture,Automated email nurture or product reminder,38851.33209999985,236.77094844389822,1597,2940,Standard monitoring,Monitor customer value and churn risk; no paid intervention,churn-logistic-1.0.0
16931,2011-12-10,Champions,5233.62,23,0.0178782465599968,0,0.4,Standard monitoring,Normal low-cost engagement; no paid retention incentive,38851.33209999985,93.56794876133044,3356,3324,Standard monitoring,Monitor customer value and churn risk; no paid intervention,churn-logistic-1.0.0
16932,2011-12-10,Recent developing,440.71,3,0.8362465388073855,1,0.4,Priority 2 - Targeted,Targeted retention message for the next-ranked 10%,38851.33209999985,368.5422121178029,430,2515,Standard monitoring,Monitor customer value and churn risk; no paid intervention,churn-logistic-1.0.0
16933,2011-12-10,Champions,3119.35,9,0.43439907590643,1,0.4,Standard monitoring,Normal low-cost engagement; no paid retention incentive,38851.33209999985,1355.0427574287223,2298,639,Priority 2 - Targeted,Personalized retention offer for a high-value account,churn-logistic-1.0.0
16934,2011-12-10,At-risk established,2090.74,6,0.6881386836597934,1,0.4,Priority 3 - Nurture,Automated email nurture or product reminder,38851.33209999985,1438.7190714748763,1300,563,Priority 2 - Targeted,Personalized retention offer for a high-value account,churn-logistic-1.0.0
16936,2011-12-10,Recent developing,551.17,2,0.8364941172059456,1,0.4,Priority 2 - Targeted,Targeted retention message for the next-ranked 10%,38851.33209999985,461.05046258040096,426,2243,Standard monitoring,Monitor customer value and churn risk; no paid intervention,churn-logistic-1.0.0
16938,2011-12-10,Champions,6209.93,9,0.2534982868124921,0,0.4,Standard monitoring,Normal low-cost engagement; no paid retention incentive,38851.33209999985,1574.2066162254991,2814,454,Priority 2 - Targeted,Personalized retention offer for a high-value account,churn-logistic-1.0.0
16940,2011-12-10,Champions,6328.96,8,0.291547341621385,0,0.4,Standard monitoring,Normal low-cost engagement; no paid retention incentive,38851.33209999985,1845.191463228081,2730,329,Priority 1 - Immediate,Account-manager outreach; prioritize the highest exposed customer value,churn-logistic-1.0.0
16942,2011-12-10,Champions,1894.11,9,0.2943175109534184,0,0.4,Standard monitoring,Normal low-cost engagement; no paid retention incentive,38851.33209999985,557.4697406719793,2718,1964,Standard monitoring,Monitor customer value and churn risk; no paid intervention,churn-logistic-1.0.0
16945,2011-12-10,Champions,8530.66,33,0.0467703491764934,0,0.4,Standard monitoring,Normal low-cost engagement; no paid retention incentive,38851.33209999985,398.98194690594516,3283,2433,Standard monitoring,Monitor customer value and churn risk; no paid intervention,churn-logistic-1.0.0
16948,2011-12-10,At-risk established,868.77,7,0.6865857582980169,1,0.4,Priority 3 - Nurture,Automated email nurture or product reminder,38851.33209999985,596.4851092365682,1309,1868,Standard monitoring,Monitor customer value and churn risk; no paid intervention,churn-logistic-1.0.0
16949,2011-12-10,Recent developing,1161.27,6,0.4939257988864634,1,0.4,Standard monitoring,Normal low-cost engagement; no paid retention incentive,38851.33209999985,573.5812124728833,2121,1926,Standard monitoring,Monitor customer value and churn risk; no paid intervention,churn-logistic-1.0.0
16950,2011-12-10,Champions,3725.61,10,0.4035510458259586,1,0.4,Standard monitoring,Normal low-cost engagement; no paid retention incentive,38851.33209999985,1503.4738118396497,2403,517,Priority 2 - Targeted,Personalized retention offer for a high-value account,churn-logistic-1.0.0
16951,2011-12-10,At-risk established,1262.75,2,0.8069089464821866,1,0.4,Priority 2 - Targeted,Targeted retention message for the next-ranked 10%,38851.33209999985,1018.9242721703811,687,1006,Priority 3 - Nurture,Low-cost relationship nurture for value protection,churn-logistic-1.0.0
16952,2011-12-10,At-risk established,798.78,5,0.8847887455318387,1,0.4,Priority 1 - Immediate,Personalized outreach for the highest-ranked 10%; use segment and value,38851.33209999985,706.7515541559221,118,1598,Priority 3 - Nurture,Low-cost relationship nurture for value protection,churn-logistic-1.0.0
16953,2011-12-10,Exceptional high-value,20.8,1,0.8130731761206957,1,0.4,Priority 2 - Targeted,Targeted retention message for the next-ranked 10%,38851.33209999985,16.91192206331047,619,3430,Standard monitoring,Monitor customer value and churn risk; no paid intervention,churn-logistic-1.0.0
16954,2011-12-10,Champions,6037.33,20,0.1116666332590591,0,0.4,Standard monitoring,Normal low-cost engagement; no paid retention incentive,38851.33209999985,674.1683149739152,3141,1680,Priority 3 - Nurture,Low-cost relationship nurture for value protection,churn-logistic-1.0.0
16956,2011-12-10,Recent developing,292.34,1,0.7891197299348061,1,0.4,Priority 3 - Nurture,Automated email nurture or product reminder,38851.33209999985,230.69126184914117,880,2951,Standard monitoring,Monitor customer value and churn risk; no paid intervention,churn-logistic-1.0.0
16959,2011-12-10,Lapsed low-value,117.35,1,0.8424324541014523,1,0.4,Priority 2 - Targeted,Targeted retention message for the next-ranked 10%,38851.33209999985,98.85944848880543,382,3304,Standard monitoring,Monitor customer value and churn risk; no paid intervention,churn-logistic-1.0.0
16960,2011-12-10,Champions,2020.03,8,0.3800640526980492,0,0.4,Standard monitoring,Normal low-cost engagement; no paid retention incentive,38851.33209999985,767.7407883716403,2490,1454,Priority 3 - Nurture,Low-cost relationship nurture for value protection,churn-logistic-1.0.0
16961,2011-12-10,At-risk established,775.96,3,0.8408291544929337,1,0.4,Priority 2 - Targeted,Targeted retention message for the next-ranked 10%,38851.33209999985,652.4497907203369,396,1735,Standard monitoring,Monitor customer value and churn risk; no paid intervention,churn-logistic-1.0.0
16966,2011-12-10,Champions,2148.47,7,0.3423724050613891,0,0.4,Standard monitoring,Normal low-cost engagement; no paid retention incentive,38851.33209999985,735.5768411022426,2587,1526,Priority 3 - Nurture,Low-cost relationship nurture for value protection,churn-logistic-1.0.0
16968,2011-12-10,Recent developing,439.43,2,0.6422813809782179,1,0.4,Priority 3 - Nurture,Automated email nurture or product reminder,38851.33209999985,282.2377072432583,1482,2793,Standard monitoring,Monitor customer value and churn risk; no paid intervention,churn-logistic-1.0.0
16969,2011-12-10,Recent developing,650.41,3,0.6356622945142799,1,0.4,Priority 3 - Nurture,Automated email nurture or product reminder,38851.33209999985,413.44111297503275,1524,2391,Standard monitoring,Monitor customer value and churn risk; no paid intervention,churn-logistic-1.0.0
16971,2011-12-10,Recent developing,357.21,1,0.7949151742933831,1,0.4,Priority 3 - Nurture,Automated email nurture or product reminder,38851.33209999985,283.9516494093394,819,2785,Standard monitoring,Monitor customer value and churn risk; no paid intervention,churn-logistic-1.0.0
16978,2011-12-10,At-risk established,768.88,3,0.9422775508701252,1,0.4,Priority 1 - Immediate,Personalized outreach for the highest-ranked 10%; use segment and value,38851.33209999985,724.4983633130219,16,1556,Priority 3 - Nurture,Low-cost relationship nurture for value protection,churn-logistic-1.0.0
16979,2011-12-10,Champions,2787.09,9,0.1881787847375309,0,0.4,Standard monitoring,Normal low-cost engagement; no paid retention incentive,38851.33209999985,524.4712091541251,2977,2054,Standard monitoring,Monitor customer value and churn risk; no paid intervention,churn-logistic-1.0.0
16982,2011-12-10,Recent developing,384.06,1,0.8206190981311609,1,0.4,Priority 2 - Targeted,Targeted retention message for the next-ranked 10%,38851.33209999985,315.1669708282536,561,2669,Standard monitoring,Monitor customer value and churn risk; no paid intervention,churn-logistic-1.0.0
16983,2011-12-10,Champions,3699.17,11,0.2823807829000551,0,0.4,Standard monitoring,Normal low-cost engagement; no paid retention incentive,38851.33209999985,1044.5745206803967,2751,979,Priority 3 - Nurture,Low-cost relationship nurture for value protection,churn-logistic-1.0.0
16984,2011-12-10,Champions,10617.79,9,0.1996997052257826,0,0.4,Standard monitoring,Normal low-cost engagement; no paid retention incentive,38851.33209999985,2120.369533149262,2950,234,Priority 1 - Immediate,Account-manager outreach; prioritize the highest exposed customer value,churn-logistic-1.0.0
16985,2011-12-10,Champions,10545.76,22,0.2024973588960715,0,0.4,Standard monitoring,Normal low-cost engagement; no paid retention incentive,38851.33209999985,2135.488547551835,2943,229,Priority 1 - Immediate,Account-manager outreach; prioritize the highest exposed customer value,churn-logistic-1.0.0
16986,2011-12-10,Champions,4888.75,11,0.5306643919597184,1,0.4,Standard monitoring,Normal low-cost engagement; no paid retention incentive,38851.33209999985,2594.285546193073,1976,136,Priority 1 - Immediate,Account-manager outreach; prioritize the highest exposed customer value,churn-logistic-1.0.0
16987,2011-12-10,Champions,2502.05,11,0.159626782614925,0,0.4,Standard monitoring,Normal low-cost engagement; no paid retention incentive,38851.33209999985,399.3941914416731,3051,2432,Standard monitoring,Monitor customer value and churn risk; no paid intervention,churn-logistic-1.0.0
16988,2011-12-10,Recent developing,382.67,2,0.8605261213483819,1,0.4,Priority 1 - Immediate,Personalized outreach for the highest-ranked 10%; use segment and value,38851.33209999985,329.2975308563853,271,2634,Standard monitoring,Monitor customer value and churn risk; no paid intervention,churn-logistic-1.0.0
16989,2011-12-10,Recent developing,1133.25,6,0.2747867866860274,0,0.4,Standard monitoring,Normal low-cost engagement; no paid retention incentive,38851.33209999985,311.40212601194054,2763,2685,Standard monitoring,Monitor customer value and churn risk; no paid intervention,churn-logistic-1.0.0
16992,2011-12-10,Champions,5460.1,13,0.205906050084855,0,0.4,Standard monitoring,Normal low-cost engagement; no paid retention incentive,38851.33209999985,1124.2676240683168,2931,874,Priority 3 - Nurture,Low-cost relationship nurture for value protection,churn-logistic-1.0.0
16996,2011-12-10,Champions,2044.16,9,0.4775353004109078,1,0.4,Standard monitoring,Normal low-cost engagement; no paid retention incentive,38851.33209999985,976.1585596879613,2170,1068,Priority 3 - Nurture,Low-cost relationship nurture for value protection,churn-logistic-1.0.0
16998,2011-12-10,At-risk established,394.5,5,0.7797265781739445,1,0.4,Priority 3 - Nurture,Automated email nurture or product reminder,38851.33209999985,307.60213508962113,945,2700,Standard monitoring,Monitor customer value and churn risk; no paid intervention,churn-logistic-1.0.0
16999,2011-12-10,Recent developing,484.82,2,0.6180452207868843,1,0.4,Priority 3 - Nurture,Automated email nurture or product reminder,38851.33209999985,299.64068394189724,1620,2726,Standard monitoring,Monitor customer value and churn risk; no paid intervention,churn-logistic-1.0.0
17001,2011-12-10,Champions,6640.8,19,0.1058024409842456,0,0.4,Standard monitoring,Normal low-cost engagement; no paid retention incentive,38851.33209999985,702.6128500881782,3157,1609,Priority 3 - Nurture,Low-cost relationship nurture for value protection,churn-logistic-1.0.0
17002,2011-12-10,At-risk established,2565.6,7,0.6434491928294109,1,0.4,Priority 3 - Nurture,Automated email nurture or product reminder,38851.33209999985,1650.8332491231367,1477,411,Priority 2 - Targeted,Personalized retention offer for a high-value account,churn-logistic-1.0.0
17004,2011-12-10,At-risk established,2425.16,4,0.6177044690529143,1,0.4,Priority 3 - Nurture,Automated email nurture or product reminder,38851.33209999985,1498.0321701683656,1621,524,Priority 2 - Targeted,Personalized retention offer for a high-value account,churn-logistic-1.0.0
17006,2011-12-10,Champions,1636.32,8,0.3053281480110005,0,0.4,Standard monitoring,Normal low-cost engagement; no paid retention incentive,38851.33209999985,499.6145551533603,2693,2132,Standard monitoring,Monitor customer value and churn risk; no paid intervention,churn-logistic-1.0.0
17007,2011-12-10,At-risk established,1107.6,7,0.5710223171133224,1,0.4,Standard monitoring,Normal low-cost engagement; no paid retention incentive,38851.33209999985,632.4643184347159,1831,1777,Standard monitoring,Monitor customer value and churn risk; no paid intervention,churn-logistic-1.0.0
17010,2011-12-10,Recent developing,185.46,1,0.7969902447057934,1,0.4,Priority 3 - Nurture,Automated email nurture or product reminder,38851.33209999985,147.80981078313644,796,3164,Standard monitoring,Monitor customer value and churn risk; no paid intervention,churn-logistic-1.0.0
17011,2011-12-10,Recent developing,536.7,3,0.9494627857289852,1,0.4,Priority 1 - Immediate,Personalized outreach for the highest-ranked 10%; use segment and value,38851.33209999985,509.5766771007464,8,2098,Standard monitoring,Monitor customer value and churn risk; no paid intervention,churn-logistic-1.0.0
17014,2011-12-10,Recent developing,565.58,3,0.4879363118174242,1,0.4,Standard monitoring,Normal low-cost engagement; no paid retention incentive,38851.33209999985,275.9670192376988,2138,2816,Standard monitoring,Monitor customer value and churn risk; no paid intervention,churn-logistic-1.0.0
17015,2011-12-10,Recent developing,1842.56,3,0.5643065698652787,1,0.4,Standard monitoring,Normal low-cost engagement; no paid retention incentive,38851.33209999985,1039.7687133709678,1853,988,Priority 3 - Nurture,Low-cost relationship nurture for value protection,churn-logistic-1.0.0
17017,2011-12-10,Champions,13963.29,29,0.0332894947175043,0,0.4,Standard monitoring,Normal low-cost engagement; no paid retention incentive,38851.33209999985,464.8308686939807,3306,2225,Standard monitoring,Monitor customer value and churn risk; no paid intervention,churn-logistic-1.0.0
17018,2011-12-10,At-risk established,2287.7,6,0.6480975287085209,1,0.4,Priority 3 - Nurture,Automated email nurture or product reminder,38851.33209999985,1482.652716426483,1453,536,Priority 2 - Targeted,Personalized retention offer for a high-value account,churn-logistic-1.0.0
17019,2011-12-10,Champions,3937.9,11,0.3643570951780734,0,0.4,Standard monitoring,Normal low-cost engagement; no paid retention incentive,38851.33209999985,1434.8018051017352,2529,568,Priority 2 - Targeted,Personalized retention offer for a high-value account,churn-logistic-1.0.0
17022,2011-12-10,Recent developing,260.0,2,0.8830146694458952,1,0.4,Priority 1 - Immediate,Personalized outreach for the highest-ranked 10%; use segment and value,38851.33209999985,229.58381405593275,126,2955,Standard monitoring,Monitor customer value and churn risk; no paid intervention,churn-logistic-1.0.0
17024,2011-12-10,Recent developing,95.85,3,0.600945528830239,1,0.4,Priority 3 - Nurture,Automated email nurture or product reminder,38851.33209999985,57.60062893837841,1694,3390,Standard monitoring,Monitor customer value and churn risk; no paid intervention,churn-logistic-1.0.0
17025,2011-12-10,At-risk established,1510.64,5,0.8298528296329818,1,0.4,Priority 2 - Targeted,Targeted retention message for the next-ranked 10%,38851.33209999985,1253.6088785567676,478,737,Priority 3 - Nurture,Low-cost relationship nurture for value protection,churn-logistic-1.0.0
17027,2011-12-10,At-risk established,1285.41,9,0.515277590394712,1,0.4,Standard monitoring,Normal low-cost engagement; no paid retention incentive,38851.33209999985,662.3429674692668,2028,1709,Priority 3 - Nurture,Low-cost relationship nurture for value protection,churn-logistic-1.0.0
17029,2011-12-10,At-risk established,2137.3,7,0.6693067450653899,1,0.4,Priority 3 - Nurture,Automated email nurture or product reminder,38851.33209999985,1430.5093062282579,1367,572,Priority 2 - Targeted,Personalized retention offer for a high-value account,churn-logistic-1.0.0
17030,2011-12-10,Lapsed low-value,146.87,1,0.8309667448279079,1,0.4,Priority 2 - Targeted,Targeted retention message for the next-ranked 10%,38851.33209999985,122.04408581287484,470,3242,Standard monitoring,Monitor customer value and churn risk; no paid intervention,churn-logistic-1.0.0
17031,2011-12-10,Champions,2773.85,6,0.5226315018263116,1,0.4,Standard monitoring,Normal low-cost engagement; no paid retention incentive,38851.33209999985,1449.7013913409144,2008,558,Priority 2 - Targeted,Personalized retention offer for a high-value account,churn-logistic-1.0.0
17033,2011-12-10,At-risk established,1332.79,4,0.7538750095910391,1,0.4,Priority 3 - Nurture,Automated email nurture or product reminder,38851.33209999985,1004.757074032841,1072,1029,Priority 3 - Nurture,Low-cost relationship nurture for value protection,churn-logistic-1.0.0
17034,2011-12-10,Recent developing,1239.32,5,0.5485090471614207,1,0.4,Standard monitoring,Normal low-cost engagement; no paid retention incentive,38851.33209999985,679.7782323280918,1920,1666,Priority 3 - Nurture,Low-cost relationship nurture for value protection,churn-logistic-1.0.0
17037,2011-12-10,Recent developing,1253.22,1,0.791114035610012,1,0.4,Priority 3 - Nurture,Automated email nurture or product reminder,38851.33209999985,991.4399317071793,862,1046,Priority 3 - Nurture,Low-cost relationship nurture for value protection,churn-logistic-1.0.0
17038,2011-12-10,Recent developing,743.17,2,0.8624446994228394,1,0.4,Priority 1 - Immediate,Personalized outreach for the highest-ranked 10%; use segment and value,38851.33209999985,640.9430272700715,252,1761,Standard monitoring,Monitor customer value and churn risk; no paid intervention,churn-logistic-1.0.0
17040,2011-12-10,Lapsed low-value,463.25,2,0.9235288286417374,1,0.4,Priority 1 - Immediate,Personalized outreach for the highest-ranked 10%; use segment and value,38851.33209999985,427.8247298682848,44,2349,Standard monitoring,Monitor customer value and churn risk; no paid intervention,churn-logistic-1.0.0
17041,2011-12-10,Recent developing,1670.48,6,0.591139008290185,1,0.4,Priority 3 - Nurture,Automated email nurture or product reminder,38851.33209999985,987.4858905685882,1731,1053,Priority 3 - Nurture,Low-cost relationship nurture for value protection,churn-logistic-1.0.0
17042,2011-12-10,Recent developing,1044.38,5,0.5077695890632394,1,0.4,Standard monitoring,Normal low-cost engagement; no paid retention incentive,38851.33209999985,530.3044034258661,2065,2041,Standard monitoring,Monitor customer value and churn risk; no paid intervention,churn-logistic-1.0.0
17043,2011-12-10,Champions,2616.55,8,0.3069386142257005,0,0.4,Standard monitoring,Normal low-cost engagement; no paid retention incentive,38851.33209999985,803.1202310522567,2686,1370,Priority 3 - Nurture,Low-cost relationship nurture for value protection,churn-logistic-1.0.0
17044,2011-12-10,Champions,11874.2,12,0.4591648016840285,1,0.4,Standard monitoring,Normal low-cost engagement; no paid retention incentive,38851.33209999985,5452.214688156491,2222,17,Priority 1 - Immediate,Account-manager outreach; prioritize the highest exposed customer value,churn-logistic-1.0.0
17045,2011-12-10,At-risk established,827.6800000000001,5,0.6808404397920964,1,0.4,Priority 3 - Nurture,Automated email nurture or product reminder,38851.33209999985,563.5180152071224,1328,1944,Standard monitoring,Monitor customer value and churn risk; no paid intervention,churn-logistic-1.0.0
17046,2011-12-10,At-risk established,1906.07,5,0.8209685510044978,1,0.4,Priority 2 - Targeted,Targeted retention message for the next-ranked 10%,38851.33209999985,1564.8235260131432,558,460,Priority 2 - Targeted,Personalized retention offer for a high-value account,churn-logistic-1.0.0
17047,2011-12-10,At-risk established,2289.23,6,0.6307280613047332,1,0.4,Priority 3 - Nurture,Automated email nurture or product reminder,38851.33209999985,1443.8815997806346,1545,561,Priority 2 - Targeted,Personalized retention offer for a high-value account,churn-logistic-1.0.0
17048,2011-12-10,At-risk established,1975.85,7,0.6467002776369984,1,0.4,Priority 3 - Nurture,Automated email nurture or product reminder,38851.33209999985,1277.7827435690633,1462,707,Priority 3 - Nurture,Low-cost relationship nurture for value protection,churn-logistic-1.0.0
17049,2011-12-10,Champions,9757.78,19,0.0569822313688735,0,0.4,Standard monitoring,Normal low-cost engagement; no paid retention incentive,38851.33209999985,556.0200776065665,3255,1970,Standard monitoring,Monitor customer value and churn risk; no paid intervention,churn-logistic-1.0.0
17050,2011-12-10,Champions,4391.66,10,0.506155258506359,1,0.4,Standard monitoring,Normal low-cost engagement; no paid retention incentive,38851.33209999985,2222.8618025720366,2079,205,Priority 1 - Immediate,Account-manager outreach; prioritize the highest exposed customer value,churn-logistic-1.0.0
17052,2011-12-10,Recent developing,413.75,1,0.7791817538281235,1,0.4,Priority 3 - Nurture,Automated email nurture or product reminder,38851.33209999985,322.3864506463861,948,2651,Standard monitoring,Monitor customer value and churn risk; no paid intervention,churn-logistic-1.0.0
17053,2011-12-10,Lapsed low-value,496.38,1,0.8556937654060497,1,0.4,Priority 1 - Immediate,Personalized outreach for the highest-ranked 10%; use segment and value,38851.33209999985,424.74927127225493,304,2358,Standard monitoring,Monitor customer value and churn risk; no paid intervention,churn-logistic-1.0.0
17054,2011-12-10,Recent developing,1353.83,5,0.5717921413397391,1,0.4,Standard monitoring,Normal low-cost engagement; no paid retention incentive,38851.33209999985,774.1093547099789,1823,1434,Priority 3 - Nurture,Low-cost relationship nurture for value protection,churn-logistic-1.0.0
17058,2011-12-10,At-risk established,1179.89,3,0.7389609775399797,1,0.4,Priority 3 - Nurture,Automated email nurture or product reminder,38851.33209999985,871.8926677896467,1113,1251,Priority 3 - Nurture,Low-cost relationship nurture for value protection,churn-logistic-1.0.0
17059,2011-12-10,Champions,5584.83,9,0.2751845052911582,0,0.4,Standard monitoring,Normal low-cost engagement; no paid retention incentive,38851.33209999985,1536.8586806852188,2761,490,Priority 2 - Targeted,Personalized retention offer for a high-value account,churn-logistic-1.0.0
17061,2011-12-10,Champions,5116.13,11,0.466841515577805,1,0.4,Standard monitoring,Normal low-cost engagement; no paid retention incentive,38851.33209999985,2388.4218830930754,2202,169,Priority 1 - Immediate,Account-manager outreach; prioritize the highest exposed customer value,churn-logistic-1.0.0
17063,2011-12-10,Champions,3576.78,13,0.2666994534471968,0,0.4,Standard monitoring,Normal low-cost engagement; no paid retention incentive,38851.33209999985,953.9252711008646,2776,1111,Priority 3 - Nurture,Low-cost relationship nurture for value protection,churn-logistic-1.0.0
17064,2011-12-10,Recent developing,859.35,3,0.7023432014803681,1,0.4,Priority 3 - Nurture,Automated email nurture or product reminder,38851.33209999985,603.5586301921544,1252,1852,Standard monitoring,Monitor customer value and churn risk; no paid intervention,churn-logistic-1.0.0
17068,2011-12-10,Champions,9112.68,47,0.0145191343343651,0,0.4,Standard monitoring,Normal low-cost engagement; no paid retention incentive,38851.33209999985,132.30822506608214,3368,3214,Standard monitoring,Monitor customer value and churn risk; no paid intervention,churn-logistic-1.0.0
17069,2011-12-10,Champions,5718.4,14,0.1939843307778028,0,0.4,Standard monitoring,Normal low-cost engagement; no paid retention incentive,38851.33209999985,1109.2799971197876,2964,897,Priority 3 - Nurture,Low-cost relationship nurture for value protection,churn-logistic-1.0.0
17070,2011-12-10,Lapsed low-value,445.32,2,0.8637659882436965,1,0.4,Priority 1 - Immediate,Personalized outreach for the highest-ranked 10%; use segment and value,38851.33209999985,384.65226988468294,244,2474,Standard monitoring,Monitor customer value and churn risk; no paid intervention,churn-logistic-1.0.0
17071,2011-12-10,Champions,3745.2,13,0.1827988361858376,0,0.4,Standard monitoring,Normal low-cost engagement; no paid retention incentive,38851.33209999985,684.6182012831989,2993,1657,Priority 3 - Nurture,Low-cost relationship nurture for value protection,churn-logistic-1.0.0
17073,2011-12-10,Recent developing,1444.84,4,0.3400427635327783,0,0.4,Standard monitoring,Normal low-cost engagement; no paid retention incentive,38851.33209999985,491.30738646269936,2593,2161,Standard monitoring,Monitor customer value and churn risk; no paid intervention,churn-logistic-1.0.0
17075,2011-12-10,Champions,2221.38,10,0.4348986670812304,1,0.4,Standard monitoring,Normal low-cost engagement; no paid retention incentive,38851.33209999985,966.0752010809035,2297,1088,Priority 3 - Nurture,Low-cost relationship nurture for value protection,churn-logistic-1.0.0
17076,2011-12-10,Recent developing,1242.75,6,0.6091565560809142,1,0.4,Priority 3 - Nurture,Automated email nurture or product reminder,38851.33209999985,757.0293100695561,1655,1477,Priority 3 - Nurture,Low-cost relationship nurture for value protection,churn-logistic-1.0.0
17078,2011-12-10,Recent developing,375.86,2,0.8161133061417717,1,0.4,Priority 2 - Targeted,Targeted retention message for the next-ranked 10%,38851.33209999985,306.7443472464463,591,2704,Standard monitoring,Monitor customer value and churn risk; no paid intervention,churn-logistic-1.0.0
17079,2011-12-10,Lapsed low-value,118.8,1,0.8397838952895045,1,0.4,Priority 2 - Targeted,Targeted retention message for the next-ranked 10%,38851.33209999985,99.76632676039313,402,3302,Standard monitoring,Monitor customer value and churn risk; no paid intervention,churn-logistic-1.0.0
17080,2011-12-10,Recent developing,955.03,7,0.6316847809707754,1,0.4,Priority 3 - Nurture,Automated email nurture or product reminder,38851.33209999985,603.2779163705196,1540,1853,Standard monitoring,Monitor customer value and churn risk; no paid intervention,churn-logistic-1.0.0
17081,2011-12-10,Recent developing,964.39,6,0.4950668417183477,1,0.4,Standard monitoring,Normal low-cost engagement; no paid retention incentive,38851.33209999985,477.43751148475735,2116,2194,Standard monitoring,Monitor customer value and churn risk; no paid intervention,churn-logistic-1.0.0
17082,2011-12-10,Champions,4732.03,6,0.6275750198299614,1,0.4,Priority 3 - Nurture,Automated email nurture or product reminder,38851.33209999985,2969.7038210859723,1570,96,Priority 1 - Immediate,Account-manager outreach; prioritize the highest exposed customer value,churn-logistic-1.0.0
17083,2011-12-10,At-risk established,4043.03,9,0.6255837098104905,1,0.4,Priority 3 - Nurture,Automated email nurture or product reminder,38851.33209999985,2529.2537062751076,1579,145,Priority 1 - Immediate,Account-manager outreach; prioritize the highest exposed customer value,churn-logistic-1.0.0
17084,2011-12-10,At-risk established,5202.97,3,0.7562440713526173,1,0.4,Priority 3 - Nurture,Automated email nurture or product reminder,38851.33209999985,3934.7152159255274,1064,44,Priority 1 - Immediate,Account-manager outreach; prioritize the highest exposed customer value,churn-logistic-1.0.0
17085,2011-12-10,Champions,7725.21,28,0.2657636023030388,0,0.4,Standard monitoring,Normal low-cost engagement; no paid retention incentive,38851.33209999985,2053.0796381474584,2780,252,Priority 1 - Immediate,Account-manager outreach; prioritize the highest exposed customer value,churn-logistic-1.0.0
17086,2011-12-10,Champions,2050.08,6,0.2490304742516068,0,0.4,Standard monitoring,Normal low-cost engagement; no paid retention incentive,38851.33209999985,510.53239465373406,2830,2094,Standard monitoring,Monitor customer value and churn risk; no paid intervention,churn-logistic-1.0.0
17088,2011-12-10,Recent developing,1991.01,4,0.5573334675294885,1,0.4,Standard monitoring,Normal low-cost engagement; no paid retention incentive,38851.33209999985,1109.656507185887,1884,896,Priority 3 - Nurture,Low-cost relationship nurture for value protection,churn-logistic-1.0.0
17090,2011-12-10,Champions,3055.49,13,0.2433186888426498,0,0.4,Standard monitoring,Normal low-cost engagement; no paid retention incentive,38851.33209999985,743.4578205718279,2839,1506,Priority 3 - Nurture,Low-cost relationship nurture for value protection,churn-logistic-1.0.0
17091,2011-12-10,Champions,7780.45,19,0.1455826948982029,0,0.4,Standard monitoring,Normal low-cost engagement; no paid retention incentive,38851.33209999985,1132.698878520723,3088,865,Priority 3 - Nurture,Low-cost relationship nurture for value protection,churn-logistic-1.0.0
17092,2011-12-10,Champions,5572.16,11,0.2427027638974538,0,0.4,Standard monitoring,Normal low-cost engagement; no paid retention incentive,38851.33209999985,1352.378632878836,2841,641,Priority 2 - Targeted,Personalized retention offer for a high-value account,churn-logistic-1.0.0
17095,2011-12-10,Champions,2520.75,7,0.5429963615754813,1,0.4,Standard monitoring,Normal low-cost engagement; no paid retention incentive,38851.33209999985,1368.7580784413944,1940,624,Priority 2 - Targeted,Personalized retention offer for a high-value account,churn-logistic-1.0.0
17096,2011-12-10,Champions,3690.83,11,0.2515169795762401,0,0.4,Standard monitoring,Normal low-cost engagement; no paid retention incentive,38851.33209999985,928.3064137293742,2822,1160,Priority 3 - Nurture,Low-cost relationship nurture for value protection,churn-logistic-1.0.0
17097,2011-12-10,Champions,1323.95,9,0.2906166537185734,0,0.4,Standard monitoring,Normal low-cost engagement; no paid retention incentive,38851.33209999985,384.7619186907053,2732,2473,Standard monitoring,Monitor customer value and churn risk; no paid intervention,churn-logistic-1.0.0
17100,2011-12-10,Recent developing,971.74,2,0.7957763530175415,1,0.4,Priority 3 - Nurture,Automated email nurture or product reminder,38851.33209999985,773.2877132812657,809,1438,Priority 3 - Nurture,Low-cost relationship nurture for value protection,churn-logistic-1.0.0
17101,2011-12-10,Champions,2507.05,7,0.3072037572872443,0,0.4,Standard monitoring,Normal low-cost engagement; no paid retention incentive,38851.33209999985,770.1751797069859,2684,1444,Priority 3 - Nurture,Low-cost relationship nurture for value protection,churn-logistic-1.0.0
17105,2011-12-10,Lapsed low-value,665.78,2,0.8135213855867879,1,0.4,Priority 2 - Targeted,Targeted retention message for the next-ranked 10%,38851.33209999985,541.6262680959716,616,2007,Standard monitoring,Monitor customer value and churn risk; no paid intervention,churn-logistic-1.0.0
17107,2011-12-10,Champions,15688.1,10,0.1529034936326316,0,0.4,Standard monitoring,Normal low-cost engagement; no paid retention incentive,38851.33209999985,2398.7652984580877,3066,166,Priority 1 - Immediate,Account-manager outreach; prioritize the highest exposed customer value,churn-logistic-1.0.0
17109,2011-12-10,Champions,1280.1,8,0.4585431065356942,1,0.4,Standard monitoring,Normal low-cost engagement; no paid retention incentive,38851.33209999985,586.9810306763421,2224,1899,Standard monitoring,Monitor customer value and churn risk; no paid intervention,churn-logistic-1.0.0
17110,2011-12-10,At-risk established,510.7,3,0.9068886063124864,1,0.4,Priority 1 - Immediate,Personalized outreach for the highest-ranked 10%; use segment and value,38851.33209999985,463.14801124378675,78,2233,Standard monitoring,Monitor customer value and churn risk; no paid intervention,churn-logistic-1.0.0
17111,2011-12-10,Recent developing,476.58,2,0.8714407181356764,1,0.4,Priority 1 - Immediate,Personalized outreach for the highest-ranked 10%; use segment and value,38851.33209999985,415.31121744910064,189,2384,Standard monitoring,Monitor customer value and churn risk; no paid intervention,churn-logistic-1.0.0
17114,2011-12-10,Recent developing,747.22,8,0.3186072246222678,0,0.4,Standard monitoring,Normal low-cost engagement; no paid retention incentive,38851.33209999985,238.06969038225097,2643,2932,Standard monitoring,Monitor customer value and churn risk; no paid intervention,churn-logistic-1.0.0
17115,2011-12-10,Champions,2688.99,7,0.49801715289924,1,0.4,Standard monitoring,Normal low-cost engagement; no paid retention incentive,38851.33209999985,1339.1631439745272,2109,651,Priority 2 - Targeted,Personalized retention offer for a high-value account,churn-logistic-1.0.0
17119,2011-12-10,Recent developing,593.61,2,0.5712405561359927,1,0.4,Standard monitoring,Normal low-cost engagement; no paid retention incentive,38851.33209999985,339.0941065278866,1830,2613,Standard monitoring,Monitor customer value and churn risk; no paid intervention,churn-logistic-1.0.0
17122,2011-12-10,At-risk established,570.5,4,0.8111537692933118,1,0.4,Priority 2 - Targeted,Targeted retention message for the next-ranked 10%,38851.33209999985,462.7632253818344,634,2236,Standard monitoring,Monitor customer value and churn risk; no paid intervention,churn-logistic-1.0.0
17123,2011-12-10,At-risk established,966.67,3,0.8656649705118767,1,0.4,Priority 1 - Immediate,Personalized outreach for the highest-ranked 10%; use segment and value,38851.33209999985,836.8123570447159,232,1308,Priority 3 - Nurture,Low-cost relationship nurture for value protection,churn-logistic-1.0.0
17125,2011-12-10,Recent developing,259.35,1,0.8069297539173772,1,0.4,Priority 2 - Targeted,Targeted retention message for the next-ranked 10%,38851.33209999985,209.2772316784718,686,3005,Standard monitoring,Monitor customer value and churn risk; no paid intervention,churn-logistic-1.0.0
17126,2011-12-10,At-risk established,2050.04,9,0.6383840828783419,1,0.4,Priority 3 - Nurture,Automated email nurture or product reminder,38851.33209999985,1308.7129052639161,1508,681,Priority 2 - Targeted,Personalized retention offer for a high-value account,churn-logistic-1.0.0
17131,2011-12-10,Champions,2463.17,5,0.3935373634447835,0,0.4,Standard monitoring,Normal low-cost engagement; no paid retention incentive,38851.33209999985,969.3494275162874,2441,1083,Priority 3 - Nurture,Low-cost relationship nurture for value protection,churn-logistic-1.0.0
17133,2011-12-10,Champions,12972.09,12,0.3228828715526272,0,0.4,Standard monitoring,Normal low-cost engagement; no paid retention incentive,38851.33209999985,4188.46566923912,2632,37,Priority 1 - Immediate,Account-manager outreach; prioritize the highest exposed customer value,churn-logistic-1.0.0
17134,2011-12-10,At-risk established,637.1,3,0.7803874715304004,1,0.4,Priority 3 - Nurture,Automated email nurture or product reminder,38851.33209999985,497.18485811201816,942,2146,Standard monitoring,Monitor customer value and churn risk; no paid intervention,churn-logistic-1.0.0
17135,2011-12-10,Champions,1937.44,10,0.4411004336149826,1,0.4,Standard monitoring,Normal low-cost engagement; no paid retention incentive,38851.33209999985,854.6056241030119,2278,1278,Priority 3 - Nurture,Low-cost relationship nurture for value protection,churn-logistic-1.0.0
17139,2011-12-10,Champions,19487.36,25,0.0384084304714728,0,0.4,Standard monitoring,Normal low-cost engagement; no paid retention incentive,38851.33209999985,748.4789116325602,3297,1493,Priority 3 - Nurture,Low-cost relationship nurture for value protection,churn-logistic-1.0.0
17144,2011-12-10,Recent developing,984.57,2,0.608039704390706,1,0.4,Priority 3 - Nurture,Automated email nurture or product reminder,38851.33209999985,598.6576517519575,1662,1865,Standard monitoring,Monitor customer value and churn risk; no paid intervention,churn-logistic-1.0.0
17146,2011-12-10,Champions,5795.99,13,0.4805994155022446,1,0.4,Standard monitoring,Normal low-cost engagement; no paid retention incentive,38851.33209999985,2785.5494062568546,2162,116,Priority 1 - Immediate,Account-manager outreach; prioritize the highest exposed customer value,churn-logistic-1.0.0
17147,2011-12-10,Champions,3070.8,9,0.3938068013161135,0,0.4,Standard monitoring,Normal low-cost engagement; no paid retention incentive,38851.33209999985,1209.3019254815215,2438,773,Priority 3 - Nurture,Low-cost relationship nurture for value protection,churn-logistic-1.0.0
17148,2011-12-10,Lapsed low-value,124.88,1,0.8176234586675166,1,0.4,Priority 2 - Targeted,Targeted retention message for the next-ranked 10%,38851.33209999985,102.10481751839947,583,3293,Standard monitoring,Monitor customer value and churn risk; no paid intervention,churn-logistic-1.0.0
17153,2011-12-10,Recent developing,213.78,1,0.8003570481931573,1,0.4,Priority 3 - Nurture,Automated email nurture or product reminder,38851.33209999985,171.10032976273317,766,3097,Standard monitoring,Monitor customer value and churn risk; no paid intervention,churn-logistic-1.0.0
17154,2011-12-10,Lapsed low-value,329.34,1,0.829697468602935,1,0.4,Priority 2 - Targeted,Targeted retention message for the next-ranked 10%,38851.33209999985,273.2525643096906,479,2827,Standard monitoring,Monitor customer value and churn risk; no paid intervention,churn-logistic-1.0.0
17155,2011-12-10,Recent developing,892.46,7,0.5338126126228471,1,0.4,Standard monitoring,Normal low-cost engagement; no paid retention incentive,38851.33209999985,476.4064042613861,1963,2198,Standard monitoring,Monitor customer value and churn risk; no paid intervention,churn-logistic-1.0.0
17157,2011-12-10,Champions,5139.45,19,0.2996626608628166,0,0.4,Standard monitoring,Normal low-cost engagement; no paid retention incentive,38851.33209999985,1540.1012623714028,2707,485,Priority 2 - Targeted,Personalized retention offer for a high-value account,churn-logistic-1.0.0
17158,2011-12-10,Recent developing,1962.3,5,0.6206203852850355,1,0.4,Priority 3 - Nurture,Automated email nurture or product reminder,38851.33209999985,1217.8433820448251,1607,765,Priority 3 - Nurture,Low-cost relationship nurture for value protection,churn-logistic-1.0.0
17159,2011-12-10,Recent developing,2095.44,5,0.4628985178851135,1,0.4,Standard monitoring,Normal low-cost engagement; no paid retention incentive,38851.33209999985,969.9760703171822,2211,1082,Priority 3 - Nurture,Low-cost relationship nurture for value protection,churn-logistic-1.0.0
17160,2011-12-10,Champions,10201.36,17,0.1856465496374826,0,0.4,Standard monitoring,Normal low-cost engagement; no paid retention incentive,38851.33209999985,1893.8472856098294,2986,306,Priority 1 - Immediate,Account-manager outreach; prioritize the highest exposed customer value,churn-logistic-1.0.0
17162,2011-12-10,Champions,1707.21,10,0.5389916463566928,1,0.4,Standard monitoring,Normal low-cost engagement; no paid retention incentive,38851.33209999985,920.1719285766096,1947,1174,Priority 3 - Nurture,Low-cost relationship nurture for value protection,churn-logistic-1.0.0
17163,2011-12-10,Recent developing,699.78,4,0.7249906432799395,1,0.4,Priority 3 - Nurture,Automated email nurture or product reminder,38851.33209999985,507.333952354436,1165,2107,Standard monitoring,Monitor customer value and churn risk; no paid intervention,churn-logistic-1.0.0
17164,2011-12-10,Champions,2466.4,7,0.4312660312550283,1,0.4,Standard monitoring,Normal low-cost engagement; no paid retention incentive,38851.33209999985,1063.674539487402,2307,948,Priority 3 - Nurture,Low-cost relationship nurture for value protection,churn-logistic-1.0.0
17166,2011-12-10,Recent developing,189.49,2,0.7690126504141227,1,0.4,Priority 3 - Nurture,Automated email nurture or product reminder,38851.33209999985,145.72020712697213,1004,3173,Standard monitoring,Monitor customer value and churn risk; no paid intervention,churn-logistic-1.0.0
17169,2011-12-10,Recent developing,1130.88,3,0.8223739803906678,1,0.4,Priority 2 - Targeted,Targeted retention message for the next-ranked 10%,38851.33209999985,930.0062869441985,548,1158,Priority 3 - Nurture,Low-cost relationship nurture for value protection,churn-logistic-1.0.0
17172,2011-12-10,At-risk established,915.49,3,0.8253414833661981,1,0.4,Priority 2 - Targeted,Targeted retention message for the next-ranked 10%,38851.33209999985,755.5918746069207,523,1482,Priority 3 - Nurture,Low-cost relationship nurture for value protection,churn-logistic-1.0.0
17173,2011-12-10,Champions,3755.65,8,0.1354263046808071,0,0.4,Standard monitoring,Normal low-cost engagement; no paid retention incentive,38851.33209999985,508.6138011744732,3104,2103,Standard monitoring,Monitor customer value and churn risk; no paid intervention,churn-logistic-1.0.0
17175,2011-12-10,Recent developing,1430.94,4,0.6236695153283677,1,0.4,Priority 3 - Nurture,Automated email nurture or product reminder,38851.33209999985,892.4336562639745,1588,1220,Priority 3 - Nurture,Low-cost relationship nurture for value protection,churn-logistic-1.0.0
17179,2011-12-10,At-risk established,1507.26,6,0.7048644651323123,1,0.4,Priority 3 - Nurture,Automated email nurture or product reminder,38851.33209999985,1062.414013715329,1244,952,Priority 3 - Nurture,Low-cost relationship nurture for value protection,churn-logistic-1.0.0
17180,2011-12-10,Champions,2237.58,11,0.4506325274029045,1,0.4,Standard monitoring,Normal low-cost engagement; no paid retention incentive,38851.33209999985,1008.326330666191,2249,1021,Priority 3 - Nurture,Low-cost relationship nurture for value protection,churn-logistic-1.0.0
17181,2011-12-10,Recent developing,465.37,3,0.8108347985931769,1,0.4,Priority 2 - Targeted,Targeted retention message for the next-ranked 10%,38851.33209999985,377.3381902213067,636,2487,Standard monitoring,Monitor customer value and churn risk; no paid intervention,churn-logistic-1.0.0
17183,2011-12-10,Champions,3286.9100000000003,6,0.1695383124220141,0,0.4,Standard monitoring,Normal low-cost engagement; no paid retention incentive,38851.33209999985,557.2571744830424,3024,1965,Standard monitoring,Monitor customer value and churn risk; no paid intervention,churn-logistic-1.0.0
17186,2011-12-10,Recent developing,144.0,2,0.6214862218703352,1,0.4,Priority 3 - Nurture,Automated email nurture or product reminder,38851.33209999985,89.49401594932827,1600,3337,Standard monitoring,Monitor customer value and churn risk; no paid intervention,churn-logistic-1.0.0
17188,2011-12-10,Champions,4369.38,13,0.2386976858909545,0,0.4,Standard monitoring,Normal low-cost engagement; no paid retention incentive,38851.33209999985,1042.9608947782187,2852,982,Priority 3 - Nurture,Low-cost relationship nurture for value protection,churn-logistic-1.0.0
17189,2011-12-10,At-risk established,957.63,5,0.767543454988493,1,0.4,Priority 3 - Nurture,Automated email nurture or product reminder,38851.33209999985,735.0226388006305,1012,1529,Priority 3 - Nurture,Low-cost relationship nurture for value protection,churn-logistic-1.0.0
17190,2011-12-10,At-risk established,1546.2,6,0.7121685460056216,1,0.4,Priority 3 - Nurture,Automated email nurture or product reminder,38851.33209999985,1101.1550058338921,1219,908,Priority 3 - Nurture,Low-cost relationship nurture for value protection,churn-logistic-1.0.0
17191,2011-12-10,Champions,4810.55,15,0.2637819441929087,0,0.4,Standard monitoring,Normal low-cost engagement; no paid retention incentive,38851.33209999985,1268.936231637197,2788,720,Priority 3 - Nurture,Low-cost relationship nurture for value protection,churn-logistic-1.0.0
17193,2011-12-10,Champions,2285.2000000000003,9,0.2569399805404018,0,0.4,Standard monitoring,Normal low-cost engagement; no paid retention incentive,38851.33209999985,587.1592435309262,2809,1898,Standard monitoring,Monitor customer value and churn risk; no paid intervention,churn-logistic-1.0.0
17197,2011-12-10,Recent developing,1013.01,1,0.7719276249228016,1,0.4,Priority 3 - Nurture,Automated email nurture or product reminder,38851.33209999985,781.9704033230473,988,1408,Priority 3 - Nurture,Low-cost relationship nurture for value protection,churn-logistic-1.0.0
17198,2011-12-10,Recent developing,1213.88,3,0.842899020449209,1,0.4,Priority 2 - Targeted,Targeted retention message for the next-ranked 10%,38851.33209999985,1023.1782629428858,381,998,Priority 3 - Nurture,Low-cost relationship nurture for value protection,churn-logistic-1.0.0
17201,2011-12-10,At-risk established,1215.94,4,0.7751002272152349,1,0.4,Priority 3 - Nurture,Automated email nurture or product reminder,38851.33209999985,942.4753702800928,962,1130,Priority 3 - Nurture,Low-cost relationship nurture for value protection,churn-logistic-1.0.0
17203,2011-12-10,Champions,5575.88,10,0.5261407131841126,1,0.4,Standard monitoring,Normal low-cost engagement; no paid retention incentive,38851.33209999985,2933.69747982903,1989,100,Priority 1 - Immediate,Account-manager outreach; prioritize the highest exposed customer value,churn-logistic-1.0.0
17204,2011-12-10,At-risk established,5255.49,9,0.6738066104365281,1,0.4,Priority 3 - Nurture,Automated email nurture or product reminder,38851.33209999985,3541.183903083069,1347,55,Priority 1 - Immediate,Account-manager outreach; prioritize the highest exposed customer value,churn-logistic-1.0.0
17205,2011-12-10,Recent developing,999.35,3,0.8495751359142302,1,0.4,Priority 1 - Immediate,Personalized outreach for the highest-ranked 10%; use segment and value,38851.33209999985,849.022912075886,342,1286,Priority 3 - Nurture,Low-cost relationship nurture for value protection,churn-logistic-1.0.0
17206,2011-12-10,Lapsed low-value,204.24,1,0.816484483661133,1,0.4,Priority 2 - Targeted,Targeted retention message for the next-ranked 10%,38851.33209999985,166.75879094294982,590,3114,Standard monitoring,Monitor customer value and churn risk; no paid intervention,churn-logistic-1.0.0
17211,2011-12-10,Champions,4029.1,13,0.2747816941381943,0,0.4,Standard monitoring,Normal low-cost engagement; no paid retention incentive,38851.33209999985,1107.1229238521987,2764,900,Priority 3 - Nurture,Low-cost relationship nurture for value protection,churn-logistic-1.0.0
17213,2011-12-10,Champions,5129.45,13,0.2964016234548814,0,0.4,Standard monitoring,Normal low-cost engagement; no paid retention incentive,38851.33209999985,1520.3773074306414,2713,505,Priority 2 - Targeted,Personalized retention offer for a high-value account,churn-logistic-1.0.0
17214,2011-12-10,At-risk established,984.12,6,0.5796300056799574,1,0.4,Standard monitoring,Normal low-cost engagement; no paid retention incentive,38851.33209999985,570.4254811897597,1788,1933,Standard monitoring,Monitor customer value and churn risk; no paid intervention,churn-logistic-1.0.0
17218,2011-12-10,Champions,4190.68,18,0.1085878792648776,0,0.4,Standard monitoring,Normal low-cost engagement; no paid retention incentive,38851.33209999985,455.0570538777373,3152,2264,Standard monitoring,Monitor customer value and churn risk; no paid intervention,churn-logistic-1.0.0
17219,2011-12-10,Recent developing,259.13,2,0.8712494689375773,1,0.4,Priority 1 - Immediate,Personalized outreach for the highest-ranked 10%; use segment and value,38851.33209999985,225.76687488579438,191,2964,Standard monitoring,Monitor customer value and churn risk; no paid intervention,churn-logistic-1.0.0
17220,2011-12-10,Champions,4475.85,21,0.1137852207090262,0,0.4,Standard monitoring,Normal low-cost engagement; no paid retention incentive,38851.33209999985,509.285580110495,3136,2099,Standard monitoring,Monitor customer value and churn risk; no paid intervention,churn-logistic-1.0.0
17221,2011-12-10,Recent developing,978.52,5,0.6293644254384136,1,0.4,Priority 3 - Nurture,Automated email nurture or product reminder,38851.33209999985,615.8456775799965,1552,1814,Standard monitoring,Monitor customer value and churn risk; no paid intervention,churn-logistic-1.0.0
17222,2011-12-10,At-risk established,1589.11,6,0.6929801596652079,1,0.4,Priority 3 - Nurture,Automated email nurture or product reminder,38851.33209999985,1101.2217015255785,1287,907,Priority 3 - Nurture,Low-cost relationship nurture for value protection,churn-logistic-1.0.0
17227,2011-12-10,Champions,2022.03,12,0.2402169499565314,0,0.4,Standard monitoring,Normal low-cost engagement; no paid retention incentive,38851.33209999985,485.72587932060515,2848,2171,Standard monitoring,Monitor customer value and churn risk; no paid intervention,churn-logistic-1.0.0
17228,2011-12-10,Champions,3177.24,13,0.2051299841525642,0,0.4,Standard monitoring,Normal low-cost engagement; no paid retention incentive,38851.33209999985,651.7471908488931,2934,1737,Standard monitoring,Monitor customer value and churn risk; no paid intervention,churn-logistic-1.0.0
17229,2011-12-10,Lapsed low-value,318.76,2,0.7127125793337381,1,0.4,Priority 3 - Nurture,Automated email nurture or product reminder,38851.33209999985,227.18426178842236,1217,2959,Standard monitoring,Monitor customer value and churn risk; no paid intervention,churn-logistic-1.0.0
17231,2011-12-10,Champions,7091.07,25,0.0607275183362354,0,0.4,Standard monitoring,Normal low-cost engagement; no paid retention incentive,38851.33209999985,430.62308344852875,3245,2342,Standard monitoring,Monitor customer value and churn risk; no paid intervention,churn-logistic-1.0.0
17232,2011-12-10,Recent developing,421.52,2,0.549979629243814,1,0.4,Standard monitoring,Normal low-cost engagement; no paid retention incentive,38851.33209999985,231.82741331885248,1913,2949,Standard monitoring,Monitor customer value and churn risk; no paid intervention,churn-logistic-1.0.0
17233,2011-12-10,Recent developing,560.86,3,0.8349959840844522,1,0.4,Priority 2 - Targeted,Targeted retention message for the next-ranked 10%,38851.33209999985,468.31584763360587,436,2216,Standard monitoring,Monitor customer value and churn risk; no paid intervention,churn-logistic-1.0.0
17235,2011-12-10,Champions,1904.88,8,0.6047835001008752,1,0.4,Priority 3 - Nurture,Automated email nurture or product reminder,38851.33209999985,1152.0399936721553,1678,836,Priority 3 - Nurture,Low-cost relationship nurture for value protection,churn-logistic-1.0.0
17236,2011-12-10,Champions,1929.26,12,0.3637492968591067,0,0.4,Standard monitoring,Normal low-cost engagement; no paid retention incentive,38851.33209999985,701.7669684584001,2530,1613,Priority 3 - Nurture,Low-cost relationship nurture for value protection,churn-logistic-1.0.0
17237,2011-12-10,Recent developing,1002.08,4,0.5946109892419088,1,0.4,Priority 3 - Nurture,Automated email nurture or product reminder,38851.33209999985,595.847780099532,1720,1869,Standard monitoring,Monitor customer value and churn risk; no paid intervention,churn-logistic-1.0.0
17238,2011-12-10,Champions,7782.6,32,0.013824143884098,0,0.4,Standard monitoring,Normal low-cost engagement; no paid retention incentive,38851.33209999985,107.5877821923811,3371,3279,Standard monitoring,Monitor customer value and churn risk; no paid intervention,churn-logistic-1.0.0
17242,2011-12-10,At-risk established,2889.28,5,0.6973318159697016,1,0.4,Priority 3 - Nurture,Automated email nurture or product reminder,38851.33209999985,2014.7868692449397,1271,260,Priority 1 - Immediate,Account-manager outreach; prioritize the highest exposed customer value,churn-logistic-1.0.0
17243,2011-12-10,Champions,20713.71,69,0.0005325942044777,0,0.4,Standard monitoring,Normal low-cost engagement; no paid retention incentive,38851.33209999985,11.03200189923178,3442,3438,Standard monitoring,Monitor customer value and churn risk; no paid intervention,churn-logistic-1.0.0
17244,2011-12-10,At-risk established,1826.04,5,0.7630665331613075,1,0.4,Priority 3 - Nurture,Automated email nurture or product reminder,38851.33209999985,1393.390012213874,1034,599,Priority 2 - Targeted,Personalized retention offer for a high-value account,churn-logistic-1.0.0
17247,2011-12-10,Recent developing,282.19,1,0.7821141398060671,1,0.4,Priority 3 - Nurture,Automated email nurture or product reminder,38851.33209999985,220.70478911187408,936,2977,Standard monitoring,Monitor customer value and churn risk; no paid intervention,churn-logistic-1.0.0
17248,2011-12-10,Lapsed low-value,546.16,2,0.8932842674354086,1,0.4,Priority 1 - Immediate,Personalized outreach for the highest-ranked 10%; use segment and value,38851.33209999985,487.8761355025227,108,2167,Standard monitoring,Monitor customer value and churn risk; no paid intervention,churn-logistic-1.0.0
17250,2011-12-10,Recent developing,384.52,2,0.7907453697686382,1,0.4,Priority 3 - Nurture,Automated email nurture or product reminder,38851.33209999985,304.05740958343677,865,2713,Standard monitoring,Monitor customer value and churn risk; no paid intervention,churn-logistic-1.0.0
17252,2011-12-10,Lapsed low-value,353.86,2,0.7458272036337492,1,0.4,Priority 3 - Nurture,Automated email nurture or product reminder,38851.33209999985,263.9184142778385,1094,2857,Standard monitoring,Monitor customer value and churn risk; no paid intervention,churn-logistic-1.0.0
17253,2011-12-10,Recent developing,178.26,1,0.7972106583870566,1,0.4,Priority 3 - Nurture,Automated email nurture or product reminder,38851.33209999985,142.11077196407672,793,3185,Standard monitoring,Monitor customer value and churn risk; no paid intervention,churn-logistic-1.0.0
17254,2011-12-10,Recent developing,470.73,3,0.7694537533280973,1,0.4,Priority 3 - Nurture,Automated email nurture or product reminder,38851.33209999985,362.20496530413527,1000,2538,Standard monitoring,Monitor customer value and churn risk; no paid intervention,churn-logistic-1.0.0
17255,2011-12-10,Recent developing,799.13,4,0.6711559857600287,1,0.4,Priority 3 - Nurture,Automated email nurture or product reminder,38851.33209999985,536.3408829004117,1358,2028,Standard monitoring,Monitor customer value and churn risk; no paid intervention,churn-logistic-1.0.0
17256,2011-12-10,At-risk established,498.93,5,0.7735788187372377,1,0.4,Priority 3 - Nurture,Automated email nurture or product reminder,38851.33209999985,385.96168003257,974,2469,Standard monitoring,Monitor customer value and churn risk; no paid intervention,churn-logistic-1.0.0
17259,2011-12-10,At-risk established,1889.34,6,0.6961725285545189,1,0.4,Priority 3 - Nurture,Automated email nurture or product reminder,38851.33209999985,1315.3066050991947,1276,676,Priority 2 - Targeted,Personalized retention offer for a high-value account,churn-logistic-1.0.0
17262,2011-12-10,Champions,2757.62,11,0.5529849939258824,1,0.4,Standard monitoring,Normal low-cost engagement; no paid retention incentive,38851.33209999985,1524.9224789498917,1901,499,Priority 2 - Targeted,Personalized retention offer for a high-value account,churn-logistic-1.0.0
17265,2011-12-10,Lapsed low-value,562.9,2,0.7295883074374008,1,0.4,Priority 3 - Nurture,Automated email nurture or product reminder,38851.33209999985,410.6852582565129,1154,2401,Standard monitoring,Monitor customer value and churn risk; no paid intervention,churn-logistic-1.0.0
17266,2011-12-10,Recent developing,517.73,5,0.5042338657177716,1,0.4,Standard monitoring,Normal low-cost engagement; no paid retention incentive,38851.33209999985,261.0569992980619,2085,2866,Standard monitoring,Monitor customer value and churn risk; no paid intervention,churn-logistic-1.0.0
17267,2011-12-10,Lapsed low-value,317.62,2,0.8664211767877592,1,0.4,Priority 1 - Immediate,Personalized outreach for the highest-ranked 10%; use segment and value,38851.33209999985,275.19269417132807,229,2820,Standard monitoring,Monitor customer value and churn risk; no paid intervention,churn-logistic-1.0.0
17268,2011-12-10,At-risk established,1733.89,11,0.5378306005298302,1,0.4,Standard monitoring,Normal low-cost engagement; no paid retention incentive,38851.33209999985,932.5390999526674,1952,1149,Priority 3 - Nurture,Low-cost relationship nurture for value protection,churn-logistic-1.0.0
17272,2011-12-10,At-risk established,2144.83,4,0.5873765376459315,1,0.4,Standard monitoring,Normal low-cost engagement; no paid retention incentive,38851.33209999985,1259.8228192391232,1749,731,Priority 3 - Nurture,Low-cost relationship nurture for value protection,churn-logistic-1.0.0
17274,2011-12-10,Recent developing,577.38,2,0.8520936696106143,1,0.4,Priority 1 - Immediate,Personalized outreach for the highest-ranked 10%; use segment and value,38851.33209999985,491.9818429597765,331,2157,Standard monitoring,Monitor customer value and churn risk; no paid intervention,churn-logistic-1.0.0
17279,2011-12-10,Lapsed low-value,187.83,1,0.8184624938013322,1,0.4,Priority 2 - Targeted,Targeted retention message for the next-ranked 10%,38851.33209999985,153.73181021070423,574,3149,Standard monitoring,Monitor customer value and churn risk; no paid intervention,churn-logistic-1.0.0
17282,2011-12-10,At-risk established,2339.66,5,0.6476372531165383,1,0.4,Priority 3 - Nurture,Automated email nurture or product reminder,38851.33209999985,1515.25097562664,1458,510,Priority 2 - Targeted,Personalized retention offer for a high-value account,churn-logistic-1.0.0
17284,2011-12-10,At-risk established,2552.8,7,0.3802100067186418,0,0.4,Standard monitoring,Normal low-cost engagement; no paid retention incentive,38851.33209999985,970.6001051513489,2488,1080,Priority 3 - Nurture,Low-cost relationship nurture for value protection,churn-logistic-1.0.0
17286,2011-12-10,Recent developing,395.48,3,0.8555637733526644,1,0.4,Priority 1 - Immediate,Personalized outreach for the highest-ranked 10%; use segment and value,38851.33209999985,338.3583610855117,307,2616,Standard monitoring,Monitor customer value and churn risk; no paid intervention,churn-logistic-1.0.0
17287,2011-12-10,Champions,4095.71,21,0.1744909116246874,0,0.4,Standard monitoring,Normal low-cost engagement; no paid retention incentive,38851.33209999985,714.6641716503485,3010,1581,Priority 3 - Nurture,Low-cost relationship nurture for value protection,churn-logistic-1.0.0
17288,2011-12-10,Champions,2499.98,11,0.3736864545317875,0,0.4,Standard monitoring,Normal low-cost engagement; no paid retention incentive,38851.33209999985,934.2086626003781,2500,1146,Priority 3 - Nurture,Low-cost relationship nurture for value protection,churn-logistic-1.0.0
17289,2011-12-10,Champions,2069.89,9,0.3673410049018492,0,0.4,Standard monitoring,Normal low-cost engagement; no paid retention incentive,38851.33209999985,760.3554726362886,2519,1465,Priority 3 - Nurture,Low-cost relationship nurture for value protection,churn-logistic-1.0.0
17290,2011-12-10,Champions,1440.96,8,0.4233911848634091,1,0.4,Standard monitoring,Normal low-cost engagement; no paid retention incentive,38851.33209999985,610.089761740778,2331,1835,Standard monitoring,Monitor customer value and churn risk; no paid intervention,churn-logistic-1.0.0
17293,2011-12-10,Champions,3774.23,17,0.0933841543530591,0,0.4,Standard monitoring,Normal low-cost engagement; no paid retention incentive,38851.33209999985,352.4532768839463,3180,2563,Standard monitoring,Monitor customer value and churn risk; no paid intervention,churn-logistic-1.0.0
17295,2011-12-10,Recent developing,556.95,3,0.6314380187545513,1,0.4,Priority 3 - Nurture,Automated email nurture or product reminder,38851.33209999985,351.6794045453474,1541,2566,Standard monitoring,Monitor customer value and churn risk; no paid intervention,churn-logistic-1.0.0
17297,2011-12-10,Recent developing,131.78,1,0.7892875652588784,1,0.4,Priority 3 - Nurture,Automated email nurture or product reminder,38851.33209999985,104.012315349815,877,3287,Standard monitoring,Monitor customer value and churn risk; no paid intervention,churn-logistic-1.0.0
17298,2011-12-10,At-risk established,936.62,5,0.7021318692253491,1,0.4,Priority 3 - Nurture,Automated email nurture or product reminder,38851.33209999985,657.6307513538464,1253,1719,Priority 3 - Nurture,Low-cost relationship nurture for value protection,churn-logistic-1.0.0
17299,2011-12-10,Recent developing,1016.08,6,0.4315430410048529,1,0.4,Standard monitoring,Normal low-cost engagement; no paid retention incentive,38851.33209999985,438.48225310421094,2306,2315,Standard monitoring,Monitor customer value and churn risk; no paid intervention,churn-logistic-1.0.0
17301,2011-12-10,Recent developing,330.43,2,0.9271135916955257,1,0.4,Priority 1 - Immediate,Personalized outreach for the highest-ranked 10%; use segment and value,38851.33209999985,306.34614410395255,38,2705,Standard monitoring,Monitor customer value and churn risk; no paid intervention,churn-logistic-1.0.0
17302,2011-12-10,Recent developing,1119.93,5,0.4577574290459666,1,0.4,Standard monitoring,Normal low-cost engagement; no paid retention incentive,38851.33209999985,512.6562775114494,2225,2088,Standard monitoring,Monitor customer value and churn risk; no paid intervention,churn-logistic-1.0.0
17306,2011-12-10,Champions,9751.77,21,0.1562976072835996,0,0.4,Standard monitoring,Normal low-cost engagement; no paid retention incentive,38851.33209999985,1524.178317779988,3059,501,Priority 2 - Targeted,Personalized retention offer for a high-value account,churn-logistic-1.0.0
17309,2011-12-10,Recent developing,330.59000000000003,3,0.8151805420776451,1,0.4,Priority 2 - Targeted,Targeted retention message for the next-ranked 10%,38851.33209999985,269.4905354054487,601,2838,Standard monitoring,Monitor customer value and churn risk; no paid intervention,churn-logistic-1.0.0
17311,2011-12-10,At-risk established,3490.66,6,0.633062282811924,1,0.4,Priority 3 - Nurture,Automated email nurture or product reminder,38851.33209999985,2209.8051881202705,1535,212,Priority 1 - Immediate,Account-manager outreach; prioritize the highest exposed customer value,churn-logistic-1.0.0
17312,2011-12-10,At-risk established,644.3,3,0.7000500717060263,1,0.4,Priority 3 - Nurture,Automated email nurture or product reminder,38851.33209999985,451.0422612001927,1261,2278,Standard monitoring,Monitor customer value and churn risk; no paid intervention,churn-logistic-1.0.0
17313,2011-12-10,Recent developing,2291.81,1,0.7167601086736834,1,0.4,Priority 3 - Nurture,Automated email nurture or product reminder,38851.33209999985,1642.6779846594345,1193,417,Priority 2 - Targeted,Personalized retention offer for a high-value account,churn-logistic-1.0.0
17314,2011-12-10,Champions,4513.0,17,0.1109087114122023,0,0.4,Standard monitoring,Normal low-cost engagement; no paid retention incentive,38851.33209999985,500.53101460326894,3146,2128,Standard monitoring,Monitor customer value and churn risk; no paid intervention,churn-logistic-1.0.0
17315,2011-12-10,Champions,9517.47,41,0.0034162145322738,0,0.4,Standard monitoring,Normal low-cost engagement; no paid retention incentive,38851.33209999985,32.51371932447992,3416,3415,Standard monitoring,Monitor customer value and churn risk; no paid intervention,churn-logistic-1.0.0
17317,2011-12-10,At-risk established,2562.18,3,0.5093569087319327,1,0.4,Standard monitoring,Normal low-cost engagement; no paid retention incentive,38851.33209999985,1305.0640844147833,2052,683,Priority 2 - Targeted,Personalized retention offer for a high-value account,churn-logistic-1.0.0
17320,2011-12-10,At-risk established,2895.77,6,0.656901775094129,1,0.4,Priority 3 - Nurture,Automated email nurture or product reminder,38851.33209999985,1902.2364532643257,1414,303,Priority 1 - Immediate,Account-manager outreach; prioritize the highest exposed customer value,churn-logistic-1.0.0
17321,2011-12-10,Recent developing,1741.18,6,0.5174139261522137,1,0.4,Standard monitoring,Normal low-cost engagement; no paid retention incentive,38851.33209999985,900.9107799377115,2022,1213,Priority 3 - Nurture,Low-cost relationship nurture for value protection,churn-logistic-1.0.0
17323,2011-12-10,Champions,1550.11,12,0.158932825152522,0,0.4,Standard monitoring,Normal low-cost engagement; no paid retention incentive,38851.33209999985,246.36336159717587,3054,2906,Standard monitoring,Monitor customer value and churn risk; no paid intervention,churn-logistic-1.0.0
17324,2011-12-10,Champions,2148.87,12,0.3635903091504878,0,0.4,Standard monitoring,Normal low-cost engagement; no paid retention incentive,38851.33209999985,781.3083076242086,2531,1411,Priority 3 - Nurture,Low-cost relationship nurture for value protection,churn-logistic-1.0.0
17329,2011-12-10,Recent developing,1004.43,5,0.8435803419834919,1,0.4,Priority 2 - Targeted,Targeted retention message for the next-ranked 10%,38851.33209999985,847.3174028984787,375,1287,Priority 3 - Nurture,Low-cost relationship nurture for value protection,churn-logistic-1.0.0
17330,2011-12-10,Recent developing,423.8,4,0.6968900890425135,1,0.4,Priority 3 - Nurture,Automated email nurture or product reminder,38851.33209999985,295.3420197362172,1272,2739,Standard monitoring,Monitor customer value and churn risk; no paid intervention,churn-logistic-1.0.0
17331,2011-12-10,Lapsed low-value,175.2,1,0.8639759884447927,1,0.4,Priority 1 - Immediate,Personalized outreach for the highest-ranked 10%; use segment and value,38851.33209999985,151.36859317552768,242,3155,Standard monitoring,Monitor customer value and churn risk; no paid intervention,churn-logistic-1.0.0
17333,2011-12-10,Lapsed low-value,494.25,1,0.8280166899433612,1,0.4,Priority 2 - Targeted,Targeted retention message for the next-ranked 10%,38851.33209999985,409.2472490045063,499,2402,Standard monitoring,Monitor customer value and churn risk; no paid intervention,churn-logistic-1.0.0
17337,2011-12-10,At-risk established,1975.32,4,0.5842775907200376,1,0.4,Standard monitoring,Normal low-cost engagement; no paid retention incentive,38851.33209999985,1154.1352105011047,1763,832,Priority 3 - Nurture,Low-cost relationship nurture for value protection,churn-logistic-1.0.0
17338,2011-12-10,Champions,12071.23,17,0.1046691630466946,0,0.4,Standard monitoring,Normal low-cost engagement; no paid retention incentive,38851.33209999985,1263.4855410441512,3161,726,Priority 3 - Nurture,Low-cost relationship nurture for value protection,churn-logistic-1.0.0
17339,2011-12-10,Lapsed low-value,303.36,2,0.8669818919414767,1,0.4,Priority 1 - Immediate,Personalized outreach for the highest-ranked 10%; use segment and value,38851.33209999985,263.0076267393664,224,2859,Standard monitoring,Monitor customer value and churn risk; no paid intervention,churn-logistic-1.0.0
17340,2011-12-10,Champions,22045.22,18,0.0803046619585631,0,0.4,Standard monitoring,Normal low-cost engagement; no paid retention incentive,38851.33209999985,1770.3339399021545,3201,355,Priority 2 - Targeted,Personalized retention offer for a high-value account,churn-logistic-1.0.0
17341,2011-12-10,At-risk established,1889.83,5,0.7825604299141501,1,0.4,Priority 3 - Nurture,Automated email nurture or product reminder,38851.33209999985,1478.9061772646583,932,540,Priority 2 - Targeted,Personalized retention offer for a high-value account,churn-logistic-1.0.0
17344,2011-12-10,Recent developing,468.11,2,0.9513191599317397,1,0.4,Priority 1 - Immediate,Personalized outreach for the highest-ranked 10%; use segment and value,38851.33209999985,445.32201195564664,7,2302,Standard monitoring,Monitor customer value and churn risk; no paid intervention,churn-logistic-1.0.0
17345,2011-12-10,Champions,1558.98,10,0.4220764671073552,1,0.4,Standard monitoring,Normal low-cost engagement; no paid retention incentive,38851.33209999985,658.0087706910246,2335,1718,Priority 3 - Nurture,Low-cost relationship nurture for value protection,churn-logistic-1.0.0
17346,2011-12-10,Champions,5250.82,26,0.0160592921166331,0,0.4,Standard monitoring,Normal low-cost engagement; no paid retention incentive,38851.33209999985,84.3244522318594,3364,3348,Standard monitoring,Monitor customer value and churn risk; no paid intervention,churn-logistic-1.0.0
17347,2011-12-10,Lapsed low-value,228.96,1,0.8412691598473022,1,0.4,Priority 2 - Targeted,Targeted retention message for the next-ranked 10%,38851.33209999985,192.61698683863833,393,3045,Standard monitoring,Monitor customer value and churn risk; no paid intervention,churn-logistic-1.0.0
17348,2011-12-10,Champions,2464.31,9,0.2060901289991817,0,0.4,Standard monitoring,Normal low-cost engagement; no paid retention incentive,38851.33209999985,507.86996579397345,2928,2104,Standard monitoring,Monitor customer value and churn risk; no paid intervention,churn-logistic-1.0.0
17349,2011-12-10,At-risk established,852.25,5,0.7927822855529647,1,0.4,Priority 3 - Nurture,Automated email nurture or product reminder,38851.33209999985,675.6487028625141,844,1676,Priority 3 - Nurture,Low-cost relationship nurture for value protection,churn-logistic-1.0.0
17350,2011-12-10,Champions,1876.161,7,0.4854654007490358,1,0.4,Standard monitoring,Normal low-cost engagement; no paid retention incentive,38851.33209999985,910.8112517347118,2146,1192,Priority 3 - Nurture,Low-cost relationship nurture for value protection,churn-logistic-1.0.0
17351,2011-12-10,Champions,1964.38,12,0.4099316124112771,1,0.4,Standard monitoring,Normal low-cost engagement; no paid retention incentive,38851.33209999985,805.2614607884645,2380,1366,Priority 3 - Nurture,Low-cost relationship nurture for value protection,churn-logistic-1.0.0
17353,2011-12-10,At-risk established,3164.05,4,0.780261075056475,1,0.4,Priority 3 - Nurture,Automated email nurture or product reminder,38851.33209999985,2468.78505453244,943,158,Priority 1 - Immediate,Account-manager outreach; prioritize the highest exposed customer value,churn-logistic-1.0.0
17354,2011-12-10,At-risk established,3143.46,4,0.8476165062202606,1,0.4,Priority 2 - Targeted,Targeted retention message for the next-ranked 10%,38851.33209999985,2664.4485826431405,349,129,Priority 1 - Immediate,Account-manager outreach; prioritize the highest exposed customer value,churn-logistic-1.0.0
17357,2011-12-10,Recent developing,388.14,2,0.8149749503733077,1,0.4,Priority 2 - Targeted,Targeted retention message for the next-ranked 10%,38851.33209999985,316.32437723789565,605,2663,Standard monitoring,Monitor customer value and churn risk; no paid intervention,churn-logistic-1.0.0
17359,2011-12-10,Recent developing,284.46,2,0.9409254958073876,1,0.4,Priority 1 - Immediate,Personalized outreach for the highest-ranked 10%; use segment and value,38851.33209999985,267.6556665373695,19,2849,Standard monitoring,Monitor customer value and churn risk; no paid intervention,churn-logistic-1.0.0
17360,2011-12-10,Recent developing,1201.43,6,0.7049978477842294,1,0.4,Priority 3 - Nurture,Automated email nurture or product reminder,38851.33209999985,847.0055642634068,1241,1290,Priority 3 - Nurture,Low-cost relationship nurture for value protection,churn-logistic-1.0.0
17361,2011-12-10,Recent developing,880.64,5,0.716368252599131,1,0.4,Priority 3 - Nurture,Automated email nurture or product reminder,38851.33209999985,630.8625379688987,1194,1786,Standard monitoring,Monitor customer value and churn risk; no paid intervention,churn-logistic-1.0.0
17364,2011-12-10,Champions,11684.55,27,0.0356270237664664,0,0.4,Standard monitoring,Normal low-cost engagement; no paid retention incentive,38851.33209999985,416.28574055046494,3301,2380,Standard monitoring,Monitor customer value and churn risk; no paid intervention,churn-logistic-1.0.0
17365,2011-12-10,Champions,8219.94,15,0.104339106892701,0,0.4,Standard monitoring,Normal low-cost engagement; no paid retention incentive,38851.33209999985,857.6611983115887,3163,1275,Priority 3 - Nurture,Low-cost relationship nurture for value protection,churn-logistic-1.0.0
17368,2011-12-10,Champions,2213.24,14,0.1906257217483006,0,0.4,Standard monitoring,Normal low-cost engagement; no paid retention incentive,38851.33209999985,421.9004724022087,2971,2362,Standard monitoring,Monitor customer value and churn risk; no paid intervention,churn-logistic-1.0.0
17370,2011-12-10,Recent developing,446.18,4,0.524481228208145,1,0.4,Standard monitoring,Normal low-cost engagement; no paid retention incentive,38851.33209999985,234.01303440191015,1998,2945,Standard monitoring,Monitor customer value and churn risk; no paid intervention,churn-logistic-1.0.0
17371,2011-12-10,Recent developing,658.55,6,0.7792681945863551,1,0.4,Priority 3 - Nurture,Automated email nurture or product reminder,38851.33209999985,513.1870695448441,947,2085,Standard monitoring,Monitor customer value and churn risk; no paid intervention,churn-logistic-1.0.0
17372,2011-12-10,Champions,4294.58,26,0.1089498221972808,0,0.4,Standard monitoring,Normal low-cost engagement; no paid retention incentive,38851.33209999985,467.8937274119982,3149,2218,Standard monitoring,Monitor customer value and churn risk; no paid intervention,churn-logistic-1.0.0
17373,2011-12-10,At-risk established,1167.5,7,0.427839206396069,1,0.4,Standard monitoring,Normal low-cost engagement; no paid retention incentive,38851.33209999985,499.50227346741053,2320,2134,Standard monitoring,Monitor customer value and churn risk; no paid intervention,churn-logistic-1.0.0
17376,2011-12-10,Recent developing,453.64,4,0.734836660971343,1,0.4,Priority 3 - Nurture,Automated email nurture or product reminder,38851.33209999985,333.35130288304003,1131,2628,Standard monitoring,Monitor customer value and churn risk; no paid intervention,churn-logistic-1.0.0
17377,2011-12-10,Exceptional high-value,18041.87,78,0.0007343456241112,0,0.4,Standard monitoring,Normal low-cost engagement; no paid retention incentive,38851.33209999985,13.248968285283135,3439,3435,Standard monitoring,Monitor customer value and churn risk; no paid intervention,churn-logistic-1.0.0
17379,2011-12-10,Recent developing,404.66,1,0.7719379273025853,1,0.4,Priority 3 - Nurture,Automated email nurture or product reminder,38851.33209999985,312.37240166226417,987,2679,Standard monitoring,Monitor customer value and churn risk; no paid intervention,churn-logistic-1.0.0
17381,2011-12-10,Champions,39999.19,38,0.0654340161436611,0,0.4,Standard monitoring,Normal low-cost engagement; no paid retention incentive,38851.33209999985,2542.1986918341286,3235,142,Priority 1 - Immediate,Account-manager outreach; prioritize the highest exposed customer value,churn-logistic-1.0.0
17382,2011-12-10,At-risk established,902.28,8,0.7132336674642966,1,0.4,Priority 3 - Nurture,Automated email nurture or product reminder,38851.33209999985,643.5364734796856,1213,1753,Standard monitoring,Monitor customer value and churn risk; no paid intervention,churn-logistic-1.0.0
17383,2011-12-10,Recent developing,309.99,2,0.8845918490276882,1,0.4,Priority 1 - Immediate,Personalized outreach for the highest-ranked 10%; use segment and value,38851.33209999985,274.21462728009305,122,2824,Standard monitoring,Monitor customer value and churn risk; no paid intervention,churn-logistic-1.0.0
17384,2011-12-10,Recent developing,507.55,3,0.7490987541215021,1,0.4,Priority 3 - Nurture,Automated email nurture or product reminder,38851.33209999985,380.2050726543684,1085,2484,Standard monitoring,Monitor customer value and churn risk; no paid intervention,churn-logistic-1.0.0
17385,2011-12-10,Recent developing,261.11,1,0.7858947395368869,1,0.4,Priority 3 - Nurture,Automated email nurture or product reminder,38851.33209999985,205.20497544047655,904,3018,Standard monitoring,Monitor customer value and churn risk; no paid intervention,churn-logistic-1.0.0
17386,2011-12-10,Champions,2812.77,7,0.5489642935915021,1,0.4,Standard monitoring,Normal low-cost engagement; no paid retention incentive,38851.33209999985,1544.1102960853693,1919,480,Priority 2 - Targeted,Personalized retention offer for a high-value account,churn-logistic-1.0.0
17387,2011-12-10,Recent developing,784.11,2,0.537157911625522,1,0.4,Standard monitoring,Normal low-cost engagement; no paid retention incentive,38851.33209999985,421.190890084688,1954,2366,Standard monitoring,Monitor customer value and churn risk; no paid intervention,churn-logistic-1.0.0
17388,2011-12-10,Champions,2691.57,11,0.4554030948567611,1,0.4,Standard monitoring,Normal low-cost engagement; no paid retention incentive,38851.33209999985,1225.7493080236127,2235,755,Priority 3 - Nurture,Low-cost relationship nurture for value protection,churn-logistic-1.0.0
17389,2011-12-10,Champions,54931.34,61,0.0003034050111516,0,0.4,Standard monitoring,Normal low-cost engagement; no paid retention incentive,38851.33209999985,11.78768884905497,3445,3436,Standard monitoring,Monitor customer value and churn risk; no paid intervention,churn-logistic-1.0.0
17391,2011-12-10,Lapsed low-value,508.8,2,0.7325039009477473,1,0.4,Priority 3 - Nurture,Automated email nurture or product reminder,38851.33209999985,372.69798480221385,1141,2503,Standard monitoring,Monitor customer value and churn risk; no paid intervention,churn-logistic-1.0.0
17396,2011-12-10,Champions,8511.6,13,0.3891748365494304,0,0.4,Standard monitoring,Normal low-cost engagement; no paid retention incentive,38851.33209999985,3312.500538774132,2449,66,Priority 1 - Immediate,Account-manager outreach; prioritize the highest exposed customer value,churn-logistic-1.0.0
17397,2011-12-10,Recent developing,1233.18,3,0.8619892680353436,1,0.4,Priority 1 - Immediate,Personalized outreach for the highest-ranked 10%; use segment and value,38851.33209999985,1062.987925555825,257,949,Priority 3 - Nurture,Low-cost relationship nurture for value protection,churn-logistic-1.0.0
17398,2011-12-10,At-risk established,653.38,3,0.7649113872697457,1,0.4,Priority 3 - Nurture,Automated email nurture or product reminder,38851.33209999985,499.77780221430646,1023,2131,Standard monitoring,Monitor customer value and churn risk; no paid intervention,churn-logistic-1.0.0
17400,2011-12-10,At-risk established,4677.05,8,0.5042078801908805,1,0.4,Standard monitoring,Normal low-cost engagement; no paid retention incentive,38851.33209999985,2358.2054660467575,2086,175,Priority 1 - Immediate,Account-manager outreach; prioritize the highest exposed customer value,churn-logistic-1.0.0
17402,2011-12-10,Champions,5012.08,22,0.0732964998048371,0,0.4,Standard monitoring,Normal low-cost engagement; no paid retention incentive,38851.33209999985,367.36792074182796,3217,2517,Standard monitoring,Monitor customer value and churn risk; no paid intervention,churn-logistic-1.0.0
17403,2011-12-10,Recent developing,400.57,2,0.8816128389558952,1,0.4,Priority 1 - Immediate,Personalized outreach for the highest-ranked 10%; use segment and value,38851.33209999985,353.14765490056294,130,2560,Standard monitoring,Monitor customer value and churn risk; no paid intervention,churn-logistic-1.0.0
17404,2011-12-10,Exceptional high-value,45832.62,21,0.0246333329569978,0,0.4,Standard monitoring,Normal low-cost engagement; no paid retention incentive,38851.33209999985,957.0377994421929,3330,1103,Priority 3 - Nurture,Low-cost relationship nurture for value protection,churn-logistic-1.0.0
17405,2011-12-10,Recent developing,967.22,3,0.4450438550942347,1,0.4,Standard monitoring,Normal low-cost engagement; no paid retention incentive,38851.33209999985,430.45531752424574,2269,2343,Standard monitoring,Monitor customer value and churn risk; no paid intervention,churn-logistic-1.0.0
17408,2011-12-10,Lapsed low-value,164.89,3,0.91738504571098,1,0.4,Priority 1 - Immediate,Personalized outreach for the highest-ranked 10%; use segment and value,38851.33209999985,151.26762018728348,57,3157,Standard monitoring,Monitor customer value and churn risk; no paid intervention,churn-logistic-1.0.0
17410,2011-12-10,Recent developing,1214.72,5,0.3648693536677211,0,0.4,Standard monitoring,Normal low-cost engagement; no paid retention incentive,38851.33209999985,443.2141012872542,2526,2307,Standard monitoring,Monitor customer value and churn risk; no paid intervention,churn-logistic-1.0.0
17411,2011-12-10,Recent developing,1350.28,5,0.5780061917936826,1,0.4,Standard monitoring,Normal low-cost engagement; no paid retention incentive,38851.33209999985,780.4702006551737,1795,1416,Priority 3 - Nurture,Low-cost relationship nurture for value protection,churn-logistic-1.0.0
17412,2011-12-10,Champions,4392.47,16,0.1923103066371614,0,0.4,Standard monitoring,Normal low-cost engagement; no paid retention incentive,38851.33209999985,844.7172525945324,2966,1294,Priority 3 - Nurture,Low-cost relationship nurture for value protection,churn-logistic-1.0.0
17414,2011-12-10,At-risk established,2249.52,6,0.621131311699022,1,0.4,Priority 3 - Nurture,Automated email nurture or product reminder,38851.33209999985,1397.247308293184,1605,592,Priority 2 - Targeted,Personalized retention offer for a high-value account,churn-logistic-1.0.0
17415,2011-12-10,Lapsed low-value,507.84,1,0.8275559718719677,1,0.4,Priority 2 - Targeted,Targeted retention message for the next-ranked 10%,38851.33209999985,420.2660247554601,508,2368,Standard monitoring,Monitor customer value and churn risk; no paid intervention,churn-logistic-1.0.0
17416,2011-12-10,Champions,17221.47,22,0.134901125187204,0,0.4,Standard monitoring,Normal low-cost engagement; no paid retention incentive,38851.33209999985,2323.1956803776784,3105,188,Priority 1 - Immediate,Account-manager outreach; prioritize the highest exposed customer value,churn-logistic-1.0.0
17418,2011-12-10,Recent developing,670.0600000000001,3,0.8183706734491257,1,0.4,Priority 2 - Targeted,Targeted retention message for the next-ranked 10%,38851.33209999985,548.3574534513212,575,1988,Standard monitoring,Monitor customer value and churn risk; no paid intervention,churn-logistic-1.0.0
17419,2011-12-10,Champions,6474.92,18,0.0922954810123505,0,0.4,Standard monitoring,Normal low-cost engagement; no paid retention incentive,38851.33209999985,597.6058559164885,3182,1867,Standard monitoring,Monitor customer value and churn risk; no paid intervention,churn-logistic-1.0.0
17420,2011-12-10,At-risk established,1074.53,6,0.6312025448538862,1,0.4,Priority 3 - Nurture,Automated email nurture or product reminder,38851.33209999985,678.2460705218463,1543,1671,Priority 3 - Nurture,Low-cost relationship nurture for value protection,churn-logistic-1.0.0
17422,2011-12-10,Champions,3346.1,11,0.2794645968042346,0,0.4,Standard monitoring,Normal low-cost engagement; no paid retention incentive,38851.33209999985,935.1164873666493,2755,1144,Priority 3 - Nurture,Low-cost relationship nurture for value protection,churn-logistic-1.0.0
17423,2011-12-10,Recent developing,1084.17,3,0.7073044133351679,1,0.4,Priority 3 - Nurture,Automated email nurture or product reminder,38851.33209999985,766.8382258055891,1233,1457,Priority 3 - Nurture,Low-cost relationship nurture for value protection,churn-logistic-1.0.0
17425,2011-12-10,Recent developing,759.17,2,0.5917930070600442,1,0.4,Priority 3 - Nurture,Automated email nurture or product reminder,38851.33209999985,449.27149716977374,1727,2288,Standard monitoring,Monitor customer value and churn risk; no paid intervention,churn-logistic-1.0.0
17426,2011-12-10,Champions,8004.72,13,0.3354638452303398,0,0.4,Standard monitoring,Normal low-cost engagement; no paid retention incentive,38851.33209999985,2685.2941511922054,2601,124,Priority 1 - Immediate,Account-manager outreach; prioritize the highest exposed customer value,churn-logistic-1.0.0
17427,2011-12-10,Lapsed low-value,100.8,1,0.8373536548761137,1,0.4,Priority 2 - Targeted,Targeted retention message for the next-ranked 10%,38851.33209999985,84.40524841151226,420,3347,Standard monitoring,Monitor customer value and churn risk; no paid intervention,churn-logistic-1.0.0
17428,2011-12-10,Champions,31250.36,45,0.0064653932623156,0,0.4,Standard monitoring,Normal low-cost engagement; no paid retention incentive,38851.33209999985,202.04586698893692,3402,3026,Standard monitoring,Monitor customer value and churn risk; no paid intervention,churn-logistic-1.0.0
17429,2011-12-10,At-risk established,1342.16,5,0.6965558665835143,1,0.4,Priority 3 - Nurture,Automated email nurture or product reminder,38851.33209999985,934.8894218937296,1274,1145,Priority 3 - Nurture,Low-cost relationship nurture for value protection,churn-logistic-1.0.0
17430,2011-12-10,Recent developing,735.17,4,0.7607340759093353,1,0.4,Priority 3 - Nurture,Automated email nurture or product reminder,38851.33209999985,559.268870586266,1044,1960,Standard monitoring,Monitor customer value and churn risk; no paid intervention,churn-logistic-1.0.0
17432,2011-12-10,Champions,1751.39,9,0.4172235810736429,1,0.4,Standard monitoring,Normal low-cost engagement; no paid retention incentive,38851.33209999985,730.7212076565675,2360,1536,Priority 3 - Nurture,Low-cost relationship nurture for value protection,churn-logistic-1.0.0
17433,2011-12-10,Recent developing,569.96,2,0.8501758015872483,1,0.4,Priority 1 - Immediate,Personalized outreach for the highest-ranked 10%; use segment and value,38851.33209999985,484.56619987266805,341,2175,Standard monitoring,Monitor customer value and churn risk; no paid intervention,churn-logistic-1.0.0
17434,2011-12-10,Champions,2333.42,7,0.1726251565085477,0,0.4,Standard monitoring,Normal low-cost engagement; no paid retention incentive,38851.33209999985,402.8069927001754,3014,2423,Standard monitoring,Monitor customer value and churn risk; no paid intervention,churn-logistic-1.0.0
17436,2011-12-10,Recent developing,521.31,5,0.6182887909939557,1,0.4,Priority 3 - Nurture,Automated email nurture or product reminder,38851.33209999985,322.320129633059,1617,2652,Standard monitoring,Monitor customer value and churn risk; no paid intervention,churn-logistic-1.0.0
17440,2011-12-10,Lapsed low-value,314.26,4,0.8737748266822069,1,0.4,Priority 1 - Immediate,Personalized outreach for the highest-ranked 10%; use segment and value,38851.33209999985,274.5924770331503,170,2822,Standard monitoring,Monitor customer value and churn risk; no paid intervention,churn-logistic-1.0.0
17442,2011-12-10,Champions,4526.2,15,0.2517421283655436,0,0.4,Standard monitoring,Normal low-cost engagement; no paid retention incentive,38851.33209999985,1139.4352214081234,2819,856,Priority 3 - Nurture,Low-cost relationship nurture for value protection,churn-logistic-1.0.0
17444,2011-12-10,At-risk established,2389.1,2,0.6615622033283788,1,0.4,Priority 3 - Nurture,Automated email nurture or product reminder,38851.33209999985,1580.5382599718298,1394,449,Priority 2 - Targeted,Personalized retention offer for a high-value account,churn-logistic-1.0.0
17446,2011-12-10,Lapsed low-value,120.9,2,0.8393777126965659,1,0.4,Priority 2 - Targeted,Targeted retention message for the next-ranked 10%,38851.33209999985,101.48076546501483,406,3298,Standard monitoring,Monitor customer value and churn risk; no paid intervention,churn-logistic-1.0.0
17447,2011-12-10,Recent developing,541.53,2,0.6085410650449334,1,0.4,Priority 3 - Nurture,Automated email nurture or product reminder,38851.33209999985,329.5432429537828,1659,2633,Standard monitoring,Monitor customer value and churn risk; no paid intervention,churn-logistic-1.0.0
17449,2011-12-10,Champions,4932.15,13,0.1667592959579389,0,0.4,Standard monitoring,Normal low-cost engagement; no paid retention incentive,38851.33209999985,822.4818615589483,3033,1340,Priority 3 - Nurture,Low-cost relationship nurture for value protection,churn-logistic-1.0.0
17450,2011-12-10,Exceptional high-value,235192.73,50,2.621771860029497e-06,0,0.4,Standard monitoring,Normal low-cost engagement; no paid retention incentive,38851.33209999985,0.10185932922444031,3455,3453,Standard monitoring,Monitor customer value and churn risk; no paid intervention,churn-logistic-1.0.0
17451,2011-12-10,Champions,1648.95,7,0.2647365347301417,0,0.4,Standard monitoring,Normal low-cost engagement; no paid retention incentive,38851.33209999985,436.53730894326713,2784,2322,Standard monitoring,Monitor customer value and churn risk; no paid intervention,churn-logistic-1.0.0
17453,2011-12-10,Recent developing,486.72,2,0.6110627459940718,1,0.4,Priority 3 - Nurture,Automated email nurture or product reminder,38851.33209999985,297.4164597302347,1647,2733,Standard monitoring,Monitor customer value and churn risk; no paid intervention,churn-logistic-1.0.0
17457,2011-12-10,Champions,5806.37,14,0.5144904781813191,1,0.4,Standard monitoring,Normal low-cost engagement; no paid retention incentive,38851.33209999985,2987.3220777976658,2032,93,Priority 1 - Immediate,Account-manager outreach; prioritize the highest exposed customer value,churn-logistic-1.0.0
17458,2011-12-10,Recent developing,529.58,2,0.8449041551965496,1,0.4,Priority 2 - Targeted,Targeted retention message for the next-ranked 10%,38851.33209999985,447.44434250898877,369,2295,Standard monitoring,Monitor customer value and churn risk; no paid intervention,churn-logistic-1.0.0
17459,2011-12-10,Recent developing,657.3,2,0.5712964496792686,1,0.4,Standard monitoring,Normal low-cost engagement; no paid retention incentive,38851.33209999985,375.51315637418327,1829,2495,Standard monitoring,Monitor customer value and churn risk; no paid intervention,churn-logistic-1.0.0
17460,2011-12-10,Champions,2024.4,16,0.454375294965462,1,0.4,Standard monitoring,Normal low-cost engagement; no paid retention incentive,38851.33209999985,919.8373471280812,2240,1175,Priority 3 - Nurture,Low-cost relationship nurture for value protection,churn-logistic-1.0.0
17461,2011-12-10,Recent developing,757.46,3,0.5615487837742178,1,0.4,Standard monitoring,Normal low-cost engagement; no paid retention incentive,38851.33209999985,425.350741757619,1862,2354,Standard monitoring,Monitor customer value and churn risk; no paid intervention,churn-logistic-1.0.0
17462,2011-12-10,Recent developing,662.94,2,0.8125123078925393,1,0.4,Priority 2 - Targeted,Targeted retention message for the next-ranked 10%,38851.33209999985,538.64690939428,625,2022,Standard monitoring,Monitor customer value and churn risk; no paid intervention,churn-logistic-1.0.0
17463,2011-12-10,Champions,2537.91,7,0.3015597674827788,0,0.4,Standard monitoring,Normal low-cost engagement; no paid retention incentive,38851.33209999985,765.3315494922191,2701,1460,Priority 3 - Nurture,Low-cost relationship nurture for value protection,churn-logistic-1.0.0
17464,2011-12-10,At-risk established,879.74,3,0.9061576721195675,1,0.4,Priority 1 - Immediate,Personalized outreach for the highest-ranked 10%; use segment and value,38851.33209999985,797.1831504704684,80,1380,Priority 3 - Nurture,Low-cost relationship nurture for value protection,churn-logistic-1.0.0
17466,2011-12-10,Recent developing,763.28,2,0.6071226740486138,1,0.4,Priority 3 - Nurture,Automated email nurture or product reminder,38851.33209999985,463.4045946478259,1666,2232,Standard monitoring,Monitor customer value and churn risk; no paid intervention,churn-logistic-1.0.0
17468,2011-12-10,Recent developing,194.8,3,0.7995584541751163,1,0.4,Priority 3 - Nurture,Automated email nurture or product reminder,38851.33209999985,155.75398687331267,776,3145,Standard monitoring,Monitor customer value and churn risk; no paid intervention,churn-logistic-1.0.0
17469,2011-12-10,Champions,4963.14,17,0.2007492439812017,0,0.4,Standard monitoring,Normal low-cost engagement; no paid retention incentive,38851.33209999985,996.3466027728615,2948,1038,Priority 3 - Nurture,Low-cost relationship nurture for value protection,churn-logistic-1.0.0
17470,2011-12-10,Champions,2804.87,11,0.4062547385558908,1,0.4,Standard monitoring,Normal low-cost engagement; no paid retention incentive,38851.33209999985,1139.4917285332613,2392,855,Priority 3 - Nurture,Low-cost relationship nurture for value protection,churn-logistic-1.0.0
17475,2011-12-10,Lapsed low-value,194.37,1,0.8359645956537212,1,0.4,Priority 2 - Targeted,Targeted retention message for the next-ranked 10%,38851.33209999985,162.48643845721378,432,3123,Standard monitoring,Monitor customer value and churn risk; no paid intervention,churn-logistic-1.0.0
17480,2011-12-10,Recent developing,896.53,2,0.875351281975917,1,0.4,Priority 1 - Immediate,Personalized outreach for the highest-ranked 10%; use segment and value,38851.33209999985,784.7786848298689,164,1401,Priority 3 - Nurture,Low-cost relationship nurture for value protection,churn-logistic-1.0.0
17481,2011-12-10,Recent developing,1249.34,4,0.3511687631328785,0,0.4,Standard monitoring,Normal low-cost engagement; no paid retention incentive,38851.33209999985,438.7291825324304,2568,2314,Standard monitoring,Monitor customer value and churn risk; no paid intervention,churn-logistic-1.0.0
17483,2011-12-10,Recent developing,591.73,4,0.6671023836735803,1,0.4,Priority 3 - Nurture,Automated email nurture or product reminder,38851.33209999985,394.7444934911677,1377,2448,Standard monitoring,Monitor customer value and churn risk; no paid intervention,churn-logistic-1.0.0
17489,2011-12-10,Recent developing,376.64,2,0.7646474275582458,1,0.4,Priority 3 - Nurture,Automated email nurture or product reminder,38851.33209999985,287.9968071155377,1025,2770,Standard monitoring,Monitor customer value and churn risk; no paid intervention,churn-logistic-1.0.0
17490,2011-12-10,Champions,2597.16,9,0.1752980097175005,0,0.4,Standard monitoring,Normal low-cost engagement; no paid retention incentive,38851.33209999985,455.2769789179036,3007,2261,Standard monitoring,Monitor customer value and churn risk; no paid intervention,churn-logistic-1.0.0
17491,2011-12-10,Champions,5964.12,17,0.0979090298906973,0,0.4,Standard monitoring,Normal low-cost engagement; no paid retention incentive,38851.33209999985,583.9412033517056,3175,1907,Standard monitoring,Monitor customer value and churn risk; no paid intervention,churn-logistic-1.0.0
17495,2011-12-10,Recent developing,759.07,3,0.772324378966459,1,0.4,Priority 3 - Nurture,Automated email nurture or product reminder,38851.33209999985,586.2482663420701,985,1904,Standard monitoring,Monitor customer value and churn risk; no paid intervention,churn-logistic-1.0.0
17498,2011-12-10,Lapsed low-value,272.22,1,0.8323219597606674,1,0.4,Priority 2 - Targeted,Targeted retention message for the next-ranked 10%,38851.33209999985,226.5746838860489,454,2962,Standard monitoring,Monitor customer value and churn risk; no paid intervention,churn-logistic-1.0.0
17500,2011-12-10,Recent developing,1138.0,3,0.4743274655648104,1,0.4,Standard monitoring,Normal low-cost engagement; no paid retention incentive,38851.33209999985,539.7846558127543,2178,2017,Standard monitoring,Monitor customer value and churn risk; no paid intervention,churn-logistic-1.0.0
17502,2011-12-10,Recent developing,689.1,4,0.4038666097967041,1,0.4,Standard monitoring,Normal low-cost engagement; no paid retention incentive,38851.33209999985,278.3044808109088,2402,2807,Standard monitoring,Monitor customer value and churn risk; no paid intervention,churn-logistic-1.0.0
17503,2011-12-10,Recent developing,558.96,2,0.565820526940165,1,0.4,Standard monitoring,Normal low-cost engagement; no paid retention incentive,38851.33209999985,316.27104173847465,1846,2664,Standard monitoring,Monitor customer value and churn risk; no paid intervention,churn-logistic-1.0.0
17505,2011-12-10,At-risk established,2435.48,5,0.7671032017424888,1,0.4,Priority 3 - Nurture,Automated email nurture or product reminder,38851.33209999985,1868.2645057797965,1014,318,Priority 1 - Immediate,Account-manager outreach; prioritize the highest exposed customer value,churn-logistic-1.0.0
17506,2011-12-10,Lapsed low-value,294.29,1,0.8271860340100917,1,0.4,Priority 2 - Targeted,Targeted retention message for the next-ranked 10%,38851.33209999985,243.4325779488299,511,2916,Standard monitoring,Monitor customer value and churn risk; no paid intervention,churn-logistic-1.0.0
17509,2011-12-10,Champions,6100.74,8,0.5318974813338007,1,0.4,Standard monitoring,Normal low-cost engagement; no paid retention incentive,38851.33209999985,3244.968240272371,1971,70,Priority 1 - Immediate,Account-manager outreach; prioritize the highest exposed customer value,churn-logistic-1.0.0
17510,2011-12-10,Recent developing,514.56,2,0.872861106308468,1,0.4,Priority 1 - Immediate,Personalized outreach for the highest-ranked 10%; use segment and value,38851.33209999985,449.13941086208524,178,2289,Standard monitoring,Monitor customer value and churn risk; no paid intervention,churn-logistic-1.0.0
17511,2011-12-10,Exceptional high-value,172208.81,60,4.521393209066636e-05,0,0.4,Standard monitoring,Normal low-cost engagement; no paid retention incentive,38851.33209999985,1.756621491201319,3449,3448,Standard monitoring,Monitor customer value and churn risk; no paid intervention,churn-logistic-1.0.0
17512,2011-12-10,Champions,5432.27,17,0.1787411885341672,0,0.4,Standard monitoring,Normal low-cost engagement; no paid retention incentive,38851.33209999985,970.9703962385006,3000,1079,Priority 3 - Nurture,Low-cost relationship nurture for value protection,churn-logistic-1.0.0
17513,2011-12-10,At-risk established,1158.8,3,0.8676549910202156,1,0.4,Priority 1 - Immediate,Personalized outreach for the highest-ranked 10%; use segment and value,38851.33209999985,1005.4386035942258,218,1027,Priority 3 - Nurture,Low-cost relationship nurture for value protection,churn-logistic-1.0.0
17514,2011-12-10,Lapsed low-value,542.83,2,0.9438486300848518,1,0.4,Priority 1 - Immediate,Personalized outreach for the highest-ranked 10%; use segment and value,38851.33209999985,512.3493518689601,13,2089,Standard monitoring,Monitor customer value and churn risk; no paid intervention,churn-logistic-1.0.0
17515,2011-12-10,Champions,1617.46,9,0.5114292518174298,1,0.4,Standard monitoring,Normal low-cost engagement; no paid retention incentive,38851.33209999985,827.2163576446201,2043,1331,Priority 3 - Nurture,Low-cost relationship nurture for value protection,churn-logistic-1.0.0
17516,2011-12-10,Recent developing,957.55,6,0.5009534495874342,1,0.4,Standard monitoring,Normal low-cost engagement; no paid retention incentive,38851.33209999985,479.68797565244756,2098,2191,Standard monitoring,Monitor customer value and churn risk; no paid intervention,churn-logistic-1.0.0
17519,2011-12-10,Champions,5104.52,15,0.2514626990670379,0,0.4,Standard monitoring,Normal low-cost engagement; no paid retention incentive,38851.33209999985,1283.5963766416764,2823,702,Priority 3 - Nurture,Low-cost relationship nurture for value protection,churn-logistic-1.0.0
17520,2011-12-10,Recent developing,546.81,1,0.8000549278279554,1,0.4,Priority 3 - Nurture,Automated email nurture or product reminder,38851.33209999985,437.47803508560423,770,2320,Standard monitoring,Monitor customer value and churn risk; no paid intervention,churn-logistic-1.0.0
17521,2011-12-10,Recent developing,1276.81,5,0.5719184171592878,1,0.4,Standard monitoring,Normal low-cost engagement; no paid retention incentive,38851.33209999985,730.2311542131503,1822,1538,Priority 3 - Nurture,Low-cost relationship nurture for value protection,churn-logistic-1.0.0
17522,2011-12-10,Recent developing,1066.15,5,0.5629682173514597,1,0.4,Standard monitoring,Normal low-cost engagement; no paid retention incentive,38851.33209999985,600.2085649292588,1857,1861,Standard monitoring,Monitor customer value and churn risk; no paid intervention,churn-logistic-1.0.0
17523,2011-12-10,Recent developing,652.74,4,0.5136108259354523,1,0.4,Standard monitoring,Normal low-cost engagement; no paid retention incentive,38851.33209999985,335.25433052110714,2036,2621,Standard monitoring,Monitor customer value and churn risk; no paid intervention,churn-logistic-1.0.0
17526,2011-12-10,Champions,3673.24,12,0.473173331347419,1,0.4,Standard monitoring,Normal low-cost engagement; no paid retention incentive,38851.33209999985,1738.0792076385933,2181,368,Priority 2 - Targeted,Personalized retention offer for a high-value account,churn-logistic-1.0.0
17527,2011-12-10,Recent developing,888.86,4,0.5208732731717007,1,0.4,Standard monitoring,Normal low-cost engagement; no paid retention incentive,38851.33209999985,462.98341759139794,2011,2234,Standard monitoring,Monitor customer value and churn risk; no paid intervention,churn-logistic-1.0.0
17528,2011-12-10,Champions,3539.5,8,0.1479482405215311,0,0.4,Standard monitoring,Normal low-cost engagement; no paid retention incentive,38851.33209999985,523.6627973259593,3085,2056,Standard monitoring,Monitor customer value and churn risk; no paid intervention,churn-logistic-1.0.0
17530,2011-12-10,Champions,3135.97,12,0.1589973092200307,0,0.4,Standard monitoring,Normal low-cost engagement; no paid retention incentive,38851.33209999985,498.6107917947396,3052,2138,Standard monitoring,Monitor customer value and churn risk; no paid intervention,churn-logistic-1.0.0
17534,2011-12-10,At-risk established,1668.83,5,0.7229340495560664,1,0.4,Priority 3 - Nurture,Automated email nurture or product reminder,38851.33209999985,1206.4540299206503,1169,775,Priority 3 - Nurture,Low-cost relationship nurture for value protection,churn-logistic-1.0.0
17536,2011-12-10,Lapsed low-value,364.83,3,0.8469442597213049,1,0.4,Priority 2 - Targeted,Targeted retention message for the next-ranked 10%,38851.33209999985,308.99067427412365,354,2695,Standard monitoring,Monitor customer value and churn risk; no paid intervention,churn-logistic-1.0.0
17537,2011-12-10,Recent developing,897.62,2,0.8013363070232016,1,0.4,Priority 3 - Nurture,Automated email nurture or product reminder,38851.33209999985,719.2954959101662,750,1572,Priority 3 - Nurture,Low-cost relationship nurture for value protection,churn-logistic-1.0.0
17538,2011-12-10,Recent developing,98.42,1,0.8059734838480928,1,0.4,Priority 3 - Nurture,Automated email nurture or product reminder,38851.33209999985,79.32391028032929,696,3356,Standard monitoring,Monitor customer value and churn risk; no paid intervention,churn-logistic-1.0.0
17540,2011-12-10,Recent developing,1582.1,6,0.6382941412278619,1,0.4,Priority 3 - Nurture,Automated email nurture or product reminder,38851.33209999985,1009.8451608366003,1509,1020,Priority 3 - Nurture,Low-cost relationship nurture for value protection,churn-logistic-1.0.0
17545,2011-12-10,At-risk established,1448.54,6,0.8016770800014008,1,0.4,Priority 3 - Nurture,Automated email nurture or product reminder,38851.33209999985,1161.261317465229,745,824,Priority 3 - Nurture,Low-cost relationship nurture for value protection,churn-logistic-1.0.0
17549,2011-12-10,Recent developing,148.86,2,0.5999535801173019,1,0.4,Priority 3 - Nurture,Automated email nurture or product reminder,38851.33209999985,89.30908993626157,1701,3338,Standard monitoring,Monitor customer value and churn risk; no paid intervention,churn-logistic-1.0.0
17552,2011-12-10,Champions,3057.81,12,0.5034536646472846,1,0.4,Standard monitoring,Normal low-cost engagement; no paid retention incentive,38851.33209999985,1539.4656502951132,2088,486,Priority 2 - Targeted,Personalized retention offer for a high-value account,churn-logistic-1.0.0
17553,2011-12-10,At-risk established,3757.6,4,0.8278744363614692,1,0.4,Priority 2 - Targeted,Targeted retention message for the next-ranked 10%,38851.33209999985,3110.8209820718566,502,83,Priority 1 - Immediate,Account-manager outreach; prioritize the highest exposed customer value,churn-logistic-1.0.0
17554,2011-12-10,Recent developing,1952.45,5,0.3087432140095283,0,0.4,Standard monitoring,Normal low-cost engagement; no paid retention incentive,38851.33209999985,602.8056881929035,2678,1854,Standard monitoring,Monitor customer value and churn risk; no paid intervention,churn-logistic-1.0.0
17555,2011-12-10,Recent developing,1057.74,5,0.6390584529391614,1,0.4,Priority 3 - Nurture,Automated email nurture or product reminder,38851.33209999985,675.9576880118686,1501,1674,Priority 3 - Nurture,Low-cost relationship nurture for value protection,churn-logistic-1.0.0
17557,2011-12-10,Recent developing,575.46,4,0.6367891847580195,1,0.4,Priority 3 - Nurture,Automated email nurture or product reminder,38851.33209999985,366.4467042608499,1515,2520,Standard monitoring,Monitor customer value and churn risk; no paid intervention,churn-logistic-1.0.0
17560,2011-12-10,At-risk established,1895.8,9,0.5597929142367688,1,0.4,Standard monitoring,Normal low-cost engagement; no paid retention incentive,38851.33209999985,1061.2554068100662,1871,953,Priority 3 - Nurture,Low-cost relationship nurture for value protection,churn-logistic-1.0.0
17561,2011-12-10,Recent developing,722.34,4,0.6955494000653938,1,0.4,Priority 3 - Nurture,Automated email nurture or product reminder,38851.33209999985,502.42315364323656,1278,2121,Standard monitoring,Monitor customer value and churn risk; no paid intervention,churn-logistic-1.0.0
17562,2011-12-10,Recent developing,1107.38,7,0.2666772195791396,0,0.4,Standard monitoring,Normal low-cost engagement; no paid retention incentive,38851.33209999985,295.31301941754765,2777,2740,Standard monitoring,Monitor customer value and churn risk; no paid intervention,churn-logistic-1.0.0
17564,2011-12-10,Recent developing,454.01,3,0.5187483820070949,1,0.4,Standard monitoring,Normal low-cost engagement; no paid retention incentive,38851.33209999985,235.51695291504117,2016,2942,Standard monitoring,Monitor customer value and churn risk; no paid intervention,churn-logistic-1.0.0
17566,2011-12-10,Recent developing,901.21,2,0.5088850423845669,1,0.4,Standard monitoring,Normal low-cost engagement; no paid retention incentive,38851.33209999985,458.61228904739556,2056,2249,Standard monitoring,Monitor customer value and churn risk; no paid intervention,churn-logistic-1.0.0
17567,2011-12-10,Champions,5063.76,9,0.2390621583214789,0,0.4,Standard monitoring,Normal low-cost engagement; no paid retention incentive,38851.33209999985,1210.553394821972,2851,772,Priority 3 - Nurture,Low-cost relationship nurture for value protection,churn-logistic-1.0.0
17571,2011-12-10,At-risk established,1702.5,5,0.4976348391218002,1,0.4,Standard monitoring,Normal low-cost engagement; no paid retention incentive,38851.33209999985,847.2233136048648,2112,1288,Priority 3 - Nurture,Low-cost relationship nurture for value protection,churn-logistic-1.0.0
17572,2011-12-10,At-risk established,723.01,10,0.4856506116446546,1,0.4,Standard monitoring,Normal low-cost engagement; no paid retention incentive,38851.33209999985,351.13024872520174,2145,2568,Standard monitoring,Monitor customer value and churn risk; no paid intervention,churn-logistic-1.0.0
17573,2011-12-10,Recent developing,362.9,3,0.5511542202171041,1,0.4,Standard monitoring,Normal low-cost engagement; no paid retention incentive,38851.33209999985,200.0138665167871,1909,3030,Standard monitoring,Monitor customer value and churn risk; no paid intervention,churn-logistic-1.0.0
17576,2011-12-10,Champions,8885.56,41,0.0134729163002789,0,0.4,Standard monitoring,Normal low-cost engagement; no paid retention incentive,38851.33209999985,119.71440616110618,3375,3250,Standard monitoring,Monitor customer value and churn risk; no paid intervention,churn-logistic-1.0.0
17579,2011-12-10,Recent developing,744.58,4,0.6252790612727533,1,0.4,Priority 3 - Nurture,Automated email nurture or product reminder,38851.33209999985,465.5702834424667,1581,2224,Standard monitoring,Monitor customer value and churn risk; no paid intervention,churn-logistic-1.0.0
17581,2011-12-10,Champions,18378.87,43,0.0542195928958326,0,0.4,Standard monitoring,Normal low-cost engagement; no paid retention incentive,38851.33209999985,996.4948492854309,3260,1037,Priority 3 - Nurture,Low-cost relationship nurture for value protection,churn-logistic-1.0.0
17584,2011-12-10,Champions,5294.42,6,0.4765367789441919,1,0.4,Standard monitoring,Normal low-cost engagement; no paid retention incentive,38851.33209999985,2522.9858531777086,2171,147,Priority 1 - Immediate,Account-manager outreach; prioritize the highest exposed customer value,churn-logistic-1.0.0
17585,2011-12-10,At-risk established,2093.3,7,0.5378448293101821,1,0.4,Standard monitoring,Normal low-cost engagement; no paid retention incentive,38851.33209999985,1125.8705811950042,1951,871,Priority 3 - Nurture,Low-cost relationship nurture for value protection,churn-logistic-1.0.0
17588,2011-12-10,At-risk established,2913.05,7,0.5964876166055112,1,0.4,Priority 3 - Nurture,Automated email nurture or product reminder,38851.33209999985,1737.5982515526846,1711,369,Priority 2 - Targeted,Personalized retention offer for a high-value account,churn-logistic-1.0.0
17589,2011-12-10,Champions,13873.15,18,0.1686371588198733,0,0.4,Standard monitoring,Normal low-cost engagement; no paid retention incentive,38851.33209999985,2339.528599881925,3027,181,Priority 1 - Immediate,Account-manager outreach; prioritize the highest exposed customer value,churn-logistic-1.0.0
17590,2011-12-10,Recent developing,1477.97,3,0.4006292647654536,1,0.4,Standard monitoring,Normal low-cost engagement; no paid retention incentive,38851.33209999985,592.1180344453975,2413,1880,Standard monitoring,Monitor customer value and churn risk; no paid intervention,churn-logistic-1.0.0
17591,2011-12-10,At-risk established,2765.7200000000003,8,0.506656895497649,1,0.4,Standard monitoring,Normal low-cost engagement; no paid retention incentive,38851.33209999985,1401.271109015758,2076,588,Priority 2 - Targeted,Personalized retention offer for a high-value account,churn-logistic-1.0.0
17593,2011-12-10,Champions,8045.6,11,0.2044842066216778,0,0.4,Standard monitoring,Normal low-cost engagement; no paid retention incentive,38851.33209999985,1645.1981327953708,2935,415,Priority 2 - Targeted,Personalized retention offer for a high-value account,churn-logistic-1.0.0
17594,2011-12-10,At-risk established,2497.88,4,0.6790095230146065,1,0.4,Priority 3 - Nurture,Automated email nurture or product reminder,38851.33209999985,1696.0843073477254,1335,382,Priority 2 - Targeted,Personalized retention offer for a high-value account,churn-logistic-1.0.0
17595,2011-12-10,Recent developing,388.79,2,0.5541276315925383,1,0.4,Standard monitoring,Normal low-cost engagement; no paid retention incentive,38851.33209999985,215.43928188686297,1896,2991,Standard monitoring,Monitor customer value and churn risk; no paid intervention,churn-logistic-1.0.0
17596,2011-12-10,Champions,4920.67,13,0.1446306565909511,0,0.4,Standard monitoring,Normal low-cost engagement; no paid retention incentive,38851.33209999985,711.6797329673954,3089,1585,Priority 3 - Nurture,Low-cost relationship nurture for value protection,churn-logistic-1.0.0
17600,2011-12-10,Recent developing,161.67000000000002,1,0.7989672457939054,1,0.4,Priority 3 - Nurture,Automated email nurture or product reminder,38851.33209999985,129.1690346275007,782,3223,Standard monitoring,Monitor customer value and churn risk; no paid intervention,churn-logistic-1.0.0
17602,2011-12-10,Champions,7337.43,14,0.0647510436410542,0,0.4,Standard monitoring,Normal low-cost engagement; no paid retention incentive,38851.33209999985,475.1062501431804,3236,2200,Standard monitoring,Monitor customer value and churn risk; no paid intervention,churn-logistic-1.0.0
17603,2011-12-10,At-risk established,1783.13,4,0.7969579816676391,1,0.4,Priority 3 - Nurture,Automated email nurture or product reminder,38851.33209999985,1421.0796858510173,797,577,Priority 2 - Targeted,Personalized retention offer for a high-value account,churn-logistic-1.0.0
17608,2011-12-10,Recent developing,498.53,4,0.8555401024463463,1,0.4,Priority 1 - Immediate,Personalized outreach for the highest-ranked 10%; use segment and value,38851.33209999985,426.512407272577,308,2352,Standard monitoring,Monitor customer value and churn risk; no paid intervention,churn-logistic-1.0.0
17609,2011-12-10,Champions,1748.25,11,0.3802273301275077,0,0.4,Standard monitoring,Normal low-cost engagement; no paid retention incentive,38851.33209999985,664.7324298954153,2487,1699,Priority 3 - Nurture,Low-cost relationship nurture for value protection,churn-logistic-1.0.0
17611,2011-12-10,Champions,8286.43,28,0.0126601860011622,0,0.4,Standard monitoring,Normal low-cost engagement; no paid retention incentive,38851.33209999985,104.90774508561049,3377,3285,Standard monitoring,Monitor customer value and churn risk; no paid intervention,churn-logistic-1.0.0
17612,2011-12-10,Champions,5185.03,18,0.2107260589715927,0,0.4,Standard monitoring,Normal low-cost engagement; no paid retention incentive,38851.33209999985,1092.6209375494773,2918,918,Priority 3 - Nurture,Low-cost relationship nurture for value protection,churn-logistic-1.0.0
17613,2011-12-10,Champions,4509.37,14,0.181884519241382,0,0.4,Standard monitoring,Normal low-cost engagement; no paid retention incentive,38851.33209999985,820.1845945315107,2994,1343,Priority 3 - Nurture,Low-cost relationship nurture for value protection,churn-logistic-1.0.0
17614,2011-12-10,Recent developing,390.07,1,0.7875538837334107,1,0.4,Priority 3 - Nurture,Automated email nurture or product reminder,38851.33209999985,307.2011434278915,895,2701,Standard monitoring,Monitor customer value and churn risk; no paid intervention,churn-logistic-1.0.0
17615,2011-12-10,At-risk established,725.7,6,0.7121139857399802,1,0.4,Priority 3 - Nurture,Automated email nurture or product reminder,38851.33209999985,516.7811194515036,1221,2078,Standard monitoring,Monitor customer value and churn risk; no paid intervention,churn-logistic-1.0.0
17616,2011-12-10,At-risk established,1060.8,4,0.7640008840081507,1,0.4,Priority 3 - Nurture,Automated email nurture or product reminder,38851.33209999985,810.4521377558463,1029,1359,Priority 3 - Nurture,Low-cost relationship nurture for value protection,churn-logistic-1.0.0
17618,2011-12-10,Champions,4047.94,11,0.397602378925344,0,0.4,Standard monitoring,Normal low-cost engagement; no paid retention incentive,38851.33209999985,1609.470573747057,2425,431,Priority 2 - Targeted,Personalized retention offer for a high-value account,churn-logistic-1.0.0
17620,2011-12-10,Lapsed low-value,81.44,1,0.8238379745520531,1,0.4,Priority 2 - Targeted,Targeted retention message for the next-ranked 10%,38851.33209999985,67.09336464751921,537,3374,Standard monitoring,Monitor customer value and churn risk; no paid intervention,churn-logistic-1.0.0
17621,2011-12-10,Champions,3029.32,6,0.6467020192191101,1,0.4,Priority 3 - Nurture,Automated email nurture or product reminder,38851.33209999985,1959.0673608608347,1461,284,Priority 1 - Immediate,Account-manager outreach; prioritize the highest exposed customer value,churn-logistic-1.0.0
17623,2011-12-10,Champions,2383.67,7,0.5820556575007216,1,0.4,Standard monitoring,Normal low-cost engagement; no paid retention incentive,38851.33209999985,1387.428609114745,1774,605,Priority 2 - Targeted,Personalized retention offer for a high-value account,churn-logistic-1.0.0
17624,2011-12-10,Recent developing,1568.63,4,0.6300831763401298,1,0.4,Priority 3 - Nurture,Automated email nurture or product reminder,38851.33209999985,988.3673729024179,1549,1051,Priority 3 - Nurture,Low-cost relationship nurture for value protection,churn-logistic-1.0.0
17625,2011-12-10,Champions,6067.8,8,0.1891054048650161,0,0.4,Standard monitoring,Normal low-cost engagement; no paid retention incentive,38851.33209999985,1147.4537756399448,2974,842,Priority 3 - Nurture,Low-cost relationship nurture for value protection,churn-logistic-1.0.0
17628,2011-12-10,Lapsed low-value,75.75,1,0.8415820706054763,1,0.4,Priority 2 - Targeted,Targeted retention message for the next-ranked 10%,38851.33209999985,63.74984184836483,389,3380,Standard monitoring,Monitor customer value and churn risk; no paid intervention,churn-logistic-1.0.0
17629,2011-12-10,Champions,2425.52,10,0.2123442446170398,0,0.4,Standard monitoring,Normal low-cost engagement; no paid retention incentive,38851.33209999985,515.0452122035224,2917,2080,Standard monitoring,Monitor customer value and churn risk; no paid intervention,churn-logistic-1.0.0
17630,2011-12-10,Lapsed low-value,503.6,2,0.7877215488893393,1,0.4,Priority 3 - Nurture,Automated email nurture or product reminder,38851.33209999985,396.6965720206713,893,2438,Standard monitoring,Monitor customer value and churn risk; no paid intervention,churn-logistic-1.0.0
17631,2011-12-10,Recent developing,998.49,7,0.5074202252511818,1,0.4,Standard monitoring,Normal low-cost engagement; no paid retention incentive,38851.33209999985,506.6540207110525,2068,2110,Standard monitoring,Monitor customer value and churn risk; no paid intervention,churn-logistic-1.0.0
17633,2011-12-10,Champions,1974.89,7,0.4118540995340713,1,0.4,Standard monitoring,Normal low-cost engagement; no paid retention incentive,38851.33209999985,813.3665426288421,2373,1351,Priority 3 - Nurture,Low-cost relationship nurture for value protection,churn-logistic-1.0.0
17634,2011-12-10,Champions,2361.9700000000003,9,0.3000357852103822,0,0.4,Standard monitoring,Normal low-cost engagement; no paid retention incentive,38851.33209999985,708.6755235933665,2705,1592,Priority 3 - Nurture,Low-cost relationship nurture for value protection,churn-logistic-1.0.0
17636,2011-12-10,Recent developing,265.93,1,0.7846791399051923,1,0.4,Priority 3 - Nurture,Automated email nurture or product reminder,38851.33209999985,208.6697236749878,915,3007,Standard monitoring,Monitor customer value and churn risk; no paid intervention,churn-logistic-1.0.0
17637,2011-12-10,Recent developing,547.0600000000001,2,0.6414871480461463,1,0.4,Priority 3 - Nurture,Automated email nurture or product reminder,38851.33209999985,350.93195921012483,1487,2570,Standard monitoring,Monitor customer value and churn risk; no paid intervention,churn-logistic-1.0.0
17640,2011-12-10,At-risk established,3107.59,6,0.6938142454184237,1,0.4,Priority 3 - Nurture,Automated email nurture or product reminder,38851.33209999985,2156.0902109198396,1284,224,Priority 1 - Immediate,Account-manager outreach; prioritize the highest exposed customer value,churn-logistic-1.0.0
17642,2011-12-10,At-risk established,1824.49,5,0.6896122572588747,1,0.4,Priority 3 - Nurture,Automated email nurture or product reminder,38851.33209999985,1258.1906672462442,1292,732,Priority 3 - Nurture,Low-cost relationship nurture for value protection,churn-logistic-1.0.0
17644,2011-12-10,Champions,5896.24,20,0.1085504082258317,0,0.4,Standard monitoring,Normal low-cost engagement; no paid retention incentive,38851.33209999985,640.0392589974779,3153,1766,Standard monitoring,Monitor customer value and churn risk; no paid intervention,churn-logistic-1.0.0
17647,2011-12-10,Recent developing,331.66,3,0.9493166376438802,1,0.4,Priority 1 - Immediate,Personalized outreach for the highest-ranked 10%; use segment and value,38851.33209999985,314.8503560409693,9,2671,Standard monitoring,Monitor customer value and churn risk; no paid intervention,churn-logistic-1.0.0
17648,2011-12-10,At-risk established,2208.42,5,0.6891663881298825,1,0.4,Priority 3 - Nurture,Automated email nurture or product reminder,38851.33209999985,1521.9688348737952,1294,503,Priority 2 - Targeted,Personalized retention offer for a high-value account,churn-logistic-1.0.0
17649,2011-12-10,At-risk established,1542.44,3,0.8896245137227263,1,0.4,Priority 1 - Immediate,Personalized outreach for the highest-ranked 10%; use segment and value,38851.33209999985,1372.192434946482,111,622,Priority 2 - Targeted,Personalized retention offer for a high-value account,churn-logistic-1.0.0
17650,2011-12-10,Recent developing,166.08,1,0.8022265542486875,1,0.4,Priority 3 - Nurture,Automated email nurture or product reminder,38851.33209999985,133.23378612962202,738,3207,Standard monitoring,Monitor customer value and churn risk; no paid intervention,churn-logistic-1.0.0
17651,2011-12-10,Champions,5632.59,16,0.0523644510407823,0,0.4,Standard monitoring,Normal low-cost engagement; no paid retention incentive,38851.33209999985,294.94748328779997,3270,2746,Standard monitoring,Monitor customer value and churn risk; no paid intervention,churn-logistic-1.0.0
17652,2011-12-10,Champions,4737.13,12,0.0833909259686999,0,0.4,Standard monitoring,Normal low-cost engagement; no paid retention incentive,38851.33209999985,395.0336571341074,3196,2446,Standard monitoring,Monitor customer value and churn risk; no paid intervention,churn-logistic-1.0.0
17653,2011-12-10,Recent developing,1175.88,4,0.42539865988773,1,0.4,Standard monitoring,Normal low-cost engagement; no paid retention incentive,38851.33209999985,500.217776188784,2327,2129,Standard monitoring,Monitor customer value and churn risk; no paid intervention,churn-logistic-1.0.0
17655,2011-12-10,Champions,3585.28,9,0.3350831716279366,0,0.4,Standard monitoring,Normal low-cost engagement; no paid retention incentive,38851.33209999985,1201.3669935742087,2604,783,Priority 3 - Nurture,Low-cost relationship nurture for value protection,churn-logistic-1.0.0
17656,2011-12-10,At-risk established,1674.69,5,0.4395765391765022,1,0.4,Standard monitoring,Normal low-cost engagement; no paid retention incentive,38851.33209999985,736.1544343934964,2284,1524,Priority 3 - Nurture,Low-cost relationship nurture for value protection,churn-logistic-1.0.0
17658,2011-12-10,Recent developing,485.88,2,0.762940009494169,1,0.4,Priority 3 - Nurture,Automated email nurture or product reminder,38851.33209999985,370.6972918130268,1035,2509,Standard monitoring,Monitor customer value and churn risk; no paid intervention,churn-logistic-1.0.0
17659,2011-12-10,Champions,3784.71,14,0.1339505768783741,0,0.4,Standard monitoring,Normal low-cost engagement; no paid retention incentive,38851.33209999985,506.9640878173513,3111,2109,Standard monitoring,Monitor customer value and churn risk; no paid intervention,churn-logistic-1.0.0
17660,2011-12-10,Lapsed low-value,359.47,2,0.9555965745560652,1,0.4,Priority 1 - Immediate,Personalized outreach for the highest-ranked 10%; use segment and value,38851.33209999985,343.5083006556688,3,2593,Standard monitoring,Monitor customer value and churn risk; no paid intervention,churn-logistic-1.0.0
17663,2011-12-10,Champions,5096.04,17,0.157573909802253,0,0.4,Standard monitoring,Normal low-cost engagement; no paid retention incentive,38851.33209999985,803.0029473086734,3057,1372,Priority 3 - Nurture,Low-cost relationship nurture for value protection,churn-logistic-1.0.0
17664,2011-12-10,Recent developing,1166.23,4,0.6692883410581607,1,0.4,Priority 3 - Nurture,Automated email nurture or product reminder,38851.33209999985,780.5441419922588,1368,1414,Priority 3 - Nurture,Low-cost relationship nurture for value protection,churn-logistic-1.0.0
17666,2011-12-10,Recent developing,2047.8,5,0.6032952088947953,1,0.4,Priority 3 - Nurture,Automated email nurture or product reminder,38851.33209999985,1235.4279287747618,1683,751,Priority 3 - Nurture,Low-cost relationship nurture for value protection,churn-logistic-1.0.0
17667,2011-12-10,Champions,3910.8,9,0.4603079865060134,1,0.4,Standard monitoring,Normal low-cost engagement; no paid retention incentive,38851.33209999985,1800.1724736277172,2219,345,Priority 1 - Immediate,Account-manager outreach; prioritize the highest exposed customer value,churn-logistic-1.0.0
17668,2011-12-10,Recent developing,347.75,2,0.5804059831564893,1,0.4,Standard monitoring,Normal low-cost engagement; no paid retention incentive,38851.33209999985,201.83618064266915,1784,3027,Standard monitoring,Monitor customer value and churn risk; no paid intervention,churn-logistic-1.0.0
17669,2011-12-10,Champions,6142.35,10,0.294016089254956,0,0.4,Standard monitoring,Normal low-cost engagement; no paid retention incentive,38851.33209999985,1805.949725835179,2720,342,Priority 1 - Immediate,Account-manager outreach; prioritize the highest exposed customer value,churn-logistic-1.0.0
17671,2011-12-10,Recent developing,2116.71,5,0.5846198746776694,1,0.4,Standard monitoring,Normal low-cost engagement; no paid retention incentive,38851.33209999985,1237.4707349289697,1761,747,Priority 3 - Nurture,Low-cost relationship nurture for value protection,churn-logistic-1.0.0
17672,2011-12-10,Champions,5592.1900000000005,6,0.6118961945034359,1,0.4,Priority 3 - Nurture,Automated email nurture or product reminder,38851.33209999985,3421.8397799401696,1644,61,Priority 1 - Immediate,Account-manager outreach; prioritize the highest exposed customer value,churn-logistic-1.0.0
17673,2011-12-10,Champions,4226.68,13,0.228194366314216,0,0.4,Standard monitoring,Normal low-cost engagement; no paid retention incentive,38851.33209999985,964.5045642129705,2876,1090,Priority 3 - Nurture,Low-cost relationship nurture for value protection,churn-logistic-1.0.0
17674,2011-12-10,Recent developing,851.7,2,0.8546353449552117,1,0.4,Priority 1 - Immediate,Personalized outreach for the highest-ranked 10%; use segment and value,38851.33209999985,727.8929232983538,317,1547,Priority 3 - Nurture,Low-cost relationship nurture for value protection,churn-logistic-1.0.0
17675,2011-12-10,Champions,37702.32,70,0.0009834773837439,0,0.4,Standard monitoring,Normal low-cost engagement; no paid retention incentive,38851.33209999985,37.07937903467531,3438,3411,Standard monitoring,Monitor customer value and churn risk; no paid intervention,churn-logistic-1.0.0
17676,2011-12-10,Champions,2726.93,10,0.2563120530349574,0,0.4,Standard monitoring,Normal low-cost engagement; no paid retention incentive,38851.33209999985,698.9450267826164,2810,1622,Priority 3 - Nurture,Low-cost relationship nurture for value protection,churn-logistic-1.0.0
17677,2011-12-10,Champions,36038.51,54,0.0063909181935536,0,0.4,Standard monitoring,Normal low-cost engagement; no paid retention incentive,38851.33209999985,230.31916922756335,3403,2953,Standard monitoring,Monitor customer value and churn risk; no paid intervention,churn-logistic-1.0.0
17679,2011-12-10,At-risk established,3166.56,7,0.5559254747768807,1,0.4,Standard monitoring,Normal low-cost engagement; no paid retention incentive,38851.33209999985,1760.3713714094793,1890,358,Priority 2 - Targeted,Personalized retention offer for a high-value account,churn-logistic-1.0.0
17680,2011-12-10,Recent developing,462.5,3,0.845599419689792,1,0.4,Priority 2 - Targeted,Targeted retention message for the next-ranked 10%,38851.33209999985,391.0897316065288,361,2456,Standard monitoring,Monitor customer value and churn risk; no paid intervention,churn-logistic-1.0.0
17682,2011-12-10,Champions,4441.78,11,0.3148286839885297,0,0.4,Standard monitoring,Normal low-cost engagement; no paid retention incentive,38851.33209999985,1398.3997519665713,2656,590,Priority 2 - Targeted,Personalized retention offer for a high-value account,churn-logistic-1.0.0
17684,2011-12-10,Recent developing,239.41,1,0.8087936587699847,1,0.4,Priority 2 - Targeted,Targeted retention message for the next-ranked 10%,38851.33209999985,193.633289846122,667,3039,Standard monitoring,Monitor customer value and churn risk; no paid intervention,churn-logistic-1.0.0
17685,2011-12-10,Champions,5928.17,12,0.3244579837513705,0,0.4,Standard monitoring,Normal low-cost engagement; no paid retention incentive,38851.33209999985,1923.4420855353621,2627,298,Priority 1 - Immediate,Account-manager outreach; prioritize the highest exposed customer value,churn-logistic-1.0.0
17686,2011-12-10,Champions,8296.81,9,0.2670750312863737,0,0.4,Standard monitoring,Normal low-cost engagement; no paid retention incentive,38851.33209999985,2215.8707903270983,2775,210,Priority 1 - Immediate,Account-manager outreach; prioritize the highest exposed customer value,churn-logistic-1.0.0
17690,2011-12-10,Champions,7438.6,20,0.0938033697928575,0,0.4,Standard monitoring,Normal low-cost engagement; no paid retention incentive,38851.33209999985,697.7657465411498,3179,1624,Priority 3 - Nurture,Low-cost relationship nurture for value protection,churn-logistic-1.0.0
17692,2011-12-10,At-risk established,2947.04,12,0.5846759101798309,1,0.4,Standard monitoring,Normal low-cost engagement; no paid retention incentive,38851.33209999985,1723.063294336369,1760,374,Priority 2 - Targeted,Personalized retention offer for a high-value account,churn-logistic-1.0.0
17693,2011-12-10,Lapsed low-value,187.02,1,0.8629384887856617,1,0.4,Priority 1 - Immediate,Personalized outreach for the highest-ranked 10%; use segment and value,38851.33209999985,161.38675617269445,250,3128,Standard monitoring,Monitor customer value and churn risk; no paid intervention,churn-logistic-1.0.0
17694,2011-12-10,At-risk established,1695.97,3,0.9031087576025776,1,0.4,Priority 1 - Immediate,Personalized outreach for the highest-ranked 10%; use segment and value,38851.33209999985,1531.6453596312435,84,495,Priority 2 - Targeted,Personalized retention offer for a high-value account,churn-logistic-1.0.0
17695,2011-12-10,At-risk established,1716.34,5,0.7316769106508856,1,0.4,Priority 3 - Nurture,Automated email nurture or product reminder,38851.33209999985,1255.806348826541,1144,735,Priority 3 - Nurture,Low-cost relationship nurture for value protection,churn-logistic-1.0.0
17696,2011-12-10,Champions,7399.89,27,0.1495805568359653,0,0.4,Standard monitoring,Normal low-cost engagement; no paid retention incentive,38851.33209999985,1106.8796667248914,3080,901,Priority 3 - Nurture,Low-cost relationship nurture for value protection,churn-logistic-1.0.0
17700,2011-12-10,Champions,6630.87,14,0.2370412405852436,0,0.4,Standard monitoring,Normal low-cost engagement; no paid retention incentive,38851.33209999985,1571.789650959474,2856,456,Priority 2 - Targeted,Personalized retention offer for a high-value account,churn-logistic-1.0.0
17702,2011-12-10,Champions,2930.94,6,0.4629829839313464,1,0.4,Standard monitoring,Normal low-cost engagement; no paid retention incentive,38851.33209999985,1356.9753469237405,2210,635,Priority 2 - Targeted,Personalized retention offer for a high-value account,churn-logistic-1.0.0
17703,2011-12-10,Recent developing,1094.84,4,0.6043111202967321,1,0.4,Priority 3 - Nurture,Automated email nurture or product reminder,38851.33209999985,661.6239869456741,1679,1711,Priority 3 - Nurture,Low-cost relationship nurture for value protection,churn-logistic-1.0.0
17704,2011-12-10,At-risk established,885.19,2,0.7854325991120591,1,0.4,Priority 3 - Nurture,Automated email nurture or product reminder,38851.33209999985,695.2570824080036,907,1633,Priority 3 - Nurture,Low-cost relationship nurture for value protection,churn-logistic-1.0.0
17705,2011-12-10,Champions,2041.5,11,0.1711854581557689,0,0.4,Standard monitoring,Normal low-cost engagement; no paid retention incentive,38851.33209999985,349.4751128250022,3017,2575,Standard monitoring,Monitor customer value and churn risk; no paid intervention,churn-logistic-1.0.0
17706,2011-12-10,Champions,20053.55,31,0.0315459568633521,0,0.4,Standard monitoring,Normal low-cost engagement; no paid retention incentive,38851.33209999985,632.6084232570745,3310,1776,Standard monitoring,Monitor customer value and churn risk; no paid intervention,churn-logistic-1.0.0
17709,2011-12-10,At-risk established,671.01,5,0.8083732260534046,1,0.4,Priority 2 - Targeted,Targeted retention message for the next-ranked 10%,38851.33209999985,542.426518414095,673,2002,Standard monitoring,Monitor customer value and churn risk; no paid intervention,churn-logistic-1.0.0
17711,2011-12-10,Recent developing,385.1,2,0.8158558595943761,1,0.4,Priority 2 - Targeted,Targeted retention message for the next-ranked 10%,38851.33209999985,314.1860915297943,594,2673,Standard monitoring,Monitor customer value and churn risk; no paid intervention,churn-logistic-1.0.0
17712,2011-12-10,Recent developing,522.91,1,0.795972762117891,1,0.4,Priority 3 - Nurture,Automated email nurture or product reminder,38851.33209999985,416.22211703906635,805,2381,Standard monitoring,Monitor customer value and churn risk; no paid intervention,churn-logistic-1.0.0
17716,2011-12-10,Champions,15711.52,24,0.0489311321234581,0,0.4,Standard monitoring,Normal low-cost engagement; no paid retention incentive,38851.33209999985,768.7824609803545,3276,1449,Priority 3 - Nurture,Low-cost relationship nurture for value protection,churn-logistic-1.0.0
17719,2011-12-10,Champions,5367.8,15,0.138321030466405,0,0.4,Standard monitoring,Normal low-cost engagement; no paid retention incentive,38851.33209999985,742.4796273375688,3097,1509,Priority 3 - Nurture,Low-cost relationship nurture for value protection,churn-logistic-1.0.0
17720,2011-12-10,Champions,2715.06,10,0.4023284247739193,1,0.4,Standard monitoring,Normal low-cost engagement; no paid retention incentive,38851.33209999985,1092.3458129666772,2407,919,Priority 3 - Nurture,Low-cost relationship nurture for value protection,churn-logistic-1.0.0
17722,2011-12-10,At-risk established,4386.77,5,0.6490434205736282,1,0.4,Priority 3 - Nurture,Automated email nurture or product reminder,38851.33209999985,2847.2042060697754,1451,110,Priority 1 - Immediate,Account-manager outreach; prioritize the highest exposed customer value,churn-logistic-1.0.0
17723,2011-12-10,At-risk established,3378.4000000000005,7,0.6416585546893698,1,0.4,Priority 3 - Nurture,Automated email nurture or product reminder,38851.33209999985,2167.7792611625673,1486,221,Priority 1 - Immediate,Account-manager outreach; prioritize the highest exposed customer value,churn-logistic-1.0.0
17724,2011-12-10,At-risk established,995.65,3,0.5541017226991186,1,0.4,Standard monitoring,Normal low-cost engagement; no paid retention incentive,38851.33209999985,551.6913802053774,1897,1980,Standard monitoring,Monitor customer value and churn risk; no paid intervention,churn-logistic-1.0.0
17725,2011-12-10,Champions,3371.13,11,0.1876036601771662,0,0.4,Standard monitoring,Normal low-cost engagement; no paid retention incentive,38851.33209999985,632.4363269330503,2980,1778,Standard monitoring,Monitor customer value and churn risk; no paid intervention,churn-logistic-1.0.0
17727,2011-12-10,Recent developing,1042.55,1,0.7507881424124087,1,0.4,Priority 3 - Nurture,Automated email nurture or product reminder,38851.33209999985,782.7341778720566,1081,1407,Priority 3 - Nurture,Low-cost relationship nurture for value protection,churn-logistic-1.0.0
17728,2011-12-10,Champions,4206.16,5,0.4176953517053965,1,0.4,Standard monitoring,Normal low-cost engagement; no paid retention incentive,38851.33209999985,1756.8934805291706,2359,361,Priority 2 - Targeted,Personalized retention offer for a high-value account,churn-logistic-1.0.0
17730,2011-12-10,Champions,7764.150000000001,20,0.044829428811372,0,0.4,Standard monitoring,Normal low-cost engagement; no paid retention incentive,38851.33209999985,348.06240970581393,3286,2582,Standard monitoring,Monitor customer value and churn risk; no paid intervention,churn-logistic-1.0.0
17731,2011-12-10,At-risk established,1347.08,6,0.60848138337934,1,0.4,Priority 3 - Nurture,Automated email nurture or product reminder,38851.33209999985,819.6731019226413,1660,1344,Priority 3 - Nurture,Low-cost relationship nurture for value protection,churn-logistic-1.0.0
17733,2011-12-10,Recent developing,692.19,2,0.7890764088304354,1,0.4,Priority 3 - Nurture,Automated email nurture or product reminder,38851.33209999985,546.1907994283391,881,1993,Standard monitoring,Monitor customer value and churn risk; no paid intervention,churn-logistic-1.0.0
17734,2011-12-10,At-risk established,1442.32,6,0.5491035563381149,1,0.4,Standard monitoring,Normal low-cost engagement; no paid retention incentive,38851.33209999985,791.9830413775899,1917,1389,Priority 3 - Nurture,Low-cost relationship nurture for value protection,churn-logistic-1.0.0
17735,2011-12-10,Champions,17166.18,26,0.0404994919743467,0,0.4,Standard monitoring,Normal low-cost engagement; no paid retention incentive,38851.33209999985,695.2215691401908,3292,1634,Priority 3 - Nurture,Low-cost relationship nurture for value protection,churn-logistic-1.0.0
17736,2011-12-10,Recent developing,337.49,2,0.653028561866363,1,0.4,Priority 3 - Nurture,Automated email nurture or product reminder,38851.33209999985,220.39060934427886,1431,2979,Standard monitoring,Monitor customer value and churn risk; no paid intervention,churn-logistic-1.0.0
17737,2011-12-10,Recent developing,168.24,2,0.6052284928157114,1,0.4,Priority 3 - Nurture,Automated email nurture or product reminder,38851.33209999985,101.8236416313153,1676,3296,Standard monitoring,Monitor customer value and churn risk; no paid intervention,churn-logistic-1.0.0
17738,2011-12-10,Champions,4145.36,13,0.3976277785264334,0,0.4,Standard monitoring,Normal low-cost engagement; no paid retention incentive,38851.33209999985,1648.3102879923358,2424,413,Priority 2 - Targeted,Personalized retention offer for a high-value account,churn-logistic-1.0.0
17739,2011-12-10,Champions,7717.19,18,0.177959549557141,0,0.4,Standard monitoring,Normal low-cost engagement; no paid retention incentive,38851.33209999985,1373.347656246873,3002,619,Priority 2 - Targeted,Personalized retention offer for a high-value account,churn-logistic-1.0.0
17742,2011-12-10,At-risk established,2098.48,11,0.5892246827654366,1,0.4,Standard monitoring,Normal low-cost engagement; no paid retention incentive,38851.33209999985,1236.4762122896134,1738,750,Priority 3 - Nurture,Low-cost relationship nurture for value protection,churn-logistic-1.0.0
17744,2011-12-10,Champions,2649.14,7,0.4427968040523297,1,0.4,Standard monitoring,Normal low-cost engagement; no paid retention incentive,38851.33209999985,1173.0307254871886,2275,812,Priority 3 - Nurture,Low-cost relationship nurture for value protection,churn-logistic-1.0.0
17747,2011-12-10,Lapsed low-value,65.45,1,0.8605077751266746,1,0.4,Priority 1 - Immediate,Personalized outreach for the highest-ranked 10%; use segment and value,38851.33209999985,56.32023388204086,272,3392,Standard monitoring,Monitor customer value and churn risk; no paid intervention,churn-logistic-1.0.0
17749,2011-12-10,At-risk established,1026.18,3,0.8662697846515969,1,0.4,Priority 1 - Immediate,Personalized outreach for the highest-ranked 10%; use segment and value,38851.33209999985,888.9487276137758,231,1226,Priority 3 - Nurture,Low-cost relationship nurture for value protection,churn-logistic-1.0.0
17750,2011-12-10,Champions,1781.28,9,0.1567951171555486,0,0.4,Standard monitoring,Normal low-cost engagement; no paid retention incentive,38851.33209999985,279.2960062868356,3058,2803,Standard monitoring,Monitor customer value and churn risk; no paid intervention,churn-logistic-1.0.0
17754,2011-12-10,Champions,4500.08,13,0.1620112902641375,0,0.4,Standard monitoring,Normal low-cost engagement; no paid retention incentive,38851.33209999985,729.0637670918398,3046,1542,Priority 3 - Nurture,Low-cost relationship nurture for value protection,churn-logistic-1.0.0
17757,2011-12-10,Champions,9338.89,56,0.0010773331080865,0,0.4,Standard monitoring,Normal low-cost engagement; no paid retention incentive,38851.33209999985,10.061095389777934,3434,3439,Standard monitoring,Monitor customer value and churn risk; no paid intervention,churn-logistic-1.0.0
17758,2011-12-10,Champions,5012.53,12,0.1628493196498377,0,0.4,Standard monitoring,Normal low-cost engagement; no paid retention incentive,38851.33209999985,816.2871002244009,3042,1348,Priority 3 - Nurture,Low-cost relationship nurture for value protection,churn-logistic-1.0.0
17759,2011-12-10,Recent developing,1275.66,5,0.5824306742167457,1,0.4,Standard monitoring,Normal low-cost engagement; no paid retention incentive,38851.33209999985,742.9835138713338,1771,1507,Priority 3 - Nurture,Low-cost relationship nurture for value protection,churn-logistic-1.0.0
17760,2011-12-10,Recent developing,911.68,6,0.7234585000088839,1,0.4,Priority 3 - Nurture,Automated email nurture or product reminder,38851.33209999985,659.5626452880992,1166,1715,Priority 3 - Nurture,Low-cost relationship nurture for value protection,churn-logistic-1.0.0
17761,2011-12-10,Recent developing,712.78,1,0.7869347439647486,1,0.4,Priority 3 - Nurture,Automated email nurture or product reminder,38851.33209999985,560.9113468031935,901,1958,Standard monitoring,Monitor customer value and churn risk; no paid intervention,churn-logistic-1.0.0
17764,2011-12-10,At-risk established,1623.64,5,0.5782051681920655,1,0.4,Standard monitoring,Normal low-cost engagement; no paid retention incentive,38851.33209999985,938.7970392833653,1793,1136,Priority 3 - Nurture,Low-cost relationship nurture for value protection,churn-logistic-1.0.0
17765,2011-12-10,At-risk established,530.8,4,0.753086813020438,1,0.4,Priority 3 - Nurture,Automated email nurture or product reminder,38851.33209999985,399.7384803512485,1073,2430,Standard monitoring,Monitor customer value and churn risk; no paid intervention,churn-logistic-1.0.0
17767,2011-12-10,Recent developing,413.05,2,0.8689721277489517,1,0.4,Priority 1 - Immediate,Personalized outreach for the highest-ranked 10%; use segment and value,38851.33209999985,358.92893736670453,203,2544,Standard monitoring,Monitor customer value and churn risk; no paid intervention,churn-logistic-1.0.0
17768,2011-12-10,Champions,3504.56,7,0.3685658485156584,0,0.4,Standard monitoring,Normal low-cost engagement; no paid retention incentive,38851.33209999985,1291.6611300740358,2514,695,Priority 3 - Nurture,Low-cost relationship nurture for value protection,churn-logistic-1.0.0
17769,2011-12-10,Champions,7004.02,17,0.027355458617103,0,0.4,Standard monitoring,Normal low-cost engagement; no paid retention incentive,38851.33209999985,191.59817926336177,3320,3047,Standard monitoring,Monitor customer value and churn risk; no paid intervention,churn-logistic-1.0.0
17771,2011-12-10,Recent developing,386.93,4,0.7192375083112461,1,0.4,Priority 3 - Nurture,Automated email nurture or product reminder,38851.33209999985,278.2945690908705,1183,2808,Standard monitoring,Monitor customer value and churn risk; no paid intervention,churn-logistic-1.0.0
17772,2011-12-10,Recent developing,384.77,3,0.8684168332454891,1,0.4,Priority 1 - Immediate,Personalized outreach for the highest-ranked 10%; use segment and value,38851.33209999985,334.1407449278668,211,2625,Standard monitoring,Monitor customer value and churn risk; no paid intervention,churn-logistic-1.0.0
17774,2011-12-10,At-risk established,3313.61,9,0.4207045035729382,1,0.4,Standard monitoring,Normal low-cost engagement; no paid retention incentive,38851.33209999985,1394.0506500843237,2342,597,Priority 2 - Targeted,Personalized retention offer for a high-value account,churn-logistic-1.0.0
17777,2011-12-10,Recent developing,665.86,3,0.4677765519631308,1,0.4,Standard monitoring,Normal low-cost engagement; no paid retention incentive,38851.33209999985,311.4736948901703,2198,2684,Standard monitoring,Monitor customer value and churn risk; no paid intervention,churn-logistic-1.0.0
17779,2011-12-10,Recent developing,642.17,3,0.5023939223513794,1,0.4,Standard monitoring,Normal low-cost engagement; no paid retention incentive,38851.33209999985,322.6223051163853,2092,2649,Standard monitoring,Monitor customer value and churn risk; no paid intervention,churn-logistic-1.0.0
17781,2011-12-10,Lapsed low-value,188.02,2,0.808366167863539,1,0.4,Priority 2 - Targeted,Targeted retention message for the next-ranked 10%,38851.33209999985,151.9890068817026,674,3154,Standard monitoring,Monitor customer value and churn risk; no paid intervention,churn-logistic-1.0.0
17783,2011-12-10,Recent developing,379.91,3,0.7817062984901597,1,0.4,Priority 3 - Nurture,Automated email nurture or product reminder,38851.33209999985,296.9780398593966,939,2735,Standard monitoring,Monitor customer value and churn risk; no paid intervention,churn-logistic-1.0.0
17785,2011-12-10,Recent developing,403.38,3,0.8687603619700034,1,0.4,Priority 1 - Immediate,Personalized outreach for the highest-ranked 10%; use segment and value,38851.33209999985,350.44055481145995,206,2573,Standard monitoring,Monitor customer value and churn risk; no paid intervention,churn-logistic-1.0.0
17786,2011-12-10,Lapsed low-value,278.74,2,0.8265144590099222,1,0.4,Priority 2 - Targeted,Targeted retention message for the next-ranked 10%,38851.33209999985,230.3826403044257,516,2952,Standard monitoring,Monitor customer value and churn risk; no paid intervention,churn-logistic-1.0.0
17787,2011-12-10,At-risk established,2601.4700000000003,4,0.7453214292369533,1,0.4,Priority 3 - Nurture,Automated email nurture or product reminder,38851.33209999985,1938.9313385170572,1098,293,Priority 1 - Immediate,Account-manager outreach; prioritize the highest exposed customer value,churn-logistic-1.0.0
17788,2011-12-10,Recent developing,1112.95,2,0.653594387953935,1,0.4,Priority 3 - Nurture,Automated email nurture or product reminder,38851.33209999985,727.417874073332,1429,1550,Priority 3 - Nurture,Low-cost relationship nurture for value protection,churn-logistic-1.0.0
17790,2011-12-10,Champions,2783.61,20,0.1801017873144718,0,0.4,Standard monitoring,Normal low-cost engagement; no paid retention incentive,38851.33209999985,501.33313618643683,2998,2125,Standard monitoring,Monitor customer value and churn risk; no paid intervention,churn-logistic-1.0.0
17791,2011-12-10,Recent developing,106.1,1,0.8071355125353916,1,0.4,Priority 2 - Targeted,Targeted retention message for the next-ranked 10%,38851.33209999985,85.63707788000505,683,3346,Standard monitoring,Monitor customer value and churn risk; no paid intervention,churn-logistic-1.0.0
17793,2011-12-10,Recent developing,323.04,1,0.7875182987924002,1,0.4,Priority 3 - Nurture,Automated email nurture or product reminder,38851.33209999985,254.39991124189697,897,2885,Standard monitoring,Monitor customer value and churn risk; no paid intervention,churn-logistic-1.0.0
17795,2011-12-10,Lapsed low-value,350.39,2,0.8022938455438579,1,0.4,Priority 3 - Nurture,Automated email nurture or product reminder,38851.33209999985,281.11574054011237,737,2797,Standard monitoring,Monitor customer value and churn risk; no paid intervention,churn-logistic-1.0.0
17796,2011-12-10,At-risk established,1361.99,7,0.61244931006587,1,0.4,Priority 3 - Nurture,Automated email nurture or product reminder,38851.33209999985,834.1498358166143,1641,1313,Priority 3 - Nurture,Low-cost relationship nurture for value protection,churn-logistic-1.0.0
17797,2011-12-10,Champions,1985.87,8,0.5165012418729339,1,0.4,Standard monitoring,Normal low-cost engagement; no paid retention incentive,38851.33209999985,1025.7043211982032,2025,997,Priority 3 - Nurture,Low-cost relationship nurture for value protection,churn-logistic-1.0.0
17799,2011-12-10,Champions,6216.74,20,0.1314520691159121,0,0.4,Standard monitoring,Normal low-cost engagement; no paid retention incentive,38851.33209999985,817.2033361556553,3117,1346,Priority 3 - Nurture,Low-cost relationship nurture for value protection,churn-logistic-1.0.0
17800,2011-12-10,At-risk established,1198.01,9,0.3181543121354567,0,0.4,Standard monitoring,Normal low-cost engagement; no paid retention incentive,38851.33209999985,381.1520474813985,2644,2482,Standard monitoring,Monitor customer value and churn risk; no paid intervention,churn-logistic-1.0.0
17802,2011-12-10,Champions,4941.87,10,0.4703788581569607,1,0.4,Standard monitoring,Normal low-cost engagement; no paid retention incentive,38851.33209999985,2324.5511677601394,2191,187,Priority 1 - Immediate,Account-manager outreach; prioritize the highest exposed customer value,churn-logistic-1.0.0
17805,2011-12-10,Recent developing,927.03,2,0.9340092300953,1,0.4,Priority 1 - Immediate,Personalized outreach for the highest-ranked 10%; use segment and value,38851.33209999985,865.8545765752459,27,1260,Priority 3 - Nurture,Low-cost relationship nurture for value protection,churn-logistic-1.0.0
17806,2011-12-10,Recent developing,546.04,1,0.7758797773761815,1,0.4,Priority 3 - Nurture,Automated email nurture or product reminder,38851.33209999985,423.66139363849015,959,2360,Standard monitoring,Monitor customer value and churn risk; no paid intervention,churn-logistic-1.0.0
17809,2011-12-10,Champions,11272.69,20,0.1286765227714372,0,0.4,Standard monitoring,Normal low-cost engagement; no paid retention incentive,38851.33209999985,1450.5305514803526,3122,556,Priority 2 - Targeted,Personalized retention offer for a high-value account,churn-logistic-1.0.0
17811,2011-12-10,Champions,9441.2,47,0.0002271556675666,0,0.4,Standard monitoring,Normal low-cost engagement; no paid retention incentive,38851.33209999985,2.144622088629784,3446,3447,Standard monitoring,Monitor customer value and churn risk; no paid intervention,churn-logistic-1.0.0
17812,2011-12-10,Recent developing,1165.89,7,0.3856666112828354,0,0.4,Standard monitoring,Normal low-cost engagement; no paid retention incentive,38851.33209999985,449.644845428545,2468,2283,Standard monitoring,Monitor customer value and churn risk; no paid intervention,churn-logistic-1.0.0
17813,2011-12-10,Recent developing,1714.6,5,0.2358006834323229,0,0.4,Standard monitoring,Normal low-cost engagement; no paid retention incentive,38851.33209999985,404.3038518130608,2859,2417,Standard monitoring,Monitor customer value and churn risk; no paid intervention,churn-logistic-1.0.0
17816,2011-12-10,Exceptional high-value,112.32,6,0.5458600243934255,1,0.4,Standard monitoring,Normal low-cost engagement; no paid retention incentive,38851.33209999985,61.31099793986955,1934,3384,Standard monitoring,Monitor customer value and churn risk; no paid intervention,churn-logistic-1.0.0
17817,2011-12-10,Recent developing,801.15,6,0.6567369392816299,1,0.4,Priority 3 - Nurture,Automated email nurture or product reminder,38851.33209999985,526.1447989054777,1415,2048,Standard monitoring,Monitor customer value and churn risk; no paid intervention,churn-logistic-1.0.0
17819,2011-12-10,Champions,6561.52,12,0.4804064953861963,1,0.4,Standard monitoring,Normal low-cost engagement; no paid retention incentive,38851.33209999985,3152.196827606435,2164,78,Priority 1 - Immediate,Account-manager outreach; prioritize the highest exposed customer value,churn-logistic-1.0.0
17824,2011-12-10,Recent developing,298.4,1,0.8123845136984628,1,0.4,Priority 2 - Targeted,Targeted retention message for the next-ranked 10%,38851.33209999985,242.41553888762127,627,2921,Standard monitoring,Monitor customer value and churn risk; no paid intervention,churn-logistic-1.0.0
17827,2011-12-10,Champions,2381.3,6,0.6469010591897495,1,0.4,Priority 3 - Nurture,Automated email nurture or product reminder,38851.33209999985,1540.4654922485506,1460,484,Priority 2 - Targeted,Personalized retention offer for a high-value account,churn-logistic-1.0.0
17828,2011-12-10,Recent developing,1084.92,4,0.5175250332186002,1,0.4,Standard monitoring,Normal low-cost engagement; no paid retention incentive,38851.33209999985,561.4732590395238,2021,1952,Standard monitoring,Monitor customer value and churn risk; no paid intervention,churn-logistic-1.0.0
17830,2011-12-10,Recent developing,398.7,3,0.8057301505006115,1,0.4,Priority 3 - Nurture,Automated email nurture or product reminder,38851.33209999985,321.24461100459376,700,2655,Standard monitoring,Monitor customer value and churn risk; no paid intervention,churn-logistic-1.0.0
17831,2011-12-10,Lapsed low-value,35.400000000000006,1,0.8137378208692391,1,0.4,Priority 2 - Targeted,Targeted retention message for the next-ranked 10%,38851.33209999985,28.806318858771068,614,3421,Standard monitoring,Monitor customer value and churn risk; no paid intervention,churn-logistic-1.0.0
17832,2011-12-10,Lapsed low-value,155.37,1,0.8020578997384469,1,0.4,Priority 3 - Nurture,Automated email nurture or product reminder,38851.33209999985,124.6157358823625,739,3237,Standard monitoring,Monitor customer value and churn risk; no paid intervention,churn-logistic-1.0.0
17835,2011-12-10,Recent developing,350.64,3,0.471600834959545,1,0.4,Standard monitoring,Normal low-cost engagement; no paid retention incentive,38851.33209999985,165.36211677021487,2186,3118,Standard monitoring,Monitor customer value and churn risk; no paid intervention,churn-logistic-1.0.0
17836,2011-12-10,Lapsed low-value,109.83,1,0.8128080589475544,1,0.4,Priority 2 - Targeted,Targeted retention message for the next-ranked 10%,38851.33209999985,89.2707091142099,622,3339,Standard monitoring,Monitor customer value and churn risk; no paid intervention,churn-logistic-1.0.0
17837,2011-12-10,At-risk established,1554.63,8,0.150350687873332,0,0.4,Standard monitoring,Normal low-cost engagement; no paid retention incentive,38851.33209999985,233.73968988851814,3075,2946,Standard monitoring,Monitor customer value and churn risk; no paid intervention,churn-logistic-1.0.0
17838,2011-12-10,Champions,6244.35,13,0.3155941811540716,0,0.4,Standard monitoring,Normal low-cost engagement; no paid retention incentive,38851.33209999985,1970.6805250894272,2651,281,Priority 1 - Immediate,Account-manager outreach; prioritize the highest exposed customer value,churn-logistic-1.0.0
17839,2011-12-10,Recent developing,338.8,1,0.7957301129015715,1,0.4,Priority 3 - Nurture,Automated email nurture or product reminder,38851.33209999985,269.59336225105244,810,2837,Standard monitoring,Monitor customer value and churn risk; no paid intervention,churn-logistic-1.0.0
17841,2011-12-10,Exceptional high-value,69595.47,211,2.035239060786664e-13,0,0.4,Standard monitoring,Normal low-cost engagement; no paid retention incentive,38851.33209999985,7.907174865351446e-09,3463,3462,Standard monitoring,Monitor customer value and churn risk; no paid intervention,churn-logistic-1.0.0
17844,2011-12-10,Lapsed low-value,51.56,1,0.8595780843881958,1,0.4,Priority 1 - Immediate,Personalized outreach for the highest-ranked 10%; use segment and value,38851.33209999985,44.31984603105538,286,3405,Standard monitoring,Monitor customer value and churn risk; no paid intervention,churn-logistic-1.0.0
17848,2011-12-10,Champions,3619.75,30,0.1958688454943826,0,0.4,Standard monitoring,Normal low-cost engagement; no paid retention incentive,38851.33209999985,708.9962534782915,2958,1591,Priority 3 - Nurture,Low-cost relationship nurture for value protection,churn-logistic-1.0.0
17852,2011-12-10,Recent developing,663.21,5,0.8809732835818952,1,0.4,Priority 1 - Immediate,Personalized outreach for the highest-ranked 10%; use segment and value,38851.33209999985,584.2702914043488,132,1906,Standard monitoring,Monitor customer value and churn risk; no paid intervention,churn-logistic-1.0.0
17856,2011-12-10,Recent developing,1393.79,4,0.6858084369451997,1,0.4,Priority 3 - Nurture,Automated email nurture or product reminder,38851.33209999985,955.8729413298498,1312,1107,Priority 3 - Nurture,Low-cost relationship nurture for value protection,churn-logistic-1.0.0
17857,2011-12-10,Champions,26989.04,23,0.0108843273395586,0,0.4,Standard monitoring,Normal low-cost engagement; no paid retention incentive,38851.33209999985,293.75754594044065,3387,2750,Standard monitoring,Monitor customer value and churn risk; no paid intervention,churn-logistic-1.0.0
17858,2011-12-10,Champions,12737.65,30,0.0622915354858632,0,0.4,Standard monitoring,Normal low-cost engagement; no paid retention incentive,38851.33209999985,793.4477769815054,3242,1386,Priority 3 - Nurture,Low-cost relationship nurture for value protection,churn-logistic-1.0.0
17861,2011-12-10,Champions,5072.09,18,0.0886249441916687,0,0.4,Standard monitoring,Normal low-cost engagement; no paid retention incentive,38851.33209999985,449.5136931851209,3189,2284,Standard monitoring,Monitor customer value and churn risk; no paid intervention,churn-logistic-1.0.0
17863,2011-12-10,Champions,5745.2,12,0.268163814276476,0,0.4,Standard monitoring,Normal low-cost engagement; no paid retention incentive,38851.33209999985,1540.6547457812098,2772,483,Priority 2 - Targeted,Personalized retention offer for a high-value account,churn-logistic-1.0.0
17864,2011-12-10,Recent developing,924.32,5,0.5492531233420511,1,0.4,Standard monitoring,Normal low-cost engagement; no paid retention incentive,38851.33209999985,507.6856469675247,1915,2105,Standard monitoring,Monitor customer value and churn risk; no paid intervention,churn-logistic-1.0.0
17865,2011-12-10,Champions,25622.77,46,0.0120617390502885,0,0.4,Standard monitoring,Normal low-cost engagement; no paid retention incentive,38851.33209999985,309.0551654855607,3381,2694,Standard monitoring,Monitor customer value and churn risk; no paid intervention,churn-logistic-1.0.0
17866,2011-12-10,At-risk established,1122.2,3,0.8668697894157998,1,0.4,Priority 1 - Immediate,Personalized outreach for the highest-ranked 10%; use segment and value,38851.33209999985,972.8012776824106,226,1073,Priority 3 - Nurture,Low-cost relationship nurture for value protection,churn-logistic-1.0.0
17867,2011-12-10,Champions,926.35,14,0.4023843691621499,1,0.4,Standard monitoring,Normal low-cost engagement; no paid retention incentive,38851.33209999985,372.7487603733576,2406,2502,Standard monitoring,Monitor customer value and churn risk; no paid intervention,churn-logistic-1.0.0
17869,2011-12-10,At-risk established,1036.16,7,0.6949072488636598,1,0.4,Priority 3 - Nurture,Automated email nurture or product reminder,38851.33209999985,720.0350949825698,1281,1570,Priority 3 - Nurture,Low-cost relationship nurture for value protection,churn-logistic-1.0.0
17870,2011-12-10,Champions,3103.2,13,0.1143859771890835,0,0.4,Standard monitoring,Normal low-cost engagement; no paid retention incentive,38851.33209999985,354.9625644131639,3134,2555,Standard monitoring,Monitor customer value and churn risk; no paid intervention,churn-logistic-1.0.0
17873,2011-12-10,Champions,6094.18,17,0.4402257244779969,1,0.4,Standard monitoring,Normal low-cost engagement; no paid retention incentive,38851.33209999985,2682.8148055993192,2282,125,Priority 1 - Immediate,Account-manager outreach; prioritize the highest exposed customer value,churn-logistic-1.0.0
17877,2011-12-10,Lapsed low-value,237.61,1,0.8771163882982028,1,0.4,Priority 1 - Immediate,Personalized outreach for the highest-ranked 10%; use segment and value,38851.33209999985,208.41162502353598,154,3009,Standard monitoring,Monitor customer value and churn risk; no paid intervention,churn-logistic-1.0.0
17878,2011-12-10,Recent developing,1412.33,3,0.8460314769059031,1,0.4,Priority 2 - Targeted,Targeted retention message for the next-ranked 10%,38851.33209999985,1194.875635778514,359,790,Priority 3 - Nurture,Low-cost relationship nurture for value protection,churn-logistic-1.0.0
17879,2011-12-10,Lapsed low-value,178.51999999999998,1,0.8801824155578051,1,0.4,Priority 1 - Immediate,Personalized outreach for the highest-ranked 10%; use segment and value,38851.33209999985,157.13016482537935,137,3140,Standard monitoring,Monitor customer value and churn risk; no paid intervention,churn-logistic-1.0.0
17883,2011-12-10,Recent developing,979.95,7,0.4197784578097653,1,0.4,Standard monitoring,Normal low-cost engagement; no paid retention incentive,38851.33209999985,411.3618997306795,2350,2399,Standard monitoring,Monitor customer value and churn risk; no paid intervention,churn-logistic-1.0.0
17884,2011-12-10,Champions,3048.64,20,0.3120350068008634,0,0.4,Standard monitoring,Normal low-cost engagement; no paid retention incentive,38851.33209999985,951.282403133384,2668,1120,Priority 3 - Nurture,Low-cost relationship nurture for value protection,churn-logistic-1.0.0
17885,2011-12-10,Recent developing,190.19,1,0.7847511888320879,1,0.4,Priority 3 - Nurture,Automated email nurture or product reminder,38851.33209999985,149.25182860397481,913,3162,Standard monitoring,Monitor customer value and churn risk; no paid intervention,churn-logistic-1.0.0
17886,2011-12-10,At-risk established,1608.38,6,0.5933884658208051,1,0.4,Priority 3 - Nurture,Automated email nurture or product reminder,38851.33209999985,954.3941406568665,1722,1110,Priority 3 - Nurture,Low-cost relationship nurture for value protection,churn-logistic-1.0.0
17887,2011-12-10,Lapsed low-value,111.35,1,0.8656205048102507,1,0.4,Priority 1 - Immediate,Personalized outreach for the highest-ranked 10%; use segment and value,38851.33209999985,96.38684321062141,233,3315,Standard monitoring,Monitor customer value and churn risk; no paid intervention,churn-logistic-1.0.0
17888,2011-12-10,Exceptional high-value,1325.31,21,0.1310850595017761,0,0.4,Standard monitoring,Normal low-cost engagement; no paid retention incentive,38851.33209999985,173.72834020829887,3118,3096,Standard monitoring,Monitor customer value and churn risk; no paid intervention,churn-logistic-1.0.0
17891,2011-12-10,Lapsed low-value,203.86,1,0.8716528599194002,1,0.4,Priority 1 - Immediate,Personalized outreach for the highest-ranked 10%; use segment and value,38851.33209999985,177.69515202316893,187,3080,Standard monitoring,Monitor customer value and churn risk; no paid intervention,churn-logistic-1.0.0
17892,2011-12-10,Recent developing,244.1,3,0.5879189166684377,1,0.4,Standard monitoring,Normal low-cost engagement; no paid retention incentive,38851.33209999985,143.51100755876564,1740,3182,Standard monitoring,Monitor customer value and churn risk; no paid intervention,churn-logistic-1.0.0
17894,2011-12-10,Champions,2407.24,18,0.362862220065462,0,0.4,Standard monitoring,Normal low-cost engagement; no paid retention incentive,38851.33209999985,873.4964506303826,2534,1250,Priority 3 - Nurture,Low-cost relationship nurture for value protection,churn-logistic-1.0.0
17895,2011-12-10,Lapsed low-value,98.0,1,0.8138730579684637,1,0.4,Priority 2 - Targeted,Targeted retention message for the next-ranked 10%,38851.33209999985,79.75955968090943,613,3355,Standard monitoring,Monitor customer value and churn risk; no paid intervention,churn-logistic-1.0.0
17896,2011-12-10,Recent developing,256.32,1,0.8024228112715284,1,0.4,Priority 3 - Nurture,Automated email nurture or product reminder,38851.33209999985,205.67701498511815,734,3017,Standard monitoring,Monitor customer value and churn risk; no paid intervention,churn-logistic-1.0.0
17897,2011-12-10,At-risk established,2487.15,9,0.6402787110621186,1,0.4,Priority 3 - Nurture,Automated email nurture or product reminder,38851.33209999985,1592.4691962181485,1492,441,Priority 2 - Targeted,Personalized retention offer for a high-value account,churn-logistic-1.0.0
17898,2011-12-10,Recent developing,299.18,4,0.7158781387142041,1,0.4,Priority 3 - Nurture,Automated email nurture or product reminder,38851.33209999985,214.1764215405156,1197,2994,Standard monitoring,Monitor customer value and churn risk; no paid intervention,churn-logistic-1.0.0
17899,2011-12-10,Lapsed low-value,155.8,1,0.871873947653459,1,0.4,Priority 1 - Immediate,Personalized outreach for the highest-ranked 10%; use segment and value,38851.33209999985,135.83796104440893,186,3199,Standard monitoring,Monitor customer value and churn risk; no paid intervention,churn-logistic-1.0.0
17901,2011-12-10,Recent developing,260.08,3,0.9120819501556776,1,0.4,Priority 1 - Immediate,Personalized outreach for the highest-ranked 10%; use segment and value,38851.33209999985,237.21427359648862,68,2937,Standard monitoring,Monitor customer value and churn risk; no paid intervention,churn-logistic-1.0.0
17904,2011-12-10,Recent developing,178.92,1,0.7923253905769235,1,0.4,Priority 3 - Nurture,Automated email nurture or product reminder,38851.33209999985,141.76285888202315,852,3186,Standard monitoring,Monitor customer value and churn risk; no paid intervention,churn-logistic-1.0.0
17905,2011-12-10,Champions,2363.72,13,0.4184752883025142,1,0.4,Standard monitoring,Normal low-cost engagement; no paid retention incentive,38851.33209999985,989.1584084664188,2357,1050,Priority 3 - Nurture,Low-cost relationship nurture for value protection,churn-logistic-1.0.0
17911,2011-12-10,Recent developing,366.23,1,0.7806835477372963,1,0.4,Priority 3 - Nurture,Automated email nurture or product reminder,38851.33209999985,285.90973568783005,941,2777,Standard monitoring,Monitor customer value and churn risk; no paid intervention,churn-logistic-1.0.0
17913,2011-12-10,Champions,3475.44,14,0.4318105907610352,1,0.4,Standard monitoring,Normal low-cost engagement; no paid retention incentive,38851.33209999985,1500.731799554532,2305,521,Priority 2 - Targeted,Personalized retention offer for a high-value account,churn-logistic-1.0.0
17914,2011-12-10,Recent developing,336.43,1,0.7690744547372161,1,0.4,Priority 3 - Nurture,Automated email nurture or product reminder,38851.33209999985,258.7397188072416,1003,2872,Standard monitoring,Monitor customer value and churn risk; no paid intervention,churn-logistic-1.0.0
17917,2011-12-10,Recent developing,341.28,3,0.7552732827959122,1,0.4,Priority 3 - Nurture,Automated email nurture or product reminder,38851.33209999985,257.7596659525889,1069,2874,Standard monitoring,Monitor customer value and churn risk; no paid intervention,churn-logistic-1.0.0
17919,2011-12-10,At-risk established,1840.32,2,0.868007801143324,1,0.4,Priority 1 - Immediate,Personalized outreach for the highest-ranked 10%; use segment and value,38851.33209999985,1597.4121166000818,215,438,Priority 2 - Targeted,Personalized retention offer for a high-value account,churn-logistic-1.0.0
17920,2011-12-10,Champions,24486.11,54,0.0014035236133589,0,0.4,Standard monitoring,Normal low-cost engagement; no paid retention incentive,38851.33209999985,34.36683358430349,3428,3414,Standard monitoring,Monitor customer value and churn risk; no paid intervention,churn-logistic-1.0.0
17921,2011-12-10,Champions,2383.35,10,0.3853833673526394,0,0.4,Standard monitoring,Normal low-cost engagement; no paid retention incentive,38851.33209999985,918.5034485799131,2469,1179,Priority 3 - Nurture,Low-cost relationship nurture for value protection,churn-logistic-1.0.0
17924,2011-12-10,Champions,3448.74,8,0.4899090121755852,1,0.4,Standard monitoring,Normal low-cost engagement; no paid retention incentive,38851.33209999985,1689.5688066504276,2132,385,Priority 2 - Targeted,Personalized retention offer for a high-value account,churn-logistic-1.0.0
17926,2011-12-10,At-risk established,1035.49,5,0.753002013787282,1,0.4,Priority 3 - Nurture,Automated email nurture or product reminder,38851.33209999985,779.7260552565926,1074,1418,Priority 3 - Nurture,Low-cost relationship nurture for value protection,churn-logistic-1.0.0
17928,2011-12-10,Recent developing,313.16,3,0.804115306892733,1,0.4,Priority 3 - Nurture,Automated email nurture or product reminder,38851.33209999985,251.81674950652828,717,2889,Standard monitoring,Monitor customer value and churn risk; no paid intervention,churn-logistic-1.0.0
17929,2011-12-10,Champions,3073.6,12,0.3966207368911785,0,0.4,Standard monitoring,Normal low-cost engagement; no paid retention incentive,38851.33209999985,1219.0534969087262,2428,763,Priority 3 - Nurture,Low-cost relationship nurture for value protection,churn-logistic-1.0.0
17930,2011-12-10,Champions,4239.37,13,0.2494150551177035,0,0.4,Standard monitoring,Normal low-cost engagement; no paid retention incentive,38851.33209999985,1057.3627022143387,2829,960,Priority 3 - Nurture,Low-cost relationship nurture for value protection,churn-logistic-1.0.0
17931,2011-12-10,Champions,3306.84,14,0.5015472458831183,1,0.4,Standard monitoring,Normal low-cost engagement; no paid retention incentive,38851.33209999985,1658.536494576131,2095,400,Priority 2 - Targeted,Personalized retention offer for a high-value account,churn-logistic-1.0.0
17932,2011-12-10,Recent developing,1331.57,3,0.649044130879146,1,0.4,Priority 3 - Nurture,Automated email nurture or product reminder,38851.33209999985,864.2476933547445,1450,1263,Priority 3 - Nurture,Low-cost relationship nurture for value protection,churn-logistic-1.0.0
17934,2011-12-10,Recent developing,1049.15,3,0.7943183799158228,1,0.4,Priority 3 - Nurture,Automated email nurture or product reminder,38851.33209999985,833.3591282886855,821,1316,Priority 3 - Nurture,Low-cost relationship nurture for value protection,churn-logistic-1.0.0
17935,2011-12-10,At-risk established,652.64,7,0.7049060078908079,1,0.4,Priority 3 - Nurture,Automated email nurture or product reminder,38851.33209999985,460.0498569898569,1242,2246,Standard monitoring,Monitor customer value and churn risk; no paid intervention,churn-logistic-1.0.0
17936,2011-12-10,Recent developing,389.84,1,0.7688632110113438,1,0.4,Priority 3 - Nurture,Automated email nurture or product reminder,38851.33209999985,299.73363418066225,1006,2725,Standard monitoring,Monitor customer value and churn risk; no paid intervention,churn-logistic-1.0.0
17937,2011-12-10,Champions,4301.22,7,0.4052381162151199,1,0.4,Standard monitoring,Normal low-cost engagement; no paid retention incentive,38851.33209999985,1743.0182902267982,2394,366,Priority 2 - Targeted,Personalized retention offer for a high-value account,churn-logistic-1.0.0
17939,2011-12-10,Lapsed low-value,99.14,1,0.8758926430338142,1,0.4,Priority 1 - Immediate,Personalized outreach for the highest-ranked 10%; use segment and value,38851.33209999985,86.83599663037234,161,3344,Standard monitoring,Monitor customer value and churn risk; no paid intervention,churn-logistic-1.0.0
17940,2011-12-10,Champions,28475.98,14,0.1818405354383256,0,0.4,Standard monitoring,Normal low-cost engagement; no paid retention incentive,38851.33209999985,5178.087450331051,2995,21,Priority 1 - Immediate,Account-manager outreach; prioritize the highest exposed customer value,churn-logistic-1.0.0
17941,2011-12-10,At-risk established,1433.28,4,0.8451892767564485,1,0.4,Priority 2 - Targeted,Targeted retention message for the next-ranked 10%,38851.33209999985,1211.3928865894825,365,771,Priority 3 - Nurture,Low-cost relationship nurture for value protection,churn-logistic-1.0.0
17942,2011-12-10,Recent developing,77.50000000000001,1,0.7995446648125868,1,0.4,Priority 3 - Nurture,Automated email nurture or product reminder,38851.33209999985,61.964711522975485,777,3383,Standard monitoring,Monitor customer value and churn risk; no paid intervention,churn-logistic-1.0.0
17947,2011-12-10,Recent developing,176.68,1,0.8097801208847675,1,0.4,Priority 2 - Targeted,Targeted retention message for the next-ranked 10%,38851.33209999985,143.07195175792071,650,3183,Standard monitoring,Monitor customer value and churn risk; no paid intervention,churn-logistic-1.0.0
17948,2011-12-10,Lapsed low-value,358.56000000000006,1,0.8692279799015835,1,0.4,Priority 1 - Immediate,Personalized outreach for the highest-ranked 10%; use segment and value,38851.33209999985,311.67038447351183,202,2683,Standard monitoring,Monitor customer value and churn risk; no paid intervention,churn-logistic-1.0.0
17949,2011-12-10,Exceptional high-value,100323.36,106,0.0044912415891536,0,0.4,Standard monitoring,Normal low-cost engagement; no paid retention incentive,38851.33209999985,174.4907185215376,3411,3093,Standard monitoring,Monitor customer value and churn risk; no paid intervention,churn-logistic-1.0.0
17950,2011-12-10,At-risk established,1412.65,7,0.6632053944746027,1,0.4,Priority 3 - Nurture,Automated email nurture or product reminder,38851.33209999985,936.8771005045476,1387,1141,Priority 3 - Nurture,Low-cost relationship nurture for value protection,churn-logistic-1.0.0
17951,2011-12-10,Recent developing,1618.38,4,0.7318719426356975,1,0.4,Priority 3 - Nurture,Automated email nurture or product reminder,38851.33209999985,1184.4469145227604,1143,797,Priority 3 - Nurture,Low-cost relationship nurture for value protection,churn-logistic-1.0.0
17954,2011-12-10,Champions,3841.55,19,0.1044903221143741,0,0.4,Standard monitoring,Normal low-cost engagement; no paid retention incentive,38851.33209999985,401.40479691847383,3162,2426,Standard monitoring,Monitor customer value and churn risk; no paid intervention,churn-logistic-1.0.0
17957,2011-12-10,Lapsed low-value,110.72,1,0.828958856187402,1,0.4,Priority 2 - Targeted,Targeted retention message for the next-ranked 10%,38851.33209999985,91.78232455706915,488,3332,Standard monitoring,Monitor customer value and churn risk; no paid intervention,churn-logistic-1.0.0
17958,2011-12-10,At-risk established,973.88,2,0.9554317093029748,1,0.4,Priority 1 - Immediate,Personalized outreach for the highest-ranked 10%; use segment and value,38851.33209999985,930.4758330559811,4,1156,Priority 3 - Nurture,Low-cost relationship nurture for value protection,churn-logistic-1.0.0
17960,2011-12-10,Lapsed low-value,135.08,3,0.904764433744105,1,0.4,Priority 1 - Immediate,Personalized outreach for the highest-ranked 10%; use segment and value,38851.33209999985,122.21557971015372,81,3241,Standard monitoring,Monitor customer value and churn risk; no paid intervention,churn-logistic-1.0.0
17961,2011-12-10,Exceptional high-value,2979.09,98,0.0017848157067149,0,0.4,Standard monitoring,Normal low-cost engagement; no paid retention incentive,38851.33209999985,5.317126623717292,3424,3442,Standard monitoring,Monitor customer value and churn risk; no paid intervention,churn-logistic-1.0.0
17962,2011-12-10,At-risk established,671.97,4,0.8940015646988526,1,0.4,Priority 1 - Immediate,Personalized outreach for the highest-ranked 10%; use segment and value,38851.33209999985,600.742231430688,105,1859,Standard monitoring,Monitor customer value and churn risk; no paid intervention,churn-logistic-1.0.0
17964,2011-12-10,Recent developing,733.46,2,0.8371156671179351,1,0.4,Priority 2 - Targeted,Targeted retention message for the next-ranked 10%,38851.33209999985,613.9908572043207,422,1820,Standard monitoring,Monitor customer value and churn risk; no paid intervention,churn-logistic-1.0.0
17965,2011-12-10,Champions,7122.7300000000005,29,0.0484418640987579,0,0.4,Standard monitoring,Normal low-cost engagement; no paid retention incentive,38851.33209999985,345.03831867214586,3279,2588,Standard monitoring,Monitor customer value and churn risk; no paid intervention,churn-logistic-1.0.0
17966,2011-12-10,Champions,1974.42,10,0.5308029743388383,1,0.4,Standard monitoring,Normal low-cost engagement; no paid retention incentive,38851.33209999985,1048.0280085940892,1975,975,Priority 3 - Nurture,Low-cost relationship nurture for value protection,churn-logistic-1.0.0
17969,2011-12-10,Champions,2257.54,20,0.511015763122714,1,0.4,Standard monitoring,Normal low-cost engagement; no paid retention incentive,38851.33209999985,1153.6385258800517,2045,834,Priority 3 - Nurture,Low-cost relationship nurture for value protection,churn-logistic-1.0.0
17973,2011-12-10,Recent developing,337.04,1,0.8094879270664367,1,0.4,Priority 2 - Targeted,Targeted retention message for the next-ranked 10%,38851.33209999985,272.82981093847184,657,2829,Standard monitoring,Monitor customer value and churn risk; no paid intervention,churn-logistic-1.0.0
17974,2011-12-10,Recent developing,1858.06,6,0.3962481537208717,0,0.4,Standard monitoring,Normal low-cost engagement; no paid retention incentive,38851.33209999985,736.2528445026028,2430,1523,Priority 3 - Nurture,Low-cost relationship nurture for value protection,churn-logistic-1.0.0
17975,2011-12-10,Champions,6925.38,24,0.1197797364476794,0,0.4,Standard monitoring,Normal low-cost engagement; no paid retention incentive,38851.33209999985,829.52019120003,3126,1323,Priority 3 - Nurture,Low-cost relationship nurture for value protection,churn-logistic-1.0.0
17977,2011-12-10,Recent developing,1507.73,2,0.839490484298245,1,0.4,Priority 2 - Targeted,Targeted retention message for the next-ranked 10%,38851.33209999985,1265.724987890993,404,724,Priority 3 - Nurture,Low-cost relationship nurture for value protection,churn-logistic-1.0.0
17979,2011-12-10,Recent developing,734.41,4,0.6239237137338122,1,0.4,Priority 3 - Nurture,Automated email nurture or product reminder,38851.33209999985,458.215814603249,1587,2251,Standard monitoring,Monitor customer value and churn risk; no paid intervention,churn-logistic-1.0.0
17980,2011-12-10,At-risk established,1033.42,4,0.7564464539119017,1,0.4,Priority 3 - Nurture,Automated email nurture or product reminder,38851.33209999985,781.7268944016375,1062,1409,Priority 3 - Nurture,Low-cost relationship nurture for value protection,churn-logistic-1.0.0
17984,2011-12-10,At-risk established,1187.77,5,0.7653458427409668,1,0.4,Priority 3 - Nurture,Automated email nurture or product reminder,38851.33209999985,909.0548316324382,1020,1197,Priority 3 - Nurture,Low-cost relationship nurture for value protection,churn-logistic-1.0.0
17985,2011-12-10,Recent developing,634.95,1,0.7839771419595849,1,0.4,Priority 3 - Nurture,Automated email nurture or product reminder,38851.33209999985,497.78628628723845,923,2145,Standard monitoring,Monitor customer value and churn risk; no paid intervention,churn-logistic-1.0.0
17986,2011-12-10,Exceptional high-value,20.8,1,0.8249477860356323,1,0.4,Priority 2 - Targeted,Targeted retention message for the next-ranked 10%,38851.33209999985,17.158913949541155,527,3429,Standard monitoring,Monitor customer value and churn risk; no paid intervention,churn-logistic-1.0.0
17988,2011-12-10,Exceptional high-value,475.74,13,0.2687940864960602,0,0.4,Standard monitoring,Normal low-cost engagement; no paid retention incentive,38851.33209999985,127.87609870963567,2771,3226,Standard monitoring,Monitor customer value and churn risk; no paid intervention,churn-logistic-1.0.0
17994,2011-12-10,At-risk established,2256.87,11,0.4940285135493807,1,0.4,Standard monitoring,Normal low-cost engagement; no paid retention incentive,38851.33209999985,1114.9581313741908,2119,888,Priority 3 - Nurture,Low-cost relationship nurture for value protection,churn-logistic-1.0.0
17997,2011-12-10,At-risk established,1545.88,8,0.3112616969919591,0,0.4,Standard monitoring,Normal low-cost engagement; no paid retention incentive,38851.33209999985,481.1732321459298,2670,2185,Standard monitoring,Monitor customer value and churn risk; no paid intervention,churn-logistic-1.0.0
17999,2011-12-10,Recent developing,730.9,3,0.835363377705435,1,0.4,Priority 2 - Targeted,Targeted retention message for the next-ranked 10%,38851.33209999985,610.5670927649024,435,1833,Standard monitoring,Monitor customer value and churn risk; no paid intervention,churn-logistic-1.0.0
18001,2011-12-10,Recent developing,953.84,6,0.5594999380818895,1,0.4,Standard monitoring,Normal low-cost engagement; no paid retention incentive,38851.33209999985,533.6734209400295,1873,2032,Standard monitoring,Monitor customer value and churn risk; no paid intervention,churn-logistic-1.0.0
18005,2011-12-10,Recent developing,249.72,2,0.5747732233798496,1,0.4,Standard monitoring,Normal low-cost engagement; no paid retention incentive,38851.33209999985,143.53236934241605,1806,3181,Standard monitoring,Monitor customer value and churn risk; no paid intervention,churn-logistic-1.0.0
18006,2011-12-10,Recent developing,997.86,4,0.7658748958104239,1,0.4,Priority 3 - Nurture,Automated email nurture or product reminder,38851.33209999985,764.2359235333896,1017,1463,Priority 3 - Nurture,Low-cost relationship nurture for value protection,churn-logistic-1.0.0
18008,2011-12-10,Champions,19787.13,23,0.2833188874377575,0,0.4,Standard monitoring,Normal low-cost engagement; no paid retention incentive,38851.33209999985,5606.067657186275,2747,15,Priority 1 - Immediate,Account-manager outreach; prioritize the highest exposed customer value,churn-logistic-1.0.0
18013,2011-12-10,Lapsed low-value,187.29,2,0.8790078649275027,1,0.4,Priority 1 - Immediate,Personalized outreach for the highest-ranked 10%; use segment and value,38851.33209999985,164.62938302227198,144,3119,Standard monitoring,Monitor customer value and churn risk; no paid intervention,churn-logistic-1.0.0
18014,2011-12-10,Recent developing,158.47,1,0.8000215278538045,1,0.4,Priority 3 - Nurture,Automated email nurture or product reminder,38851.33209999985,126.7794115189924,771,3231,Standard monitoring,Monitor customer value and churn risk; no paid intervention,churn-logistic-1.0.0
18015,2011-12-10,Recent developing,120.03,1,0.7841208847803606,1,0.4,Priority 3 - Nurture,Automated email nurture or product reminder,38851.33209999985,94.11802980018668,920,3323,Standard monitoring,Monitor customer value and churn risk; no paid intervention,churn-logistic-1.0.0
18016,2011-12-10,Champions,1960.46,7,0.4647403074390258,1,0.4,Standard monitoring,Normal low-cost engagement; no paid retention incentive,38851.33209999985,911.1047831219125,2206,1189,Priority 3 - Nurture,Low-cost relationship nurture for value protection,churn-logistic-1.0.0
18017,2011-12-10,At-risk established,688.0,4,0.6714442485129964,1,0.4,Priority 3 - Nurture,Automated email nurture or product reminder,38851.33209999985,461.9536429769416,1356,2241,Standard monitoring,Monitor customer value and churn risk; no paid intervention,churn-logistic-1.0.0
18018,2011-12-10,Lapsed low-value,156.69,3,0.8057248756337044,1,0.4,Priority 3 - Nurture,Automated email nurture or product reminder,38851.33209999985,126.24903076304514,701,3234,Standard monitoring,Monitor customer value and churn risk; no paid intervention,churn-logistic-1.0.0
18019,2011-12-10,Lapsed low-value,38.45,1,0.8211019944190667,1,0.4,Priority 2 - Targeted,Targeted retention message for the next-ranked 10%,38851.33209999985,31.57137168541312,557,3416,Standard monitoring,Monitor customer value and churn risk; no paid intervention,churn-logistic-1.0.0
18022,2011-12-10,At-risk established,1651.16,5,0.6182448907534047,1,0.4,Priority 3 - Nurture,Automated email nurture or product reminder,38851.33209999985,1020.8212338163918,1618,1002,Priority 3 - Nurture,Low-cost relationship nurture for value protection,churn-logistic-1.0.0
18024,2011-12-10,Lapsed low-value,236.78,2,0.8819383595564447,1,0.4,Priority 1 - Immediate,Personalized outreach for the highest-ranked 10%; use segment and value,38851.33209999985,208.82536477577497,129,3006,Standard monitoring,Monitor customer value and churn risk; no paid intervention,churn-logistic-1.0.0
18027,2011-12-10,Lapsed low-value,115.31,1,0.8517447295938406,1,0.4,Priority 1 - Immediate,Personalized outreach for the highest-ranked 10%; use segment and value,38851.33209999985,98.21468476946576,335,3309,Standard monitoring,Monitor customer value and churn risk; no paid intervention,churn-logistic-1.0.0
18030,2011-12-10,Recent developing,220.7,2,0.5867995908813924,1,0.4,Standard monitoring,Normal low-cost engagement; no paid retention incentive,38851.33209999985,129.50666970752332,1750,3222,Standard monitoring,Monitor customer value and churn risk; no paid intervention,churn-logistic-1.0.0
18033,2011-12-10,Lapsed low-value,97.97,1,0.8282708514610023,1,0.4,Priority 2 - Targeted,Targeted retention message for the next-ranked 10%,38851.33209999985,81.14569531763439,496,3352,Standard monitoring,Monitor customer value and churn risk; no paid intervention,churn-logistic-1.0.0
18034,2011-12-10,Recent developing,792.85,3,0.8373968217981106,1,0.4,Priority 2 - Targeted,Targeted retention message for the next-ranked 10%,38851.33209999985,663.930070162632,419,1702,Priority 3 - Nurture,Low-cost relationship nurture for value protection,churn-logistic-1.0.0
18035,2011-12-10,Recent developing,1276.74,5,0.7934283444407428,1,0.4,Priority 3 - Nurture,Automated email nurture or product reminder,38851.33209999985,1013.001704481274,838,1013,Priority 3 - Nurture,Low-cost relationship nurture for value protection,churn-logistic-1.0.0
18036,2011-12-10,Champions,1563.64,11,0.3574201729685691,0,0.4,Standard monitoring,Normal low-cost engagement; no paid retention incentive,38851.33209999985,558.8764792605734,2550,1961,Standard monitoring,Monitor customer value and churn risk; no paid intervention,churn-logistic-1.0.0
18037,2011-12-10,Exceptional high-value,167.42,15,0.5702147339569086,1,0.4,Standard monitoring,Normal low-cost engagement; no paid retention incentive,38851.33209999985,95.46535075906563,1834,3317,Standard monitoring,Monitor customer value and churn risk; no paid intervention,churn-logistic-1.0.0
18040,2011-12-10,Recent developing,357.20000000000005,2,0.7916940559102345,1,0.4,Priority 3 - Nurture,Automated email nurture or product reminder,38851.33209999985,282.7931167711358,857,2791,Standard monitoring,Monitor customer value and churn risk; no paid intervention,churn-logistic-1.0.0
18041,2011-12-10,Champions,8730.13,38,0.0190367917456258,0,0.4,Standard monitoring,Normal low-cost engagement; no paid retention incentive,38851.33209999985,166.19366672224015,3352,3117,Standard monitoring,Monitor customer value and churn risk; no paid intervention,churn-logistic-1.0.0
18042,2011-12-10,Recent developing,281.15,2,0.9167029622482862,1,0.4,Priority 1 - Immediate,Personalized outreach for the highest-ranked 10%; use segment and value,38851.33209999985,257.73103783610566,61,2875,Standard monitoring,Monitor customer value and churn risk; no paid intervention,churn-logistic-1.0.0
18043,2011-12-10,Recent developing,875.97,3,0.6836274757782258,1,0.4,Priority 3 - Nurture,Automated email nurture or product reminder,38851.33209999985,598.8371599574525,1319,1863,Standard monitoring,Monitor customer value and churn risk; no paid intervention,churn-logistic-1.0.0
18044,2011-12-10,Champions,3502.66,18,0.1623522986390077,0,0.4,Standard monitoring,Normal low-cost engagement; no paid retention incentive,38851.33209999985,568.6649023509067,3044,1936,Standard monitoring,Monitor customer value and churn risk; no paid intervention,churn-logistic-1.0.0
18045,2011-12-10,Recent developing,189.4,1,0.8036775303388022,1,0.4,Priority 3 - Nurture,Automated email nurture or product reminder,38851.33209999985,152.21652424616914,726,3152,Standard monitoring,Monitor customer value and churn risk; no paid intervention,churn-logistic-1.0.0
18053,2011-12-10,Recent developing,553.27,3,0.9221390139950634,1,0.4,Priority 1 - Immediate,Personalized outreach for the highest-ranked 10%; use segment and value,38851.33209999985,510.1918522730487,50,2095,Standard monitoring,Monitor customer value and churn risk; no paid intervention,churn-logistic-1.0.0
18055,2011-12-10,Champions,11163.52,14,0.1355370646294651,0,0.4,Standard monitoring,Normal low-cost engagement; no paid retention incentive,38851.33209999985,1513.0707317323263,3103,512,Priority 2 - Targeted,Personalized retention offer for a high-value account,churn-logistic-1.0.0
18058,2011-12-10,Recent developing,774.06,3,0.9119976203881284,1,0.4,Priority 1 - Immediate,Personalized outreach for the highest-ranked 10%; use segment and value,38851.33209999985,705.9408780376345,70,1602,Priority 3 - Nurture,Low-cost relationship nurture for value protection,churn-logistic-1.0.0
18059,2011-12-10,Recent developing,296.71,3,0.5139731023790692,1,0.4,Standard monitoring,Normal low-cost engagement; no paid retention incentive,38851.33209999985,152.5009592068936,2034,3151,Standard monitoring,Monitor customer value and churn risk; no paid intervention,churn-logistic-1.0.0
18061,2011-12-10,Champions,6480.47,28,0.1479678485047378,0,0.4,Standard monitoring,Normal low-cost engagement; no paid retention incentive,38851.33209999985,958.9012031994981,3084,1101,Priority 3 - Nurture,Low-cost relationship nurture for value protection,churn-logistic-1.0.0
18062,2011-12-10,At-risk established,1523.37,6,0.7080605111969548,1,0.4,Priority 3 - Nurture,Automated email nurture or product reminder,38851.33209999985,1078.6381409421049,1228,929,Priority 3 - Nurture,Low-cost relationship nurture for value protection,churn-logistic-1.0.0
18064,2011-12-10,At-risk established,4441.18,11,0.62043938827246,1,0.4,Priority 3 - Nurture,Automated email nurture or product reminder,38851.33209999985,2755.483002407884,1609,121,Priority 1 - Immediate,Account-manager outreach; prioritize the highest exposed customer value,churn-logistic-1.0.0
18065,2011-12-10,Champions,5816.88,28,0.340270357432634,0,0.4,Standard monitoring,Normal low-cost engagement; no paid retention incentive,38851.33209999985,1979.31183674274,2591,275,Priority 1 - Immediate,Account-manager outreach; prioritize the highest exposed customer value,churn-logistic-1.0.0
18066,2011-12-10,At-risk established,1440.4,3,0.8602866446912664,1,0.4,Priority 1 - Immediate,Personalized outreach for the highest-ranked 10%; use segment and value,38851.33209999985,1239.1568830133,275,746,Priority 3 - Nurture,Low-cost relationship nurture for value protection,churn-logistic-1.0.0
18067,2011-12-10,Recent developing,396.33,1,0.7962699474640961,1,0.4,Priority 3 - Nurture,Automated email nurture or product reminder,38851.33209999985,315.5856682784452,803,2667,Standard monitoring,Monitor customer value and churn risk; no paid intervention,churn-logistic-1.0.0
18069,2011-12-10,Champions,4509.81,11,0.1851098222200286,0,0.4,Standard monitoring,Normal low-cost engagement; no paid retention incentive,38851.33209999985,834.8101273461073,2988,1312,Priority 3 - Nurture,Low-cost relationship nurture for value protection,churn-logistic-1.0.0
18073,2011-12-10,Champions,3862.92,12,0.5533145584510523,1,0.4,Standard monitoring,Normal low-cost engagement; no paid retention incentive,38851.33209999985,2137.409874131739,1899,228,Priority 1 - Immediate,Account-manager outreach; prioritize the highest exposed customer value,churn-logistic-1.0.0
18075,2011-12-10,Champions,5584.62,20,0.1661277008888799,0,0.4,Standard monitoring,Normal low-cost engagement; no paid retention incentive,38851.33209999985,927.7600809380565,3035,1161,Priority 3 - Nurture,Low-cost relationship nurture for value protection,churn-logistic-1.0.0
18077,2011-12-10,Champions,4338.56,18,0.071908233624444,0,0.4,Standard monitoring,Normal low-cost engagement; no paid retention incentive,38851.33209999985,311.97818607366776,3221,2682,Standard monitoring,Monitor customer value and churn risk; no paid intervention,churn-logistic-1.0.0
18079,2011-12-10,At-risk established,4242.75,5,0.5632750336867424,1,0.4,Standard monitoring,Normal low-cost engagement; no paid retention incentive,38851.33209999985,2389.835149174426,1855,168,Priority 1 - Immediate,Account-manager outreach; prioritize the highest exposed customer value,churn-logistic-1.0.0
18080,2011-12-10,Recent developing,1231.5,2,0.7819482706528855,1,0.4,Priority 3 - Nurture,Automated email nurture or product reminder,38851.33209999985,962.9692953090286,937,1096,Priority 3 - Nurture,Low-cost relationship nurture for value protection,churn-logistic-1.0.0
18081,2011-12-10,Recent developing,343.45,3,0.6153547175995553,1,0.4,Priority 3 - Nurture,Automated email nurture or product reminder,38851.33209999985,211.34357775956727,1626,2999,Standard monitoring,Monitor customer value and churn risk; no paid intervention,churn-logistic-1.0.0
18082,2011-12-10,Recent developing,703.37,1,0.7717038371980891,1,0.4,Priority 3 - Nurture,Automated email nurture or product reminder,38851.33209999985,542.79332797002,990,2000,Standard monitoring,Monitor customer value and churn risk; no paid intervention,churn-logistic-1.0.0
18084,2011-12-10,Recent developing,196.68,2,0.8671688160838413,1,0.4,Priority 1 - Immediate,Personalized outreach for the highest-ranked 10%; use segment and value,38851.33209999985,170.55476274736992,222,3099,Standard monitoring,Monitor customer value and churn risk; no paid intervention,churn-logistic-1.0.0
18088,2011-12-10,Lapsed low-value,167.67000000000002,1,0.8233077364059677,1,0.4,Priority 2 - Targeted,Targeted retention message for the next-ranked 10%,38851.33209999985,138.0440081631886,542,3194,Standard monitoring,Monitor customer value and churn risk; no paid intervention,churn-logistic-1.0.0
18092,2011-12-10,Champions,16173.55,18,0.1220075388160155,0,0.4,Standard monitoring,Normal low-cost engagement; no paid retention incentive,38851.33209999985,1973.2950294177674,3124,276,Priority 1 - Immediate,Account-manager outreach; prioritize the highest exposed customer value,churn-logistic-1.0.0
18093,2011-12-10,At-risk established,4429.61,8,0.5460568909518851,1,0.4,Standard monitoring,Normal low-cost engagement; no paid retention incentive,38851.33209999985,2418.81906472938,1933,163,Priority 1 - Immediate,Account-manager outreach; prioritize the highest exposed customer value,churn-logistic-1.0.0
18094,2011-12-10,Champions,6370.09,13,0.4522141301787792,1,0.4,Standard monitoring,Normal low-cost engagement; no paid retention incentive,38851.33209999985,2880.6447085105397,2245,106,Priority 1 - Immediate,Account-manager outreach; prioritize the highest exposed customer value,churn-logistic-1.0.0
18096,2011-12-10,Recent developing,1785.57,6,0.3966616214878601,0,0.4,Standard monitoring,Normal low-cost engagement; no paid retention incentive,38851.33209999985,708.2670914800783,2427,1594,Priority 3 - Nurture,Low-cost relationship nurture for value protection,churn-logistic-1.0.0
18097,2011-12-10,Champions,4651.27,11,0.3709637259215882,0,0.4,Standard monitoring,Normal low-cost engagement; no paid retention incentive,38851.33209999985,1725.4524494673058,2507,373,Priority 2 - Targeted,Personalized retention offer for a high-value account,churn-logistic-1.0.0
18099,2011-12-10,Lapsed low-value,168.31,1,0.8622316659852596,1,0.4,Priority 1 - Immediate,Personalized outreach for the highest-ranked 10%; use segment and value,38851.33209999985,145.12221170197904,256,3176,Standard monitoring,Monitor customer value and churn risk; no paid intervention,churn-logistic-1.0.0
18101,2011-12-10,Recent developing,629.16,5,0.6278055626546455,1,0.4,Priority 3 - Nurture,Automated email nurture or product reminder,38851.33209999985,394.9901477997967,1566,2447,Standard monitoring,Monitor customer value and churn risk; no paid intervention,churn-logistic-1.0.0
18102,2011-12-10,Exceptional high-value,606243.25,145,2.3262380577298856e-09,0,0.4,Standard monitoring,Normal low-cost engagement; no paid retention incentive,38851.33209999985,9.03774473245224e-05,3459,3458,Standard monitoring,Monitor customer value and churn risk; no paid intervention,churn-logistic-1.0.0
18104,2011-12-10,Recent developing,754.64,1,0.7821343582289744,1,0.4,Priority 3 - Nurture,Automated email nurture or product reminder,38851.33209999985,590.2298720939132,935,1889,Standard monitoring,Monitor customer value and churn risk; no paid intervention,churn-logistic-1.0.0
18105,2011-12-10,Lapsed low-value,113.48000000000002,1,0.8088577393507972,1,0.4,Priority 2 - Targeted,Targeted retention message for the next-ranked 10%,38851.33209999985,91.78917626152848,664,3331,Standard monitoring,Monitor customer value and churn risk; no paid intervention,churn-logistic-1.0.0
18109,2011-12-10,Champions,9754.66,38,0.0082885707298318,0,0.4,Standard monitoring,Normal low-cost engagement; no paid retention incentive,38851.33209999985,80.85218935546106,3395,3354,Standard monitoring,Monitor customer value and churn risk; no paid intervention,churn-logistic-1.0.0
18110,2011-12-10,Recent developing,405.18,2,0.8599300537696769,1,0.4,Priority 1 - Immediate,Personalized outreach for the highest-ranked 10%; use segment and value,38851.33209999985,348.4264591863977,281,2580,Standard monitoring,Monitor customer value and churn risk; no paid intervention,churn-logistic-1.0.0
18112,2011-12-10,Recent developing,775.96,4,0.6008003398771637,1,0.4,Priority 3 - Nurture,Automated email nurture or product reminder,38851.33209999985,466.197031731084,1695,2221,Standard monitoring,Monitor customer value and churn risk; no paid intervention,churn-logistic-1.0.0
18116,2011-12-10,Champions,2150.7,13,0.447866751803446,1,0.4,Standard monitoring,Normal low-cost engagement; no paid retention incentive,38851.33209999985,963.2270231036712,2258,1095,Priority 3 - Nurture,Low-cost relationship nurture for value protection,churn-logistic-1.0.0
18117,2011-12-10,Recent developing,319.47,1,0.783422200616642,1,0.4,Priority 3 - Nurture,Automated email nurture or product reminder,38851.33209999985,250.27989043099865,926,2894,Standard monitoring,Monitor customer value and churn risk; no paid intervention,churn-logistic-1.0.0
18118,2011-12-10,Champions,6667.67,29,0.011800346148162,0,0.4,Standard monitoring,Normal low-cost engagement; no paid retention incentive,38851.33209999985,78.68081400171532,3384,3358,Standard monitoring,Monitor customer value and churn risk; no paid intervention,churn-logistic-1.0.0
18121,2011-12-10,Lapsed low-value,673.1,2,0.7140853031747191,1,0.4,Priority 3 - Nurture,Automated email nurture or product reminder,38851.33209999985,480.6508175669034,1208,2189,Standard monitoring,Monitor customer value and churn risk; no paid intervention,churn-logistic-1.0.0
18122,2011-12-10,Champions,1824.99,6,0.1546751578376658,0,0.4,Standard monitoring,Normal low-cost engagement; no paid retention incentive,38851.33209999985,282.2806163021617,3062,2792,Standard monitoring,Monitor customer value and churn risk; no paid intervention,churn-logistic-1.0.0
18123,2011-12-10,Recent developing,684.59,3,0.8452979909610546,1,0.4,Priority 2 - Targeted,Targeted retention message for the next-ranked 10%,38851.33209999985,578.6825516320284,363,1917,Standard monitoring,Monitor customer value and churn risk; no paid intervention,churn-logistic-1.0.0
18125,2011-12-10,Recent developing,1141.34,4,0.6548265548122308,1,0.4,Priority 3 - Nurture,Automated email nurture or product reminder,38851.33209999985,747.3797400693915,1426,1495,Priority 3 - Nurture,Low-cost relationship nurture for value protection,churn-logistic-1.0.0
18126,2011-12-10,Lapsed low-value,204.49,1,0.8177834295089889,1,0.4,Priority 2 - Targeted,Targeted retention message for the next-ranked 10%,38851.33209999985,167.22853350029314,582,3113,Standard monitoring,Monitor customer value and churn risk; no paid intervention,churn-logistic-1.0.0
18127,2011-12-10,Recent developing,561.53,4,0.7361754137287181,1,0.4,Priority 3 - Nurture,Automated email nurture or product reminder,38851.33209999985,413.38458007108704,1124,2393,Standard monitoring,Monitor customer value and churn risk; no paid intervention,churn-logistic-1.0.0
18130,2011-12-10,Recent developing,1045.74,3,0.4682612510896387,1,0.4,Standard monitoring,Normal low-cost engagement; no paid retention incentive,38851.33209999985,489.67952071447877,2196,2163,Standard monitoring,Monitor customer value and churn risk; no paid intervention,churn-logistic-1.0.0
18135,2011-12-10,Champions,1236.87,10,0.3036905500185664,0,0.4,Standard monitoring,Normal low-cost engagement; no paid retention incentive,38851.33209999985,375.62573060146417,2696,2494,Standard monitoring,Monitor customer value and churn risk; no paid intervention,churn-logistic-1.0.0
18136,2011-12-10,At-risk established,1531.71,5,0.6647456172195444,1,0.4,Priority 3 - Nurture,Automated email nurture or product reminder,38851.33209999985,1018.1975093513483,1382,1008,Priority 3 - Nurture,Low-cost relationship nurture for value protection,churn-logistic-1.0.0
18139,2011-12-10,Champions,8438.34,6,0.5737719442511166,1,0.4,Standard monitoring,Normal low-cost engagement; no paid retention incentive,38851.33209999985,4841.682748051967,1812,26,Priority 1 - Immediate,Account-manager outreach; prioritize the highest exposed customer value,churn-logistic-1.0.0
18142,2011-12-10,At-risk established,1014.9,2,0.7723790403042496,1,0.4,Priority 3 - Nurture,Automated email nurture or product reminder,38851.33209999985,783.887488004783,984,1405,Priority 3 - Nurture,Low-cost relationship nurture for value protection,churn-logistic-1.0.0
18143,2011-12-10,At-risk established,1000.16,2,0.6902603919584681,1,0.4,Priority 3 - Nurture,Automated email nurture or product reminder,38851.33209999985,690.3708336211814,1290,1642,Priority 3 - Nurture,Low-cost relationship nurture for value protection,churn-logistic-1.0.0
18144,2011-12-10,Champions,5058.0,19,0.1384790574799251,0,0.4,Standard monitoring,Normal low-cost engagement; no paid retention incentive,38851.33209999985,700.427072733461,3096,1615,Priority 3 - Nurture,Low-cost relationship nurture for value protection,churn-logistic-1.0.0
18145,2011-12-10,Champions,5600.09,11,0.2729080957679656,0,0.4,Standard monitoring,Normal low-cost engagement; no paid retention incentive,38851.33209999985,1528.3098980292266,2769,498,Priority 2 - Targeted,Personalized retention offer for a high-value account,churn-logistic-1.0.0
18146,2011-12-10,Lapsed low-value,160.35000000000002,2,0.7922547109967676,1,0.4,Priority 3 - Nurture,Automated email nurture or product reminder,38851.33209999985,127.0380429083317,853,3230,Standard monitoring,Monitor customer value and churn risk; no paid intervention,churn-logistic-1.0.0
18147,2011-12-10,Recent developing,179.33999999999995,2,0.6555550400245056,1,0.4,Priority 3 - Nurture,Automated email nurture or product reminder,38851.33209999985,117.5672408779948,1422,3258,Standard monitoring,Monitor customer value and churn risk; no paid intervention,churn-logistic-1.0.0
18149,2011-12-10,At-risk established,1624.71,7,0.5606445125448545,1,0.4,Standard monitoring,Normal low-cost engagement; no paid retention incentive,38851.33209999985,910.8847459767505,1868,1190,Priority 3 - Nurture,Low-cost relationship nurture for value protection,churn-logistic-1.0.0
18150,2011-12-10,Recent developing,566.58,3,0.6460386928872501,1,0.4,Priority 3 - Nurture,Automated email nurture or product reminder,38851.33209999985,366.0326026160582,1466,2524,Standard monitoring,Monitor customer value and churn risk; no paid intervention,churn-logistic-1.0.0
18151,2011-12-10,At-risk established,1853.94,6,0.7133601031102209,1,0.4,Priority 3 - Nurture,Automated email nurture or product reminder,38851.33209999985,1322.526829560163,1212,664,Priority 2 - Targeted,Personalized retention offer for a high-value account,churn-logistic-1.0.0
18154,2011-12-10,Recent developing,932.6,5,0.5834809144581894,1,0.4,Standard monitoring,Normal low-cost engagement; no paid retention incentive,38851.33209999985,544.1543008237074,1766,1996,Standard monitoring,Monitor customer value and churn risk; no paid intervention,churn-logistic-1.0.0
18155,2011-12-10,Recent developing,347.82,3,0.681225399668915,1,0.4,Priority 3 - Nurture,Automated email nurture or product reminder,38851.33209999985,236.94381851284203,1327,2938,Standard monitoring,Monitor customer value and churn risk; no paid intervention,churn-logistic-1.0.0
18156,2011-12-10,Recent developing,941.17,2,0.8290868215343546,1,0.4,Priority 2 - Targeted,Targeted retention message for the next-ranked 10%,38851.33209999985,780.3116438234886,485,1417,Priority 3 - Nurture,Low-cost relationship nurture for value protection,churn-logistic-1.0.0
18158,2011-12-10,Recent developing,451.75,2,0.628393806000184,1,0.4,Priority 3 - Nurture,Automated email nurture or product reminder,38851.33209999985,283.87690186058313,1560,2787,Standard monitoring,Monitor customer value and churn risk; no paid intervention,churn-logistic-1.0.0
18160,2011-12-10,Recent developing,1003.88,3,0.7231222602739525,1,0.4,Priority 3 - Nurture,Automated email nurture or product reminder,38851.33209999985,725.9279746438154,1168,1555,Priority 3 - Nurture,Low-cost relationship nurture for value protection,churn-logistic-1.0.0
18161,2011-12-10,Recent developing,1797.2,6,0.4115399413366237,1,0.4,Standard monitoring,Normal low-cost engagement; no paid retention incentive,38851.33209999985,739.6195825701801,2374,1515,Priority 3 - Nurture,Low-cost relationship nurture for value protection,churn-logistic-1.0.0
18164,2011-12-10,Recent developing,394.7,1,0.7958087970963479,1,0.4,Priority 3 - Nurture,Automated email nurture or product reminder,38851.33209999985,314.1057322139285,807,2674,Standard monitoring,Monitor customer value and churn risk; no paid intervention,churn-logistic-1.0.0
18165,2011-12-10,Lapsed low-value,302.46000000000004,1,0.8790470671627851,1,0.4,Priority 1 - Immediate,Personalized outreach for the highest-ranked 10%; use segment and value,38851.33209999985,265.876575934056,143,2854,Standard monitoring,Monitor customer value and churn risk; no paid intervention,churn-logistic-1.0.0
18167,2011-12-10,Recent developing,1285.01,3,0.4893627610819728,1,0.4,Standard monitoring,Normal low-cost engagement; no paid retention incentive,38851.33209999985,628.8360416179459,2133,1791,Standard monitoring,Monitor customer value and churn risk; no paid intervention,churn-logistic-1.0.0
18168,2011-12-10,Champions,3680.87,16,0.4546404362229962,1,0.4,Standard monitoring,Normal low-cost engagement; no paid retention incentive,38851.33209999985,1673.47234248014,2238,392,Priority 2 - Targeted,Personalized retention offer for a high-value account,churn-logistic-1.0.0
18169,2011-12-10,Lapsed low-value,202.65,1,0.8283698476452238,1,0.4,Priority 2 - Targeted,Targeted retention message for the next-ranked 10%,38851.33209999985,167.8691496253046,494,3107,Standard monitoring,Monitor customer value and churn risk; no paid intervention,churn-logistic-1.0.0
18170,2011-12-10,Champions,2878.0,9,0.4386134029159437,1,0.4,Standard monitoring,Normal low-cost engagement; no paid retention incentive,38851.33209999985,1262.3293735920859,2287,728,Priority 3 - Nurture,Low-cost relationship nurture for value protection,churn-logistic-1.0.0
18171,2011-12-10,At-risk established,2414.51,9,0.3814904235324655,0,0.4,Standard monitoring,Normal low-cost engagement; no paid retention incentive,38851.33209999985,921.1124425233734,2484,1172,Priority 3 - Nurture,Low-cost relationship nurture for value protection,churn-logistic-1.0.0
18172,2011-12-10,Champions,17301.83,52,0.0192435843665988,0,0.4,Standard monitoring,Normal low-cost engagement; no paid retention incentive,38851.33209999985,332.94922530155014,3350,2630,Standard monitoring,Monitor customer value and churn risk; no paid intervention,churn-logistic-1.0.0
18173,2011-12-10,At-risk established,2696.36,5,0.7078734133981192,1,0.4,Priority 3 - Nurture,Automated email nurture or product reminder,38851.33209999985,1908.6815569501528,1229,302,Priority 1 - Immediate,Account-manager outreach; prioritize the highest exposed customer value,churn-logistic-1.0.0
18174,2011-12-10,Recent developing,162.5,2,0.9357511370339286,1,0.4,Priority 1 - Immediate,Personalized outreach for the highest-ranked 10%; use segment and value,38851.33209999985,152.0595597680134,23,3153,Standard monitoring,Monitor customer value and churn risk; no paid intervention,churn-logistic-1.0.0
18177,2011-12-10,Champions,2189.62,9,0.456462812801764,1,0.4,Standard monitoring,Normal low-cost engagement; no paid retention incentive,38851.33209999985,999.4801041669984,2231,1035,Priority 3 - Nurture,Low-cost relationship nurture for value protection,churn-logistic-1.0.0
18178,2011-12-10,Champions,6054.49,11,0.481308353466175,1,0.4,Standard monitoring,Normal low-cost engagement; no paid retention incentive,38851.33209999985,2914.076612977422,2160,101,Priority 1 - Immediate,Account-manager outreach; prioritize the highest exposed customer value,churn-logistic-1.0.0
18179,2011-12-10,Champions,2547.55,8,0.411106761430495,1,0.4,Standard monitoring,Normal low-cost engagement; no paid retention incentive,38851.33209999985,1047.3150300822576,2376,976,Priority 3 - Nurture,Low-cost relationship nurture for value protection,churn-logistic-1.0.0
18180,2011-12-10,Champions,1843.75,6,0.2358304183866665,0,0.4,Standard monitoring,Normal low-cost engagement; no paid retention incentive,38851.33209999985,434.8123339004163,2858,2330,Standard monitoring,Monitor customer value and churn risk; no paid intervention,churn-logistic-1.0.0
18181,2011-12-10,Recent developing,1184.21,5,0.7035353699521775,1,0.4,Priority 3 - Nurture,Automated email nurture or product reminder,38851.33209999985,833.133620451068,1248,1317,Priority 3 - Nurture,Low-cost relationship nurture for value protection,churn-logistic-1.0.0
18184,2011-12-10,Recent developing,49.8,1,0.8046802318290682,1,0.4,Priority 3 - Nurture,Automated email nurture or product reminder,38851.33209999985,40.0730755450876,714,3409,Standard monitoring,Monitor customer value and churn risk; no paid intervention,churn-logistic-1.0.0
18188,2011-12-10,Champions,3263.19,6,0.5154591066471208,1,0.4,Standard monitoring,Normal low-cost engagement; no paid retention incentive,38851.33209999985,1682.0410022198182,2026,389,Priority 2 - Targeted,Personalized retention offer for a high-value account,churn-logistic-1.0.0
18189,2011-12-10,At-risk established,1396.58,3,0.8218854313901143,1,0.4,Priority 2 - Targeted,Targeted retention message for the next-ranked 10%,38851.33209999985,1147.8287557708056,553,841,Priority 3 - Nurture,Low-cost relationship nurture for value protection,churn-logistic-1.0.0
18192,2011-12-10,Recent developing,957.97,1,0.8039279784930118,1,0.4,Priority 3 - Nurture,Automated email nurture or product reminder,38851.33209999985,770.1388855569505,720,1445,Priority 3 - Nurture,Low-cost relationship nurture for value protection,churn-logistic-1.0.0
18193,2011-12-10,At-risk established,1155.7,3,0.841578657305602,1,0.4,Priority 2 - Targeted,Targeted retention message for the next-ranked 10%,38851.33209999985,972.6124542480843,390,1074,Priority 3 - Nurture,Low-cost relationship nurture for value protection,churn-logistic-1.0.0
18194,2011-12-10,At-risk established,4084.2,6,0.7028801634742411,1,0.4,Priority 3 - Nurture,Automated email nurture or product reminder,38851.33209999985,2870.703163661495,1250,108,Priority 1 - Immediate,Account-manager outreach; prioritize the highest exposed customer value,churn-logistic-1.0.0
18196,2011-12-10,At-risk established,1462.39,4,0.6641045691465408,1,0.4,Priority 3 - Nurture,Automated email nurture or product reminder,38851.33209999985,971.1798808742099,1385,1078,Priority 3 - Nurture,Low-cost relationship nurture for value protection,churn-logistic-1.0.0
18198,2011-12-10,Champions,5163.46,17,0.1582645717717074,0,0.4,Standard monitoring,Normal low-cost engagement; no paid retention incentive,38851.33209999985,817.1927857603404,3055,1347,Priority 3 - Nurture,Low-cost relationship nurture for value protection,churn-logistic-1.0.0
18200,2011-12-10,Lapsed low-value,163.8,1,0.8521114922527326,1,0.4,Priority 1 - Immediate,Personalized outreach for the highest-ranked 10%; use segment and value,38851.33209999985,139.5758624309976,330,3190,Standard monitoring,Monitor customer value and churn risk; no paid intervention,churn-logistic-1.0.0
18203,2011-12-10,At-risk established,494.42,4,0.7742426705421952,1,0.4,Priority 3 - Nurture,Automated email nurture or product reminder,38851.33209999985,382.8010611694722,969,2479,Standard monitoring,Monitor customer value and churn risk; no paid intervention,churn-logistic-1.0.0
18204,2011-12-10,At-risk established,1979.3,3,0.5814333823742727,1,0.4,Standard monitoring,Normal low-cost engagement; no paid retention incentive,38851.33209999985,1150.831093733398,1779,839,Priority 3 - Nurture,Low-cost relationship nurture for value protection,churn-logistic-1.0.0
18205,2011-12-10,Recent developing,517.36,2,0.6110631524803894,1,0.4,Priority 3 - Nurture,Automated email nurture or product reminder,38851.33209999985,316.1396325672543,1646,2665,Standard monitoring,Monitor customer value and churn risk; no paid intervention,churn-logistic-1.0.0
18209,2011-12-10,Recent developing,139.10000000000002,1,0.8062129952888328,1,0.4,Priority 3 - Nurture,Automated email nurture or product reminder,38851.33209999985,112.14422764467666,694,3271,Standard monitoring,Monitor customer value and churn risk; no paid intervention,churn-logistic-1.0.0
18210,2011-12-10,Champions,2768.83,7,0.2394495432017831,0,0.4,Standard monitoring,Normal low-cost engagement; no paid retention incentive,38851.33209999985,662.9950787033931,2849,1706,Priority 3 - Nurture,Low-cost relationship nurture for value protection,churn-logistic-1.0.0
18211,2011-12-10,Recent developing,600.07,5,0.4147013959540568,1,0.4,Standard monitoring,Normal low-cost engagement; no paid retention incentive,38851.33209999985,248.8498666701509,2366,2898,Standard monitoring,Monitor customer value and churn risk; no paid intervention,churn-logistic-1.0.0
18215,2011-12-10,At-risk established,2238.99,5,0.7381064035600114,1,0.4,Priority 3 - Nurture,Automated email nurture or product reminder,38851.33209999985,1652.6128565068298,1117,407,Priority 2 - Targeted,Personalized retention offer for a high-value account,churn-logistic-1.0.0
18216,2011-12-10,Recent developing,481.75,1,0.7916671935436334,1,0.4,Priority 3 - Nurture,Automated email nurture or product reminder,38851.33209999985,381.38567048964535,858,2481,Standard monitoring,Monitor customer value and churn risk; no paid intervention,churn-logistic-1.0.0
18217,2011-12-10,Recent developing,905.46,4,0.6725701010774766,1,0.4,Priority 3 - Nurture,Automated email nurture or product reminder,38851.33209999985,608.985323721612,1353,1840,Standard monitoring,Monitor customer value and churn risk; no paid intervention,churn-logistic-1.0.0
18219,2011-12-10,Champions,3507.39,17,0.1886545563611102,0,0.4,Standard monitoring,Normal low-cost engagement; no paid retention incentive,38851.33209999985,661.6851044353942,2975,1710,Priority 3 - Nurture,Low-cost relationship nurture for value protection,churn-logistic-1.0.0
18221,2011-12-10,Recent developing,1370.34,6,0.4459622868952251,1,0.4,Standard monitoring,Normal low-cost engagement; no paid retention incentive,38851.33209999985,611.1199602240027,2264,1831,Standard monitoring,Monitor customer value and churn risk; no paid intervention,churn-logistic-1.0.0
18222,2011-12-10,Lapsed low-value,443.0,1,0.843325350131433,1,0.4,Priority 2 - Targeted,Targeted retention message for the next-ranked 10%,38851.33209999985,373.5931301082248,378,2501,Standard monitoring,Monitor customer value and churn risk; no paid intervention,churn-logistic-1.0.0
18223,2011-12-10,Champions,13546.58,26,0.0505230225448173,0,0.4,Standard monitoring,Normal low-cost engagement; no paid retention incentive,38851.33209999985,684.4141667451712,3273,1658,Priority 3 - Nurture,Low-cost relationship nurture for value protection,churn-logistic-1.0.0
18225,2011-12-10,Champions,12798.56,26,0.0261968489521987,0,0.4,Standard monitoring,Normal low-cost engagement; no paid retention incentive,38851.33209999985,335.28194312565216,3325,2620,Standard monitoring,Monitor customer value and churn risk; no paid intervention,churn-logistic-1.0.0
18226,2011-12-10,Champions,11749.58,26,0.1007648200931227,0,0.4,Standard monitoring,Normal low-cost engagement; no paid retention incentive,38851.33209999985,1183.9443148697526,3172,798,Priority 3 - Nurture,Low-cost relationship nurture for value protection,churn-logistic-1.0.0
18228,2011-12-10,Recent developing,769.2,2,0.6018436264491435,1,0.4,Priority 3 - Nurture,Automated email nurture or product reminder,38851.33209999985,462.93811746468117,1688,2235,Standard monitoring,Monitor customer value and churn risk; no paid intervention,churn-logistic-1.0.0
18229,2011-12-10,Champions,10803.71,28,0.0212398548758535,0,0.4,Standard monitoring,Normal low-cost engagement; no paid retention incentive,38851.33209999985,229.4692325208072,3341,2956,Standard monitoring,Monitor customer value and churn risk; no paid intervention,churn-logistic-1.0.0
18230,2011-12-10,Champions,4197.46,9,0.2921947448122507,0,0.4,Standard monitoring,Normal low-cost engagement; no paid retention incentive,38851.33209999985,1226.47575355963,2729,754,Priority 3 - Nurture,Low-cost relationship nurture for value protection,churn-logistic-1.0.0
18232,2011-12-10,At-risk established,582.47,4,0.6588629924153158,1,0.4,Priority 3 - Nurture,Automated email nurture or product reminder,38851.33209999985,383.767927192149,1404,2477,Standard monitoring,Monitor customer value and churn risk; no paid intervention,churn-logistic-1.0.0
18235,2011-12-10,At-risk established,1796.48,3,0.6219046006660147,1,0.4,Priority 3 - Nurture,Automated email nurture or product reminder,38851.33209999985,1117.2391770044821,1598,886,Priority 3 - Nurture,Low-cost relationship nurture for value protection,churn-logistic-1.0.0
18236,2011-12-10,Champions,1795.35,12,0.3079389368827689,0,0.4,Standard monitoring,Normal low-cost engagement; no paid retention incentive,38851.33209999985,552.8581703324792,2681,1978,Standard monitoring,Monitor customer value and churn risk; no paid intervention,churn-logistic-1.0.0
18237,2011-12-10,Recent developing,987.1,5,0.4049490241314517,1,0.4,Standard monitoring,Normal low-cost engagement; no paid retention incentive,38851.33209999985,399.72518172015594,2395,2431,Standard monitoring,Monitor customer value and churn risk; no paid intervention,churn-logistic-1.0.0
18240,2011-12-10,Recent developing,422.58,1,0.806470522682698,1,0.4,Priority 2 - Targeted,Targeted retention message for the next-ranked 10%,38851.33209999985,340.79831347525453,692,2608,Standard monitoring,Monitor customer value and churn risk; no paid intervention,churn-logistic-1.0.0
18241,2011-12-10,Champions,2954.09,21,0.0225483321346181,0,0.4,Standard monitoring,Normal low-cost engagement; no paid retention incentive,38851.33209999985,66.60980247555398,3338,3376,Standard monitoring,Monitor customer value and churn risk; no paid intervention,churn-logistic-1.0.0
18242,2011-12-10,At-risk established,3605.21,8,0.59095849994324,1,0.4,Priority 3 - Nurture,Automated email nurture or product reminder,38851.33209999985,2130.529493580368,1732,230,Priority 1 - Immediate,Account-manager outreach; prioritize the highest exposed customer value,churn-logistic-1.0.0
18245,2011-12-10,Champions,6236.2300000000005,20,0.2299467969930392,0,0.4,Standard monitoring,Normal low-cost engagement; no paid retention incentive,38851.33209999985,1434.001113811901,2869,570,Priority 2 - Targeted,Personalized retention offer for a high-value account,churn-logistic-1.0.0
18246,2011-12-10,Recent developing,758.8199999999999,3,0.8182853163689944,1,0.4,Priority 2 - Targeted,Targeted retention message for the next-ranked 10%,38851.33209999985,620.9312637671203,576,1805,Standard monitoring,Monitor customer value and churn risk; no paid intervention,churn-logistic-1.0.0
18248,2011-12-10,At-risk established,787.22,2,0.7499813056798259,1,0.4,Priority 3 - Nurture,Automated email nurture or product reminder,38851.33209999985,590.4002834572726,1083,1886,Standard monitoring,Monitor customer value and churn risk; no paid intervention,churn-logistic-1.0.0
18249,2011-12-10,Recent developing,95.34,1,0.8024504449593381,1,0.4,Priority 3 - Nurture,Automated email nurture or product reminder,38851.33209999985,76.50562542242331,733,3363,Standard monitoring,Monitor customer value and churn risk; no paid intervention,churn-logistic-1.0.0
18251,2011-12-10,Exceptional high-value,26278.86,9,0.482060999369567,1,0.4,Standard monitoring,Normal low-cost engagement; no paid retention incentive,38851.33209999985,12668.01351389294,2157,1,Priority 1 - Immediate,Account-manager outreach; prioritize the highest exposed customer value,churn-logistic-1.0.0
18252,2011-12-10,At-risk established,1542.09,7,0.5245483997279317,1,0.4,Standard monitoring,Normal low-cost engagement; no paid retention incentive,38851.33209999985,808.9008417364461,1997,1364,Priority 3 - Nurture,Low-cost relationship nurture for value protection,churn-logistic-1.0.0
18255,2011-12-10,Lapsed low-value,303.15,2,0.8938789649794724,1,0.4,Priority 1 - Immediate,Personalized outreach for the highest-ranked 10%; use segment and value,38851.33209999985,270.979408233527,106,2835,Standard monitoring,Monitor customer value and churn risk; no paid intervention,churn-logistic-1.0.0
18257,2011-12-10,Champions,4490.45,11,0.2249897819384343,0,0.4,Standard monitoring,Normal low-cost engagement; no paid retention incentive,38851.33209999985,1010.3053663054422,2885,1018,Priority 3 - Nurture,Low-cost relationship nurture for value protection,churn-logistic-1.0.0
18259,2011-12-10,Champions,4318.200000000001,7,0.4619742860083702,1,0.4,Standard monitoring,Normal low-cost engagement; no paid retention incentive,38851.33209999985,1994.8973618413445,2213,268,Priority 1 - Immediate,Account-manager outreach; prioritize the highest exposed customer value,churn-logistic-1.0.0
18260,2011-12-10,Champions,9744.97,23,0.3941168174710495,0,0.4,Standard monitoring,Normal low-cost engagement; no paid retention incentive,38851.33209999985,3840.656562750853,2436,49,Priority 1 - Immediate,Account-manager outreach; prioritize the highest exposed customer value,churn-logistic-1.0.0
18261,2011-12-10,Recent developing,324.24,2,0.6361483649080919,1,0.4,Priority 3 - Nurture,Automated email nurture or product reminder,38851.33209999985,206.26474583779972,1522,3014,Standard monitoring,Monitor customer value and churn risk; no paid intervention,churn-logistic-1.0.0
18262,2011-12-10,At-risk established,577.54,3,0.8295892509993188,1,0.4,Priority 2 - Targeted,Targeted retention message for the next-ranked 10%,38851.33209999985,479.1209760221465,480,2192,Standard monitoring,Monitor customer value and churn risk; no paid intervention,churn-logistic-1.0.0
18263,2011-12-10,Recent developing,1211.08,3,0.6207885407157241,1,0.4,Priority 3 - Nurture,Automated email nurture or product reminder,38851.33209999985,751.8245858899991,1606,1486,Priority 3 - Nurture,Low-cost relationship nurture for value protection,churn-logistic-1.0.0
18265,2011-12-10,Recent developing,801.51,2,0.6755812332322209,1,0.4,Priority 3 - Nurture,Automated email nurture or product reminder,38851.33209999985,541.4851142479573,1342,2008,Standard monitoring,Monitor customer value and churn risk; no paid intervention,churn-logistic-1.0.0
18268,2011-12-10,At-risk established,1451.22,6,0.7892087401335467,1,0.4,Priority 3 - Nurture,Automated email nurture or product reminder,38851.33209999985,1145.3155078566056,879,849,Priority 3 - Nurture,Low-cost relationship nurture for value protection,churn-logistic-1.0.0
18270,2011-12-10,Recent developing,406.3,3,0.762922614001137,1,0.4,Priority 3 - Nurture,Automated email nurture or product reminder,38851.33209999985,309.97545806866196,1036,2691,Standard monitoring,Monitor customer value and churn risk; no paid intervention,churn-logistic-1.0.0
18272,2011-12-10,Champions,4346.53,9,0.2578649753259646,0,0.4,Standard monitoring,Normal low-cost engagement; no paid retention incentive,38851.33209999985,1120.8178512035647,2805,879,Priority 3 - Nurture,Low-cost relationship nurture for value protection,churn-logistic-1.0.0
18273,2011-12-10,Recent developing,357.0,4,0.6612953544511113,1,0.4,Priority 3 - Nurture,Automated email nurture or product reminder,38851.33209999985,236.08244153904673,1397,2941,Standard monitoring,Monitor customer value and churn risk; no paid intervention,churn-logistic-1.0.0
18276,2011-12-10,At-risk established,1620.67,6,0.6283699352240216,1,0.4,Priority 3 - Nurture,Automated email nurture or product reminder,38851.33209999985,1018.3803029195152,1561,1007,Priority 3 - Nurture,Low-cost relationship nurture for value protection,churn-logistic-1.0.0
18277,2011-12-10,At-risk established,1159.35,5,0.7650728375544968,1,0.4,Priority 3 - Nurture,Automated email nurture or product reminder,38851.33209999985,886.9871942188058,1022,1232,Priority 3 - Nurture,Low-cost relationship nurture for value protection,churn-logistic-1.0.0
18278,2011-12-10,Recent developing,414.2000000000001,2,0.8733140765381382,1,0.4,Priority 1 - Immediate,Personalized outreach for the highest-ranked 10%; use segment and value,38851.33209999985,361.7266905020969,174,2539,Standard monitoring,Monitor customer value and churn risk; no paid intervention,churn-logistic-1.0.0
18282,2011-12-10,Recent developing,176.6,2,0.6678422953423792,1,0.4,Priority 3 - Nurture,Automated email nurture or product reminder,38851.33209999985,117.94094935746415,1373,3257,Standard monitoring,Monitor customer value and churn risk; no paid intervention,churn-logistic-1.0.0
18283,2011-12-10,Champions,2730.7,22,0.0348660881253123,0,0.4,Standard monitoring,Normal low-cost engagement; no paid retention incentive,38851.33209999985,95.20882684379029,3305,3318,Standard monitoring,Monitor customer value and churn risk; no paid intervention,churn-logistic-1.0.0
18287,2011-12-10,Champions,4132.99,7,0.5075562083148895,1,0.4,Standard monitoring,Normal low-cost engagement; no paid retention incentive,38851.33209999985,2097.724733403355,2067,242,Priority 1 - Immediate,Account-manager outreach; prioritize the highest exposed customer value,churn-logistic-1.0.0
